14-Oct-04,19.57
15-Oct-04,19.6
18-Oct-04,19.62
19-Oct-04,19.69
20-Oct-04,19.73
21-Oct-04,19.74
22-Oct-04,19.45
25-Oct-04,19.32
26-Oct-04,19.65
27-Oct-04,20.21
28-Oct-04,20.25
29-Oct-04,20.33
1-Nov-04,20.27
2-Nov-04,20.32
3-Nov-04,20.43
4-Nov-04,20.68
5-Nov-04,20.7
8-Nov-04,20.64
9-Nov-04,20.62
10-Nov-04,20.59
11-Nov-04,20.48
12-Nov-04,20.39
15-Nov-04,20.29
16-Nov-04,20.12
17-Nov-04,20.14
18-Nov-04,20.14
19-Nov-04,19.86
22-Nov-04,19.93
23-Nov-04,19.86
24-Nov-04,19.9
26-Nov-04,19.93
29-Nov-04,19.86
30-Nov-04,19.66
1-Dec-04,19.89
2-Dec-04,20.21
3-Dec-04,20.36
6-Dec-04,20.2
7-Dec-04,20.08
8-Dec-04,20.2
9-Dec-04,20.41
10-Dec-04,20.27
13-Dec-04,20.43
14-Dec-04,20.65
15-Dec-04,20.73
16-Dec-04,20.57
17-Dec-04,20.48
20-Dec-04,20.48
21-Dec-04,20.5
22-Dec-04,20.79
23-Dec-04,20.75
27-Dec-04,20.82
28-Dec-04,20.93
29-Dec-04,20.78
30-Dec-04,20.82
31-Dec-04,20.82
3-Jan-05,20.77
4-Jan-05,20.48
5-Jan-05,20.39
6-Jan-05,20.55
7-Jan-05,20.58
10-Jan-05,20.7
11-Jan-05,20.58
12-Jan-05,20.58
13-Jan-05,20.37
14-Jan-05,20.48
18-Jan-05,20.62
19-Jan-05,20.55
20-Jan-05,20.66
21-Jan-05,20.45
24-Jan-05,20.48
25-Jan-05,20.62
26-Jan-05,20.84
27-Jan-05,20.88
28-Jan-05,20.75
31-Jan-05,20.75
1-Feb-05,20.71
2-Feb-05,20.96
3-Feb-05,20.87
4-Feb-05,21.23
7-Feb-05,21.25
8-Feb-05,21.32
9-Feb-05,21.38
10-Feb-05,21.25
11-Feb-05,21.38
14-Feb-05,21.43
15-Feb-05,21.32
16-Feb-05,21.65
17-Feb-05,21.5
18-Feb-05,21.48
22-Feb-05,21.39
23-Feb-05,21.29
24-Feb-05,21.33
25-Feb-05,21.51
28-Feb-05,21.4
1-Mar-05,21.64
2-Mar-05,21.52
3-Mar-05,21.59
4-Mar-05,21.82
7-Mar-05,21.86
8-Mar-05,21.71
9-Mar-05,21.61
10-Mar-05,21.54
11-Mar-05,21.24
14-Mar-05,21.17
15-Mar-05,21.12
16-Mar-05,20.97
17-Mar-05,21
18-Mar-05,20.73
21-Mar-05,20.8
22-Mar-05,20.7
23-Mar-05,20.59
24-Mar-05,20.6
28-Mar-05,20.56
29-Mar-05,20.7
30-Mar-05,20.98
31-Mar-05,20.84
1-Apr-05,20.69
4-Apr-05,20.73
5-Apr-05,20.93
6-Apr-05,20.86
7-Apr-05,21.06
8-Apr-05,21.05
11-Apr-05,20.93
12-Apr-05,21.16
13-Apr-05,21.05
14-Apr-05,21.04
15-Apr-05,20.64
18-Apr-05,20.48
19-Apr-05,21.2
20-Apr-05,20.94
21-Apr-05,20.99
22-Apr-05,21.07
25-Apr-05,21.34
26-Apr-05,21.48
27-Apr-05,21.41
28-Apr-05,21.34
29-Apr-05,21.72
2-May-05,21.79
3-May-05,21.88
4-May-05,21.96
5-May-05,22.07
6-May-05,22.09
9-May-05,22.29
10-May-05,22.11
11-May-05,22.14
12-May-05,22.09
13-May-05,22.05
16-May-05,22.13
17-May-05,22.2
18-May-05,22.46
19-May-05,22.62
20-May-05,22.52
23-May-05,22.48
24-May-05,22.51
25-May-05,22.45
26-May-05,22.45
27-May-05,22.46
31-May-05,22.32
1-Jun-05,22.3
2-Jun-05,22.39
3-Jun-05,22.11
6-Jun-05,21.98
7-Jun-05,22.05
8-Jun-05,21.95
9-Jun-05,21.82
10-Jun-05,21.98
13-Jun-05,21.8
14-Jun-05,21.86
15-Jun-05,21.82
16-Jun-05,21.89
17-Jun-05,22.02
20-Jun-05,21.95
21-Jun-05,21.84
22-Jun-05,21.71
23-Jun-05,21.54
24-Jun-05,21.1
27-Jun-05,21.16
28-Jun-05,21.43
29-Jun-05,21.35
30-Jun-05,20.88
1-Jul-05,21.11
5-Jul-05,21.2
6-Jul-05,20.98
7-Jul-05,20.88
8-Jul-05,21.36
11-Jul-05,21.39
12-Jul-05,21.41
13-Jul-05,21.46
14-Jul-05,21.59
15-Jul-05,21.54
18-Jul-05,21.46
19-Jul-05,21.66
20-Jul-05,21.66
21-Jul-05,21.98
22-Jul-05,22.02
25-Jul-05,21.82
26-Jul-05,21.84
27-Jul-05,22
28-Jul-05,22.2
29-Jul-05,21.88
1-Aug-05,21.93
2-Aug-05,22.14
3-Aug-05,22.34
4-Aug-05,22.18
5-Aug-05,22.03
8-Aug-05,21.84
9-Aug-05,22.05
10-Aug-05,21.95
11-Aug-05,22.05
12-Aug-05,21.79
15-Aug-05,21.77
16-Aug-05,21.65
17-Aug-05,21.66
18-Aug-05,21.77
19-Aug-05,22.2
22-Aug-05,22.14
23-Aug-05,22.09
24-Aug-05,21.91
25-Aug-05,21.91
26-Aug-05,21.79
29-Aug-05,22
30-Aug-05,21.7
31-Aug-05,22
1-Sep-05,21.94
2-Sep-05,21.95
6-Sep-05,22.26
7-Sep-05,22.32
8-Sep-05,22.14
9-Sep-05,22.02
12-Sep-05,22.12
13-Sep-05,21.83
14-Sep-05,21.76
15-Sep-05,21.82
16-Sep-05,21.7
19-Sep-05,21.68
20-Sep-05,21.45
21-Sep-05,21.12
22-Sep-05,21.11
23-Sep-05,21.18
26-Sep-05,21.18
27-Sep-05,21.16
28-Sep-05,21.43
29-Sep-05,21.55
30-Sep-05,21.59
3-Oct-05,21.61
4-Oct-05,21.52
5-Oct-05,21.31
6-Oct-05,21.36
7-Oct-05,21.1
10-Oct-05,20.99
11-Oct-05,20.83
12-Oct-05,20.86
13-Oct-05,20.86
14-Oct-05,21.04
17-Oct-05,21.05
18-Oct-05,20.88
19-Oct-05,20.9
20-Oct-05,21.05
21-Oct-05,20.96
24-Oct-05,21.2
25-Oct-05,21.23
26-Oct-05,21.17
27-Oct-05,21.07
28-Oct-05,21.41
31-Oct-05,21.39
1-Nov-05,21.32
2-Nov-05,21.27
3-Nov-05,21.29
4-Nov-05,21.15
7-Nov-05,21.2
8-Nov-05,21.07
9-Nov-05,21.09
10-Nov-05,21.26
11-Nov-05,21.38
14-Nov-05,21.29
15-Nov-05,21.23
16-Nov-05,21.07
17-Nov-05,20.93
18-Nov-05,21.1
21-Nov-05,21.07
22-Nov-05,21.17
23-Nov-05,21.32
25-Nov-05,21.4
28-Nov-05,21.39
29-Nov-05,21.52
30-Nov-05,21.34
1-Dec-05,21.42
2-Dec-05,21.41
5-Dec-05,21.32
6-Dec-05,21.27
7-Dec-05,21.1
8-Dec-05,20.94
9-Dec-05,20.75
12-Dec-05,20.57
13-Dec-05,20.48
14-Dec-05,20.55
15-Dec-05,20.58
16-Dec-05,20.61
19-Dec-05,20.71
20-Dec-05,20.61
21-Dec-05,20.61
22-Dec-05,20.64
23-Dec-05,20.57
27-Dec-05,20.48
28-Dec-05,20.39
29-Dec-05,20.3
30-Dec-05,20.16
3-Jan-06,20.45
4-Jan-06,20.41
5-Jan-06,20.51
6-Jan-06,20.7
9-Jan-06,20.8
10-Jan-06,20.82
11-Jan-06,20.84
12-Jan-06,20.72
13-Jan-06,20.66
17-Jan-06,20.52
18-Jan-06,20.41
19-Jan-06,20.46
20-Jan-06,20.05
23-Jan-06,20.25
24-Jan-06,20.45
25-Jan-06,20.57
26-Jan-06,20.74
27-Jan-06,20.98
30-Jan-06,20.88
31-Jan-06,20.69
1-Feb-06,20.75
2-Feb-06,20.61
3-Feb-06,20.44
6-Feb-06,20.47
7-Feb-06,20.52
8-Feb-06,20.61
9-Feb-06,20.5
10-Feb-06,20.58
13-Feb-06,20.37
14-Feb-06,20.67
15-Feb-06,20.67
16-Feb-06,20.8
17-Feb-06,20.89
21-Feb-06,20.93
22-Feb-06,21.04
23-Feb-06,21.02
24-Feb-06,21.11
27-Feb-06,21.27
28-Feb-06,20.98
1-Mar-06,21.16
2-Mar-06,20.95
3-Mar-06,20.9
6-Mar-06,20.98
7-Mar-06,20.9
8-Mar-06,21.11
9-Mar-06,21.2
10-Mar-06,21.39
13-Mar-06,21.25
14-Mar-06,21.39
15-Mar-06,21.36
16-Mar-06,21.34
17-Mar-06,21.39
20-Mar-06,21.45
21-Mar-06,21.38
22-Mar-06,21.39
23-Mar-06,21.2
24-Mar-06,21.33
27-Mar-06,21.2
28-Mar-06,21.08
29-Mar-06,21.08
30-Mar-06,21.06
31-Mar-06,20.93
3-Apr-06,20.93
4-Apr-06,21.04
5-Apr-06,20.98
6-Apr-06,20.84
7-Apr-06,20.68
10-Apr-06,20.74
11-Apr-06,20.64
12-Apr-06,20.57
13-Apr-06,20.63
17-Apr-06,20.52
18-Apr-06,20.65
19-Apr-06,20.84
20-Apr-06,20.91
21-Apr-06,20.93
24-Apr-06,20.78
25-Apr-06,20.68
26-Apr-06,20.86
27-Apr-06,21.02
28-Apr-06,20.98
1-May-06,20.98
2-May-06,21.12
3-May-06,20.96
4-May-06,21.04
5-May-06,21.36
8-May-06,21.68
9-May-06,21.84
10-May-06,21.79
11-May-06,21.69
12-May-06,21.59
15-May-06,21.97
16-May-06,21.92
17-May-06,21.77
18-May-06,21.77
19-May-06,21.82
22-May-06,21.8
23-May-06,21.79
24-May-06,22.02
25-May-06,22.18
26-May-06,22.25
30-May-06,21.84
31-May-06,22.02
1-Jun-06,21.96
2-Jun-06,21.95
5-Jun-06,21.71
6-Jun-06,21.75
7-Jun-06,21.69
8-Jun-06,21.7
9-Jun-06,21.77
12-Jun-06,21.66
13-Jun-06,21.45
14-Jun-06,21.41
15-Jun-06,21.52
16-Jun-06,21.61
19-Jun-06,21.46
20-Jun-06,21.4
21-Jun-06,21.5
22-Jun-06,21.43
23-Jun-06,21.38
26-Jun-06,21.41
27-Jun-06,21.25
28-Jun-06,21.21
29-Jun-06,21.53
30-Jun-06,21.51
3-Jul-06,21.68
5-Jul-06,21.51
6-Jul-06,21.66
7-Jul-06,21.59
10-Jul-06,21.82
11-Jul-06,21.91
12-Jul-06,21.79
13-Jul-06,21.55
14-Jul-06,21.32
17-Jul-06,21.35
18-Jul-06,21.77
19-Jul-06,21.91
20-Jul-06,21.92
21-Jul-06,21.95
24-Jul-06,22
25-Jul-06,22.12
26-Jul-06,22.23
27-Jul-06,22.16
28-Jul-06,22.26
31-Jul-06,22.25
1-Aug-06,22.16
2-Aug-06,22.16
3-Aug-06,22.01
4-Aug-06,21.93
7-Aug-06,21.8
8-Aug-06,21.91
9-Aug-06,21.88
10-Aug-06,21.95
11-Aug-06,21.88
14-Aug-06,22
15-Aug-06,22.16
16-Aug-06,22.16
17-Aug-06,22.09
18-Aug-06,22.16
21-Aug-06,22.09
22-Aug-06,22.2
23-Aug-06,22.16
24-Aug-06,22.25
25-Aug-06,22.26
28-Aug-06,22.36
29-Aug-06,22.57
30-Aug-06,22.48
31-Aug-06,22.41
1-Sep-06,22.54
5-Sep-06,22.49
6-Sep-06,22.35
7-Sep-06,22.25
8-Sep-06,22.3
11-Sep-06,22.27
12-Sep-06,22.39
13-Sep-06,22.3
14-Sep-06,22.29
15-Sep-06,22.3
18-Sep-06,22.22
19-Sep-06,22.19
20-Sep-06,22.23
21-Sep-06,22.1
22-Sep-06,22
25-Sep-06,22.2
26-Sep-06,22.32
27-Sep-06,22.36
28-Sep-06,22.48
29-Sep-06,22.34
2-Oct-06,22.25
3-Oct-06,22.28
4-Oct-06,22.4
5-Oct-06,22.41
6-Oct-06,22.38
9-Oct-06,22.21
10-Oct-06,22.03
11-Oct-06,22.06
12-Oct-06,22.02
13-Oct-06,22.01
16-Oct-06,22.12
17-Oct-06,21.89
18-Oct-06,21.98
19-Oct-06,22.45
20-Oct-06,23.38
23-Oct-06,23.64
24-Oct-06,23.52
25-Oct-06,23.59
26-Oct-06,23.57
27-Oct-06,23.43
30-Oct-06,23.38
31-Oct-06,23.36
1-Nov-06,23.32
2-Nov-06,23.36
3-Nov-06,23.25
6-Nov-06,23.41
7-Nov-06,23.46
8-Nov-06,23.44
9-Nov-06,23.32
10-Nov-06,23.23
13-Nov-06,23.2
14-Nov-06,23.27
15-Nov-06,23.32
16-Nov-06,23.57
17-Nov-06,23.63
20-Nov-06,23.52
21-Nov-06,23.5
22-Nov-06,23.55
24-Nov-06,23.46
27-Nov-06,23.27
28-Nov-06,23.34
29-Nov-06,23.32
30-Nov-06,23.41
1-Dec-06,23.29
4-Dec-06,23.41
5-Dec-06,24
6-Dec-06,24.19
7-Dec-06,24.36
8-Dec-06,24.45
11-Dec-06,24.41
12-Dec-06,24.45
13-Dec-06,24.42
14-Dec-06,24.5
15-Dec-06,24.46
18-Dec-06,24.45
19-Dec-06,24.39
20-Dec-06,24.38
21-Dec-06,24.33
22-Dec-06,24.19
26-Dec-06,24.27
27-Dec-06,24.34
28-Dec-06,24.27
29-Dec-06,24.12
3-Jan-07,24.29
4-Jan-07,24.3
5-Jan-07,24.13
8-Jan-07,24.29
9-Jan-07,24.3
10-Jan-07,24.34
11-Jan-07,24.37
12-Jan-07,24.27
16-Jan-07,24.25
17-Jan-07,24.3
18-Jan-07,24.18
19-Jan-07,24.13
22-Jan-07,24.02
23-Jan-07,24.06
24-Jan-07,24.07
25-Jan-07,23.97
26-Jan-07,23.91
29-Jan-07,23.86
30-Jan-07,23.91
31-Jan-07,23.94
1-Feb-07,24.05
2-Feb-07,24.12
5-Feb-07,23.95
6-Feb-07,24.02
7-Feb-07,24.02
8-Feb-07,23.93
9-Feb-07,23.88
12-Feb-07,23.96
13-Feb-07,24.11
14-Feb-07,23.94
15-Feb-07,23.93
16-Feb-07,23.93
20-Feb-07,23.89
21-Feb-07,23.79
22-Feb-07,23.65
23-Feb-07,23.63
26-Feb-07,23.86
27-Feb-07,23.2
28-Feb-07,23.34
1-Mar-07,23.26
2-Mar-07,22.95
5-Mar-07,23.14
6-Mar-07,23.46
7-Mar-07,23.38
8-Mar-07,23.57
9-Mar-07,23.79
12-Mar-07,23.98
13-Mar-07,23.53
14-Mar-07,23.52
15-Mar-07,23.54
16-Mar-07,23.61
19-Mar-07,23.66
20-Mar-07,23.81
21-Mar-07,24.13
22-Mar-07,24.12
23-Mar-07,24.02
26-Mar-07,24.07
27-Mar-07,24.01
28-Mar-07,23.95
29-Mar-07,24.05
30-Mar-07,24
2-Apr-07,24.26
3-Apr-07,24.5
4-Apr-07,24.73
5-Apr-07,24.76
9-Apr-07,24.82
10-Apr-07,25.04
11-Apr-07,24.82
12-Apr-07,24.84
13-Apr-07,24.94
16-Apr-07,25.14
17-Apr-07,25.79
18-Apr-07,25.83
19-Apr-07,25.88
20-Apr-07,26.05
23-Apr-07,25.82
24-Apr-07,25.86
25-Apr-07,25.87
26-Apr-07,26.04
27-Apr-07,26.03
30-Apr-07,26.09
1-May-07,26.32
2-May-07,26.36
3-May-07,26.45
4-May-07,26.61
7-May-07,26.8
8-May-07,26.54
9-May-07,26.55
10-May-07,26.24
11-May-07,26.34
14-May-07,26.3
15-May-07,26.23
16-May-07,26.37
17-May-07,26.1
18-May-07,26.32
21-May-07,25.95
22-May-07,25.74
23-May-07,25.66
24-May-07,25.62
25-May-07,25.95
29-May-07,26.09
30-May-07,26.52
31-May-07,26.5
1-Jun-07,26.4
4-Jun-07,26.34
5-Jun-07,26.16
6-Jun-07,26
7-Jun-07,25.69
8-Jun-07,25.84
11-Jun-07,25.82
12-Jun-07,25.57
13-Jun-07,25.68
14-Jun-07,25.66
15-Jun-07,25.79
18-Jun-07,25.88
19-Jun-07,25.7
20-Jun-07,25.75
21-Jun-07,26.05
22-Jun-07,25.81
25-Jun-07,25.89
26-Jun-07,25.98
27-Jun-07,26.22
28-Jun-07,26.32
29-Jun-07,26.16
2-Jul-07,26.28
3-Jul-07,26.45
5-Jul-07,26.34
6-Jul-07,26.3
9-Jul-07,26.35
10-Jul-07,26.05
11-Jul-07,26.05
12-Jul-07,26.32
13-Jul-07,26.55
16-Jul-07,26.93
17-Jul-07,26.59
18-Jul-07,26.71
19-Jul-07,26.85
20-Jul-07,26.61
23-Jul-07,26.82
24-Jul-07,26.61
25-Jul-07,27.02
26-Jul-07,26.49
27-Jul-07,26.14
30-Jul-07,26.2
31-Jul-07,26.05
1-Aug-07,26.64
2-Aug-07,26.83
3-Aug-07,26.64
6-Aug-07,27.11
7-Aug-07,27.23
8-Aug-07,27.93
9-Aug-07,27.93
10-Aug-07,27.49
13-Aug-07,27.26
14-Aug-07,27.07
15-Aug-07,26.91
16-Aug-07,26.79
17-Aug-07,27.23
20-Aug-07,27.26
21-Aug-07,27.02
22-Aug-07,26.98
23-Aug-07,26.99
24-Aug-07,27
27-Aug-07,27
28-Aug-07,26.63
29-Aug-07,26.75
30-Aug-07,26.7
31-Aug-07,26.89
4-Sep-07,27.18
5-Sep-07,26.84
6-Sep-07,27.33
7-Sep-07,27.3
10-Sep-07,27.29
11-Sep-07,27.83
12-Sep-07,27.92
13-Sep-07,27.93
14-Sep-07,28.2
17-Sep-07,27.64
18-Sep-07,28.2
19-Sep-07,28.31
20-Sep-07,28.16
21-Sep-07,28.27
24-Sep-07,28.35
25-Sep-07,28.51
26-Sep-07,28.68
27-Sep-07,28.66
28-Sep-07,28.73
1-Oct-07,28.95
2-Oct-07,28.96
3-Oct-07,28.79
4-Oct-07,28.93
5-Oct-07,29.04
8-Oct-07,28.9
9-Oct-07,28.94
10-Oct-07,28.93
11-Oct-07,28.59
12-Oct-07,28.9
15-Oct-07,28.82
16-Oct-07,28.88
17-Oct-07,29.55
18-Oct-07,29.68
19-Oct-07,29.38
22-Oct-07,29.62
23-Oct-07,29.88
24-Oct-07,30.09
25-Oct-07,30.65
26-Oct-07,30.79
29-Oct-07,30.92
30-Oct-07,30.86
31-Oct-07,30.88
1-Nov-07,30.45
2-Nov-07,30.25
5-Nov-07,30.17
6-Nov-07,30.5
7-Nov-07,29.98
8-Nov-07,30.73
9-Nov-07,30.41
12-Nov-07,29.93
13-Nov-07,30.52
14-Nov-07,30.68
15-Nov-07,30.98
16-Nov-07,31.31
19-Nov-07,31.15
20-Nov-07,31.39
21-Nov-07,31.12
23-Nov-07,31.15
26-Nov-07,30.86
27-Nov-07,31.49
28-Nov-07,31.5
29-Nov-07,31.39
30-Nov-07,31.05
3-Dec-07,31.1
4-Dec-07,31.38
5-Dec-07,31.52
6-Dec-07,31.54
7-Dec-07,31.57
10-Dec-07,31.64
11-Dec-07,31.48
12-Dec-07,31.89
13-Dec-07,32.05
14-Dec-07,31.91
17-Dec-07,31.23
18-Dec-07,31.11
19-Dec-07,31.43
20-Dec-07,31.14
21-Dec-07,31.54
24-Dec-07,31.61
26-Dec-07,31.5
27-Dec-07,31.15
28-Dec-07,31.14
31-Dec-07,30.68
2-Jan-08,30.55
3-Jan-08,30.86
4-Jan-08,30.93
7-Jan-08,31.66
8-Jan-08,31.79
9-Jan-08,32.63
10-Jan-08,32.78
11-Jan-08,31.89
14-Jan-08,32.15
15-Jan-08,31.8
16-Jan-08,31.32
17-Jan-08,31.02
18-Jan-08,30.37
22-Jan-08,29.39
23-Jan-08,29.43
24-Jan-08,29.94
25-Jan-08,29.2
28-Jan-08,29.7
29-Jan-08,29.27
30-Jan-08,28.89
31-Jan-08,29.5
1-Feb-08,29.63
4-Feb-08,29.32
5-Feb-08,28.7
6-Feb-08,28.86
7-Feb-08,29.23
8-Feb-08,29.62
11-Feb-08,29.75
12-Feb-08,29.96
13-Feb-08,29.7
14-Feb-08,29.27
15-Feb-08,29.38
19-Feb-08,29.05
20-Feb-08,29.11
21-Feb-08,29
22-Feb-08,29.13
25-Feb-08,29.39
26-Feb-08,29.76
27-Feb-08,30.02
28-Feb-08,29.73
29-Feb-08,29.23
3-Mar-08,29.51
4-Mar-08,29.68
5-Mar-08,29.84
6-Mar-08,29.55
7-Mar-08,29.43
10-Mar-08,29.33
11-Mar-08,29.73
12-Mar-08,29.59
13-Mar-08,29.46
14-Mar-08,28.77
17-Mar-08,28.84
18-Mar-08,29.7
19-Mar-08,29.98
20-Mar-08,30.52
24-Mar-08,30.59
25-Mar-08,30.7
26-Mar-08,30.57
27-Mar-08,30.66
28-Mar-08,30.47
31-Mar-08,30.43
1-Apr-08,30.72
2-Apr-08,30.23
3-Apr-08,30.28
4-Apr-08,30.12
7-Apr-08,30.18
8-Apr-08,30.25
9-Apr-08,30.39
10-Apr-08,30.66
11-Apr-08,30.14
14-Apr-08,30.5
15-Apr-08,30.47
16-Apr-08,30.57
17-Apr-08,30.34
18-Apr-08,30.05
21-Apr-08,30.18
22-Apr-08,29.95
23-Apr-08,30.16
24-Apr-08,30.12
25-Apr-08,29.66
28-Apr-08,29.49
29-Apr-08,29.36
30-Apr-08,29.43
1-May-08,29.55
2-May-08,29.39
5-May-08,29.19
6-May-08,29.14
7-May-08,28.52
8-May-08,28.14
9-May-08,28.07
12-May-08,28.2
13-May-08,28.25
14-May-08,28.27
15-May-08,28.5
16-May-08,28.54
19-May-08,28.76
20-May-08,28.55
21-May-08,28.32
22-May-08,29.14
23-May-08,29.32
27-May-08,29.3
28-May-08,28.72
29-May-08,28.93
30-May-08,28.63
2-Jun-08,28.5
3-Jun-08,28.2
4-Jun-08,28.35
5-Jun-08,28.59
6-Jun-08,27.9
9-Jun-08,27.93
10-Jun-08,29
11-Jun-08,28.57
12-Jun-08,28.57
13-Jun-08,27.71
16-Jun-08,27.09
17-Jun-08,26.98
18-Jun-08,26.58
19-Jun-08,26.68
20-Jun-08,26.83
23-Jun-08,26.63
24-Jun-08,26.68
25-Jun-08,27.05
26-Jun-08,26.61
27-Jun-08,25.92
30-Jun-08,25.99
1-Jul-08,25.5
2-Jul-08,25.68
3-Jul-08,25.74
7-Jul-08,25.64
8-Jul-08,25.73
9-Jul-08,25.45
10-Jul-08,25.02
11-Jul-08,25.14
14-Jul-08,25.48
15-Jul-08,25.89
16-Jul-08,26.17
17-Jul-08,25.17
18-Jul-08,25.02
21-Jul-08,24.8
22-Jul-08,25.68
23-Jul-08,26.25
24-Jul-08,25.93
25-Jul-08,26.03
28-Jul-08,25.57
29-Jul-08,25.79
30-Jul-08,25.66
31-Jul-08,25.75
1-Aug-08,26.57
4-Aug-08,26.95
5-Aug-08,27.45
6-Aug-08,27.68
7-Aug-08,27
8-Aug-08,27.7
11-Aug-08,27.68
12-Aug-08,27.39
13-Aug-08,27.61
14-Aug-08,27.51
15-Aug-08,27.53
18-Aug-08,27.16
19-Aug-08,27.16
20-Aug-08,27.18
21-Aug-08,26.75
22-Aug-08,27.18
25-Aug-08,26.79
26-Aug-08,26.76
27-Aug-08,26.89
28-Aug-08,26.56
29-Aug-08,26.04
2-Sep-08,25.98
3-Sep-08,25.83
4-Sep-08,25.86
5-Sep-08,25.96
8-Sep-08,26.69
9-Sep-08,26.94
10-Sep-08,26.91
11-Sep-08,27.07
12-Sep-08,27.25
15-Sep-08,27.38
16-Sep-08,27.43
17-Sep-08,26.33
18-Sep-08,26.7
19-Sep-08,26.36
22-Sep-08,25.69
23-Sep-08,25.34
24-Sep-08,25.09
25-Sep-08,25.73
26-Sep-08,26.24
29-Sep-08,25.52
30-Sep-08,26.44
1-Oct-08,27.08
2-Oct-08,26.8
3-Oct-08,26.29
6-Oct-08,25.46
7-Oct-08,24.65
8-Oct-08,23.7
9-Oct-08,21.65
10-Oct-08,20.75
13-Oct-08,23.63
14-Oct-08,21.86
15-Oct-08,22.11
16-Oct-08,22.89
17-Oct-08,22.1
20-Oct-08,23.23
21-Oct-08,23.02
22-Oct-08,22.69
23-Oct-08,21.53
24-Oct-08,20.8
27-Oct-08,20.5
28-Oct-08,22.62
29-Oct-08,21.93
30-Oct-08,22.33
31-Oct-08,22.03
3-Nov-08,22.73
4-Nov-08,23.02
5-Nov-08,22.36
6-Nov-08,22.25
7-Nov-08,23.12
10-Nov-08,22.95
11-Nov-08,22.22
12-Nov-08,21.91
13-Nov-08,23.14
14-Nov-08,22.51
17-Nov-08,21.98
18-Nov-08,21.75
19-Nov-08,21.14
20-Nov-08,20.54
21-Nov-08,22
24-Nov-08,22.61
25-Nov-08,22.54
26-Nov-08,22.69
28-Nov-08,23.43
1-Dec-08,22.16
2-Dec-08,21.96
3-Dec-08,23.07
4-Dec-08,22.38
5-Dec-08,22.99
8-Dec-08,22.99
9-Dec-08,22.41
10-Dec-08,22.66
11-Dec-08,22.11
12-Dec-08,22.29
15-Dec-08,22.48
16-Dec-08,23.23
17-Dec-08,22.74
18-Dec-08,22.59
19-Dec-08,22.21
22-Dec-08,22.33
23-Dec-08,21.98
24-Dec-08,22.05
26-Dec-08,22.29
29-Dec-08,22.2
30-Dec-08,22.46
31-Dec-08,22.64
2-Jan-09,22.95
5-Jan-09,22.72
6-Jan-09,22.36
7-Jan-09,22.46
8-Jan-09,22.62
9-Jan-09,22.3
12-Jan-09,21.86
13-Jan-09,22.01
14-Jan-09,21.31
15-Jan-09,21.68
16-Jan-09,21.92
20-Jan-09,21.44
21-Jan-09,21.64
22-Jan-09,21.56
23-Jan-09,21.1
26-Jan-09,21.52
27-Jan-09,21.66
28-Jan-09,21.93
29-Jan-09,21.77
30-Jan-09,21.36
2-Feb-09,21.12
3-Feb-09,21.66
4-Feb-09,21.2
5-Feb-09,21.34
6-Feb-09,21.77
9-Feb-09,21.16
10-Feb-09,20.34
11-Feb-09,20.64
12-Feb-09,22.2
13-Feb-09,21.93
17-Feb-09,21.3
18-Feb-09,21.34
19-Feb-09,21.65
20-Feb-09,21.42
23-Feb-09,21.05
24-Feb-09,21.53
25-Feb-09,21.18
26-Feb-09,20.54
27-Feb-09,20.43
2-Mar-09,19.84
3-Mar-09,19.41
4-Mar-09,19.86
5-Mar-09,18.93
6-Mar-09,19.55
9-Mar-09,19.38
10-Mar-09,19.58
11-Mar-09,19.79
12-Mar-09,20.42
13-Mar-09,20.61
16-Mar-09,20.64
17-Mar-09,20.73
18-Mar-09,20.82
19-Mar-09,21.09
20-Mar-09,21.32
23-Mar-09,22.07
24-Mar-09,22.01
25-Mar-09,22.38
26-Mar-09,22.43
27-Mar-09,22.55
30-Mar-09,21.96
31-Mar-09,21.98
1-Apr-09,22.43
2-Apr-09,22.67
3-Apr-09,22.48
6-Apr-09,22.5
7-Apr-09,22.31
8-Apr-09,22.5
9-Apr-09,22.5
13-Apr-09,22.36
14-Apr-09,22.11
15-Apr-09,22.52
16-Apr-09,22.55
17-Apr-09,22.51
20-Apr-09,22.16
21-Apr-09,21.55
22-Apr-09,21.46
23-Apr-09,21.46
24-Apr-09,21.39
27-Apr-09,21.12
28-Apr-09,21.14
29-Apr-09,21.36
30-Apr-09,21.52
1-May-09,21.23
4-May-09,21.59
5-May-09,21.57
6-May-09,21.47
7-May-09,21.4
8-May-09,21.46
11-May-09,21.38
12-May-09,22.2
13-May-09,21.82
14-May-09,22.45
15-May-09,22.48
18-May-09,23.04
19-May-09,23.32
20-May-09,23.5
21-May-09,23.34
22-May-09,23.65
26-May-09,23.61
27-May-09,23.32
28-May-09,23.45
29-May-09,24.58
1-Jun-09,24.51
2-Jun-09,24.83
3-Jun-09,24.55
4-Jun-09,24.88
5-Jun-09,24.72
8-Jun-09,24.69
9-Jun-09,24.55
10-Jun-09,24.2
11-Jun-09,24.29
12-Jun-09,24.45
15-Jun-09,24.05
16-Jun-09,23.91
17-Jun-09,23.96
18-Jun-09,24.77
19-Jun-09,24.41
22-Jun-09,24
23-Jun-09,23.9
24-Jun-09,23.75
25-Jun-09,23.93
26-Jun-09,24.07
29-Jun-09,24.14
30-Jun-09,24
1-Jul-09,24.59
2-Jul-09,24.44
6-Jul-09,24.5
7-Jul-09,24.32
8-Jul-09,24.25
9-Jul-09,24.36
10-Jul-09,24.16
13-Jul-09,24.52
14-Jul-09,24.64
15-Jul-09,25.27
16-Jul-09,25.39
17-Jul-09,25.16
20-Jul-09,25.52
21-Jul-09,25.18
22-Jul-09,24.57
23-Jul-09,24.59
24-Jul-09,24.68
27-Jul-09,24.76
28-Jul-09,24.7
29-Jul-09,24.64
30-Jul-09,24.84
31-Jul-09,24.92
3-Aug-09,24.8
4-Aug-09,24.75
5-Aug-09,24.59
6-Aug-09,24.7
7-Aug-09,24.67
10-Aug-09,24.72
11-Aug-09,24.52
12-Aug-09,24.23
13-Aug-09,24.06
14-Aug-09,24.23
17-Aug-09,24.35
18-Aug-09,24.3
19-Aug-09,24.68
20-Aug-09,24.71
21-Aug-09,24.95
24-Aug-09,24.53
25-Aug-09,24.37
26-Aug-09,24.59
27-Aug-09,24.72
28-Aug-09,24.53
31-Aug-09,24.39
1-Sep-09,24.27
2-Sep-09,24.9
3-Sep-09,24.79
4-Sep-09,24.98
8-Sep-09,25.2
9-Sep-09,25.32
10-Sep-09,25.29
11-Sep-09,25.75
14-Sep-09,26.08
15-Sep-09,26.23
16-Sep-09,26.34
17-Sep-09,26.71
18-Sep-09,26.88
21-Sep-09,26.5
22-Sep-09,26.43
23-Sep-09,26.29
24-Sep-09,26.17
25-Sep-09,26.48
28-Sep-09,26.57
29-Sep-09,26.66
30-Sep-09,26.85
1-Oct-09,26.56
2-Oct-09,26.93
5-Oct-09,26.9
6-Oct-09,27.16
7-Oct-09,27.41
8-Oct-09,27.3
9-Oct-09,27.32
12-Oct-09,27.39
13-Oct-09,27.4
14-Oct-09,27.42
15-Oct-09,27.46
16-Oct-09,27.5
19-Oct-09,27.39
20-Oct-09,27.04
21-Oct-09,27.04
22-Oct-09,27.07
23-Oct-09,26.62
26-Oct-09,26.61
27-Oct-09,26.73
28-Oct-09,26.75
29-Oct-09,27.05
30-Oct-09,26.66
2-Nov-09,26.86
3-Nov-09,26.56
4-Nov-09,26.75
5-Nov-09,27.2
6-Nov-09,27.25
9-Nov-09,27.74
10-Nov-09,27.91
11-Nov-09,28.07
12-Nov-09,27.97
13-Nov-09,28.23
16-Nov-09,28.37
17-Nov-09,28.43
18-Nov-09,28.29
19-Nov-09,28.44
20-Nov-09,28.74
23-Nov-09,29.12
24-Nov-09,29.09
25-Nov-09,29.05
27-Nov-09,28.59
30-Nov-09,28.6
1-Dec-09,29.04
2-Dec-09,28.98
3-Dec-09,28.64
4-Dec-09,28.75
7-Dec-09,28.93
8-Dec-09,28.84
9-Dec-09,28.91
10-Dec-09,29.29
11-Dec-09,29.55
14-Dec-09,29.52
15-Dec-09,29.53
16-Dec-09,29.21
17-Dec-09,28.49
18-Dec-09,28.46
21-Dec-09,28.59
22-Dec-09,28.64
23-Dec-09,28.64
24-Dec-09,28.72
28-Dec-09,28.72
29-Dec-09,28.87
30-Dec-09,28.84
31-Dec-09,28.5
4-Jan-10,28.52
5-Jan-10,28.18
6-Jan-10,28.16
7-Jan-10,28.09
8-Jan-10,27.57
11-Jan-10,28.14
12-Jan-10,28.44
13-Jan-10,28.52
14-Jan-10,28.57
15-Jan-10,28.14
19-Jan-10,28.21
20-Jan-10,27.75
21-Jan-10,27.18
22-Jan-10,27.12
25-Jan-10,27.18
26-Jan-10,27.07
27-Jan-10,27.25
28-Jan-10,27.09
29-Jan-10,27.12
1-Feb-10,27.19
2-Feb-10,27.52
3-Feb-10,27.43
4-Feb-10,26.71
5-Feb-10,26.55
8-Feb-10,26.32
9-Feb-10,27
10-Feb-10,26.89
11-Feb-10,27.11
12-Feb-10,26.99
16-Feb-10,27.41
17-Feb-10,27.66
18-Feb-10,27.95
19-Feb-10,27.86
22-Feb-10,27.69
23-Feb-10,27.41
24-Feb-10,27.58
25-Feb-10,26.56
26-Feb-10,26.36
1-Mar-10,26.64
2-Mar-10,26.65
3-Mar-10,26.96
4-Mar-10,27.23
5-Mar-10,27.35
8-Mar-10,27.23
9-Mar-10,27.09
10-Mar-10,27.1
11-Mar-10,26.8
12-Mar-10,26.68
15-Mar-10,26.82
16-Mar-10,26.85
17-Mar-10,26.92
18-Mar-10,26.98
19-Mar-10,27.38
22-Mar-10,27.27
23-Mar-10,27.65
24-Mar-10,27.31
25-Mar-10,27.4
26-Mar-10,27.32
29-Mar-10,27.39
30-Mar-10,27.43
31-Mar-10,27.5
1-Apr-10,27.65
5-Apr-10,27.43
6-Apr-10,27.14
7-Apr-10,26.91
8-Apr-10,26.88
9-Apr-10,27.3
12-Apr-10,27.38
13-Apr-10,27.51
14-Apr-10,27.48
15-Apr-10,27.13
16-Apr-10,27.48
19-Apr-10,27.66
20-Apr-10,27.23
21-Apr-10,27.09
22-Apr-10,27.16
23-Apr-10,26.94
26-Apr-10,26.86
27-Apr-10,26.43
28-Apr-10,26.68
29-Apr-10,26.87
30-Apr-10,26.73
3-May-10,26.88
4-May-10,26.59
5-May-10,26.83
6-May-10,26.15
7-May-10,26.34
10-May-10,27.02
11-May-10,26.8
12-May-10,27.01
13-May-10,26.75
14-May-10,26.67
17-May-10,26.7
18-May-10,26.55
19-May-10,26.56
20-May-10,25.77
21-May-10,25.8
24-May-10,25.73
25-May-10,25.31
26-May-10,25.04
27-May-10,25.61
28-May-10,25.7
1-Jun-10,25.64
2-Jun-10,26.2
3-Jun-10,26.38
4-Jun-10,25.64
7-Jun-10,25.4
8-Jun-10,25.78
9-Jun-10,25.68
10-Jun-10,26.23
11-Jun-10,25.82
14-Jun-10,25.75
15-Jun-10,26.09
16-Jun-10,26.2
17-Jun-10,26.18
18-Jun-10,26.16
21-Jun-10,26.24
22-Jun-10,26.23
23-Jun-10,26.12
24-Jun-10,25.9
25-Jun-10,25.13
28-Jun-10,25.54
29-Jun-10,25.16
30-Jun-10,25.06
1-Jul-10,25.02
2-Jul-10,25.02
6-Jul-10,25.21
7-Jul-10,25.73
8-Jul-10,26.21
9-Jul-10,26.2
12-Jul-10,26.23
13-Jul-10,26.36
14-Jul-10,26.41
15-Jul-10,26.43
16-Jul-10,26.18
19-Jul-10,26.14
20-Jul-10,26.62
21-Jul-10,27.04
22-Jul-10,27.13
23-Jul-10,27.38
26-Jul-10,27.47
27-Jul-10,27.52
28-Jul-10,27.44
29-Jul-10,27.5
30-Jul-10,27.55
2-Aug-10,28.2
3-Aug-10,28.19
4-Aug-10,28.27
5-Aug-10,28.18
6-Aug-10,28.38
9-Aug-10,28.55
10-Aug-10,28.49
11-Aug-10,28.02
12-Aug-10,27.84
13-Aug-10,27.86
16-Aug-10,27.94
17-Aug-10,28.06
18-Aug-10,27.92
19-Aug-10,27.64
20-Aug-10,27.65
23-Aug-10,27.8
24-Aug-10,27.83
25-Aug-10,27.7
26-Aug-10,27.58
27-Aug-10,28.08
30-Aug-10,27.77
31-Aug-10,27.94
1-Sep-10,28.66
2-Sep-10,28.69
3-Sep-10,28.78
7-Sep-10,28.82
8-Sep-10,28.91
9-Sep-10,29.14
10-Sep-10,29.26
13-Sep-10,29.02
14-Sep-10,28.8
15-Sep-10,28.71
16-Sep-10,28.75
17-Sep-10,28.78
20-Sep-10,28.98
21-Sep-10,29.05
22-Sep-10,29.11
23-Sep-10,28.93
24-Sep-10,29.31
27-Sep-10,29.3
28-Sep-10,29.55
29-Sep-10,29.38
30-Sep-10,29.26
1-Oct-10,29.56
4-Oct-10,29.44
5-Oct-10,29.83
6-Oct-10,29.9
7-Oct-10,29.72
8-Oct-10,29.7
11-Oct-10,29.78
12-Oct-10,29.8
13-Oct-10,29.97
14-Oct-10,29.95
15-Oct-10,29.97
18-Oct-10,30
19-Oct-10,30.17
20-Oct-10,30.57
21-Oct-10,30.73
22-Oct-10,30.8
25-Oct-10,30.5
26-Oct-10,30.62
27-Oct-10,30.59
28-Oct-10,30.61
29-Oct-10,30.66
1-Nov-10,30.86
2-Nov-10,30.93
3-Nov-10,30.98
4-Nov-10,31.23
5-Nov-10,31.29
8-Nov-10,31.23
9-Nov-10,31.32
10-Nov-10,31.27
11-Nov-10,31.4
12-Nov-10,31.46
15-Nov-10,31.48
16-Nov-10,31.04
17-Nov-10,31.26
18-Nov-10,31.92
19-Nov-10,32.16
22-Nov-10,32.13
23-Nov-10,31.81
24-Nov-10,32.3
26-Nov-10,32.1
29-Nov-10,31.7
30-Nov-10,31.59
1-Dec-10,32.35
2-Dec-10,32.45
3-Dec-10,32.25
6-Dec-10,32
7-Dec-10,32.07
8-Dec-10,32.2
9-Dec-10,32.41
10-Dec-10,32.33
13-Dec-10,32.42
14-Dec-10,31.95
15-Dec-10,32.37
16-Dec-10,32.67
17-Dec-10,32.85
20-Dec-10,32.66
21-Dec-10,32.74
22-Dec-10,32.8
23-Dec-10,32.79
27-Dec-10,32.53
28-Dec-10,32.68
29-Dec-10,32.73
30-Dec-10,32.75
31-Dec-10,32.88
3-Jan-11,32.61
4-Jan-11,31.93
5-Jan-11,31.75
6-Jan-11,31.52
7-Jan-11,31.46
10-Jan-11,31.53
11-Jan-11,31.34
12-Jan-11,31.52
13-Jan-11,31.7
14-Jan-11,31.57
18-Jan-11,31.74
19-Jan-11,31.71
20-Jan-11,31.46
21-Jan-11,31.39
24-Jan-11,31.62
25-Jan-11,31.48
26-Jan-11,31.48
27-Jan-11,31.35
28-Jan-11,31.11
31-Jan-11,31.43
1-Feb-11,31.52
2-Feb-11,31.43
3-Feb-11,31.29
4-Feb-11,31.28
7-Feb-11,31.26
8-Feb-11,31.43
9-Feb-11,31.57
10-Feb-11,31.77
11-Feb-11,31.79
14-Feb-11,31.57
15-Feb-11,31.59
16-Feb-11,31.7
17-Feb-11,32.27
18-Feb-11,32.27
22-Feb-11,31.88
23-Feb-11,31.95
24-Feb-11,31.94
25-Feb-11,32.16
28-Feb-11,31.96
1-Mar-11,32.45
2-Mar-11,32.22
3-Mar-11,32.78
4-Mar-11,32.6
7-Mar-11,32.61
8-Mar-11,32.82
9-Mar-11,32.81
10-Mar-11,32.65
11-Mar-11,32.41
14-Mar-11,31.97
15-Mar-11,31.52
16-Mar-11,30.8
17-Mar-11,31.14
18-Mar-11,31.35
21-Mar-11,31.79
22-Mar-11,31.75
23-Mar-11,32.13
24-Mar-11,32.34
25-Mar-11,32.61
28-Mar-11,32.52
29-Mar-11,32.86
30-Mar-11,33.02
31-Mar-11,33.17
1-Apr-11,33.61
4-Apr-11,33.83
5-Apr-11,33.73
6-Apr-11,33.81
7-Apr-11,33.72
8-Apr-11,33.63
11-Apr-11,33.7
12-Apr-11,33.45
13-Apr-11,33.64
14-Apr-11,34.16
15-Apr-11,34.01
18-Apr-11,33.66
19-Apr-11,33.54
20-Apr-11,33.92
21-Apr-11,33.94
25-Apr-11,33.87
26-Apr-11,33.47
27-Apr-11,33.5
28-Apr-11,33.7
29-Apr-11,33.73
2-May-11,33.86
3-May-11,33.94
4-May-11,33.73
5-May-11,33.35
6-May-11,33.45
9-May-11,33.48
10-May-11,33.67
11-May-11,33.66
12-May-11,34.16
13-May-11,34.09
16-May-11,33.91
17-May-11,33.99
18-May-11,34.15
19-May-11,34.23
20-May-11,34.15
23-May-11,33.74
24-May-11,33.73
25-May-11,33.45
26-May-11,33.35
27-May-11,33.26
31-May-11,33.41
1-Jun-11,33.38
2-Jun-11,33.02
3-Jun-11,32.77
6-Jun-11,32.71
7-Jun-11,32.6
8-Jun-11,32.7
9-Jun-11,32.95
10-Jun-11,32.7
13-Jun-11,32.56
14-Jun-11,32.8
15-Jun-11,32.48
16-Jun-11,32.74
17-Jun-11,32.81
20-Jun-11,32.91
21-Jun-11,33.13
22-Jun-11,33.2
23-Jun-11,32.49
24-Jun-11,32.47
27-Jun-11,32.6
28-Jun-11,33.02
29-Jun-11,33.35
30-Jun-11,33.65
1-Jul-11,34.05
5-Jul-11,34.15
6-Jul-11,34.27
7-Jul-11,34.38
8-Jul-11,34.34
11-Jul-11,34.05
12-Jul-11,33.92
13-Jul-11,34.03
14-Jul-11,33.84
15-Jul-11,33.77
18-Jul-11,33.56
19-Jul-11,34.66
20-Jul-11,34.44
21-Jul-11,34.67
22-Jul-11,34.87
25-Jul-11,34.63
26-Jul-11,34.59
27-Jul-11,34.34
28-Jul-11,34.41
29-Jul-11,34.01
1-Aug-11,33.87
2-Aug-11,33.53
3-Aug-11,34.2
4-Aug-11,32.91
5-Aug-11,33.38
8-Aug-11,32.56
9-Aug-11,33.34
10-Aug-11,31.98
11-Aug-11,33.23
12-Aug-11,33.57
15-Aug-11,34.1
16-Aug-11,34.09
17-Aug-11,34.64
18-Aug-11,33.88
19-Aug-11,33.55
22-Aug-11,33.63
23-Aug-11,34.53
24-Aug-11,34.84
25-Aug-11,33.98
26-Aug-11,34.25
29-Aug-11,34.87
30-Aug-11,34.93
31-Aug-11,35.23
1-Sep-11,35.23
2-Sep-11,34.87
6-Sep-11,34.72
7-Sep-11,35.4
8-Sep-11,35.59
9-Sep-11,34.69
12-Sep-11,34.69
13-Sep-11,34.55
14-Sep-11,34.88
15-Sep-11,35.51
16-Sep-11,35.62
19-Sep-11,35.24
20-Sep-11,35.33
21-Sep-11,34.64
22-Sep-11,33.91
23-Sep-11,33.71
26-Sep-11,34.38
27-Sep-11,34.78
28-Sep-11,34.03
29-Sep-11,34.52
30-Sep-11,33.78
3-Oct-11,32.71
4-Oct-11,32.62
5-Oct-11,32.77
6-Oct-11,32.7
7-Oct-11,32.95
10-Oct-11,33.45
11-Oct-11,33.4
12-Oct-11,33.74
13-Oct-11,33.7
14-Oct-11,33.92
17-Oct-11,33.5
18-Oct-11,33.37
19-Oct-11,33.52
20-Oct-11,33.56
21-Oct-11,34.09
24-Oct-11,33.94
25-Oct-11,33.48
26-Oct-11,33.73
27-Oct-11,34.28
28-Oct-11,34.47
31-Oct-11,34.16
1-Nov-11,33.52
2-Nov-11,33.88
3-Nov-11,34.33
4-Nov-11,33.89
7-Nov-11,34.1
8-Nov-11,34.33
9-Nov-11,33.52
10-Nov-11,33.7
11-Nov-11,34.06
14-Nov-11,33.9
15-Nov-11,34
16-Nov-11,33.51
17-Nov-11,33.31
18-Nov-11,33.7
21-Nov-11,32.98
22-Nov-11,32.98
23-Nov-11,32.44
25-Nov-11,32.37
28-Nov-11,32.59
29-Nov-11,33.09
30-Nov-11,33.62
1-Dec-11,33.41
2-Dec-11,33.19
5-Dec-11,33.16
6-Dec-11,33.34
7-Dec-11,33.39
8-Dec-11,33.37
9-Dec-11,33.78
12-Dec-11,33.45
13-Dec-11,33.24
14-Dec-11,33.13
15-Dec-11,33.45
16-Dec-11,33.72
19-Dec-11,33.69
20-Dec-11,34.2
21-Dec-11,34.78
22-Dec-11,34.59
23-Dec-11,34.97
27-Dec-11,34.94
28-Dec-11,34.76
29-Dec-11,35.08
30-Dec-11,34.98
3-Jan-12,35.07
4-Jan-12,34.85
5-Jan-12,34.69
6-Jan-12,34.47
9-Jan-12,34.47
10-Jan-12,34.67
11-Jan-12,34.03
12-Jan-12,33.78
13-Jan-12,33.49
17-Jan-12,33.67
18-Jan-12,33.8
19-Jan-12,33.73
20-Jan-12,34.05
23-Jan-12,34.27
24-Jan-12,33.95
25-Jan-12,34.22
26-Jan-12,34.01
27-Jan-12,33.72
30-Jan-12,33.73
31-Jan-12,33.77
1-Feb-12,33.92
2-Feb-12,33.91
3-Feb-12,34.04
6-Feb-12,34.02
7-Feb-12,34.27
8-Feb-12,34.16
9-Feb-12,33.98
10-Feb-12,33.97
13-Feb-12,34.22
14-Feb-12,34.45
15-Feb-12,34.2
16-Feb-12,34.43
17-Feb-12,34.52
21-Feb-12,34.41
22-Feb-12,34.62
23-Feb-12,34.59
24-Feb-12,34.5
27-Feb-12,34.41
28-Feb-12,34.42
29-Feb-12,34.93
1-Mar-12,34.8
2-Mar-12,34.59
5-Mar-12,34.62
6-Mar-12,34.38
7-Mar-12,34.4
8-Mar-12,34.63
9-Mar-12,34.76
12-Mar-12,35.08
13-Mar-12,35.12
14-Mar-12,35.11
15-Mar-12,35.16
16-Mar-12,35.08
19-Mar-12,35.2
20-Mar-12,35.3
21-Mar-12,35.56
22-Mar-12,35.71
23-Mar-12,35.74
26-Mar-12,35.95
27-Mar-12,35.94
28-Mar-12,36.33
29-Mar-12,36.91
30-Mar-12,37.01
2-Apr-12,37.07
3-Apr-12,36.88
4-Apr-12,36.73
5-Apr-12,36.73
9-Apr-12,36.44
10-Apr-12,36.01
11-Apr-12,36.06
12-Apr-12,36.11
13-Apr-12,35.97
16-Apr-12,36.22
17-Apr-12,36.98
18-Apr-12,37.09
19-Apr-12,36.91
20-Apr-12,37.06
23-Apr-12,36.84
24-Apr-12,37.06
25-Apr-12,37.47
26-Apr-12,37.85
27-Apr-12,38.31
30-Apr-12,38.16
1-May-12,38.47
2-May-12,38.58
3-May-12,38.72
4-May-12,38.5
7-May-12,38.64
8-May-12,38.57
9-May-12,38.39
10-May-12,38.7
11-May-12,38.73
14-May-12,38.44
15-May-12,38.28
16-May-12,38.16
17-May-12,37.56
18-May-12,37.02
21-May-12,37.26
22-May-12,37.09
23-May-12,37.27
24-May-12,37.78
25-May-12,37.62
29-May-12,37.73
30-May-12,37.53
31-May-12,37.37
1-Jun-12,36.55
4-Jun-12,36.82
5-Jun-12,36.62
6-Jun-12,37.3
7-Jun-12,37.14
8-Jun-12,37.62
11-Jun-12,37.33
12-Jun-12,37.6
13-Jun-12,37.34
14-Jun-12,37.87
15-Jun-12,38.05
18-Jun-12,37.99
19-Jun-12,37.87
20-Jun-12,37.78
21-Jun-12,37.34
22-Jun-12,37.47
25-Jun-12,37.38
26-Jun-12,37.54
27-Jun-12,38.17
28-Jun-12,38.28
29-Jun-12,39.09
2-Jul-12,39.46
3-Jul-12,39.58
5-Jul-12,39.23
6-Jul-12,39.08
9-Jul-12,38.99
10-Jul-12,38.99
11-Jul-12,38.73
12-Jul-12,38.32
13-Jul-12,38.64
16-Jul-12,38.24
17-Jul-12,38.84
18-Jul-12,38.72
19-Jul-12,38.77
20-Jul-12,38.52
23-Jul-12,38.44
24-Jul-12,38.33
25-Jul-12,38.51
26-Jul-12,39.42
27-Jul-12,40.01
30-Jul-12,40.56
31-Jul-12,40.4
1-Aug-12,40.51
2-Aug-12,39.88
3-Aug-12,40.41
6-Aug-12,40.32
7-Aug-12,39.88
8-Aug-12,39.78
9-Aug-12,39.62
10-Aug-12,39.4
13-Aug-12,39.3
14-Aug-12,39.38
15-Aug-12,39.35
16-Aug-12,39.55
17-Aug-12,39.53
20-Aug-12,39.47
21-Aug-12,39.26
22-Aug-12,38.77
23-Aug-12,38.11
24-Aug-12,38.47
27-Aug-12,38.17
28-Aug-12,38
29-Aug-12,37.46
30-Aug-12,37.14
31-Aug-12,37.4
4-Sep-12,37.28
5-Sep-12,37.51
6-Sep-12,38.15
7-Sep-12,37.9
10-Sep-12,37.66
11-Sep-12,37.77
12-Sep-12,37.55
13-Sep-12,38.35
14-Sep-12,38.12
17-Sep-12,38.35
18-Sep-12,38.62
19-Sep-12,38.52
20-Sep-12,38.64
21-Sep-12,38.03
24-Sep-12,38.12
25-Sep-12,37.68
26-Sep-12,37.76
27-Sep-12,38.31
28-Sep-12,37.93
1-Oct-12,38.38
2-Oct-12,38.34
3-Oct-12,38.24
4-Oct-12,38.33
5-Oct-12,38.58
8-Oct-12,38.58
9-Oct-12,38.56
10-Oct-12,38.09
11-Oct-12,38.11
12-Oct-12,38.23
15-Oct-12,38.13
16-Oct-12,37.9
17-Oct-12,37.74
18-Oct-12,37.84
19-Oct-12,37.4
22-Oct-12,37.23
23-Oct-12,36.61
24-Oct-12,36.88
25-Oct-12,37.09
26-Oct-12,37.04
31-Oct-12,37.18
1-Nov-12,37.33
2-Nov-12,37.08
5-Nov-12,36.77
6-Nov-12,37.42
7-Nov-12,36.72
8-Nov-12,36.36
9-Nov-12,36.29
12-Nov-12,36.08
13-Nov-12,36.16
14-Nov-12,36.01
15-Nov-12,36.43
16-Nov-12,36.56
19-Nov-12,37.24
20-Nov-12,37.25
21-Nov-12,37.39
23-Nov-12,37.93
26-Nov-12,37.36
27-Nov-12,37.42
28-Nov-12,37.56
29-Nov-12,37.97
30-Nov-12,37.92
3-Dec-12,37.38
4-Dec-12,37.15
5-Dec-12,37.31
6-Dec-12,37.38
7-Dec-12,37.71
10-Dec-12,37.64
11-Dec-12,37.86
12-Dec-12,37.64
13-Dec-12,37.6
14-Dec-12,37.66
17-Dec-12,37.5
18-Dec-12,37.28
19-Dec-12,36.78
20-Dec-12,37.05
21-Dec-12,36.89
24-Dec-12,36.73
26-Dec-12,36.42
27-Dec-12,36.42
28-Dec-12,35.97
31-Dec-12,36.25
2-Jan-13,37.6
3-Jan-13,37.6
4-Jan-13,37.66
7-Jan-13,37.3
8-Jan-13,37.04
9-Jan-13,37.03
10-Jan-13,36.96
11-Jan-13,36.91
14-Jan-13,36.99
15-Jan-13,37.32
16-Jan-13,37.32
17-Jan-13,37.51
18-Jan-13,37.7
22-Jan-13,37.13
23-Jan-13,37.13
24-Jan-13,37.11
25-Jan-13,37.05
28-Jan-13,37.01
29-Jan-13,37.42
30-Jan-13,37.5
31-Jan-13,37.24
1-Feb-13,37.54
4-Feb-13,37.35
5-Feb-13,38.14
6-Feb-13,38.31
7-Feb-13,38.91
8-Feb-13,38.77
11-Feb-13,38.61
12-Feb-13,37.56
13-Feb-13,37.21
14-Feb-13,36.84
15-Feb-13,37.42
19-Feb-13,37.67
20-Feb-13,37.73
21-Feb-13,37.71
22-Feb-13,38.52
25-Feb-13,37.72
26-Feb-13,38.11
27-Feb-13,38.45
28-Feb-13,38.72
1-Mar-13,38.7
4-Mar-13,38.82
5-Mar-13,38.68
6-Mar-13,39.02
7-Mar-13,39.12
8-Mar-13,39.22
11-Mar-13,39.31
12-Mar-13,38.96
13-Mar-13,38.59
14-Mar-13,39.02
15-Mar-13,38.83
18-Mar-13,38.76
19-Mar-13,39.33
20-Mar-13,39.87
21-Mar-13,40.07
22-Mar-13,40.04
25-Mar-13,40.12
26-Mar-13,40.69
27-Mar-13,40.22
28-Mar-13,40.44
1-Apr-13,40.45
2-Apr-13,40.72
3-Apr-13,40.17
4-Apr-13,40.54
5-Apr-13,40.08
8-Apr-13,40.86
9-Apr-13,40.71
10-Apr-13,41.07
11-Apr-13,41.18
12-Apr-13,41.08
15-Apr-13,40.09
16-Apr-13,42.37
17-Apr-13,42.55
18-Apr-13,42.1
19-Apr-13,42.66
22-Apr-13,42.72
23-Apr-13,42.7
24-Apr-13,42.15
25-Apr-13,42.35
26-Apr-13,42.1
29-Apr-13,42.24
30-Apr-13,42.33
1-May-13,42.21
2-May-13,41.96
3-May-13,42.24
6-May-13,42.08
7-May-13,42.7
8-May-13,42.46
9-May-13,42.12
10-May-13,42.15
13-May-13,42.19
14-May-13,42.52
15-May-13,42.92
16-May-13,43.09
17-May-13,42.97
20-May-13,42.38
21-May-13,42.34
22-May-13,42.25
23-May-13,41.93
24-May-13,42.24
28-May-13,42.55
29-May-13,41.4
30-May-13,40.77
31-May-13,39.99
3-Jun-13,40.81
4-Jun-13,41.42
5-Jun-13,40.65
6-Jun-13,40.79
7-Jun-13,41.41
10-Jun-13,41.18
11-Jun-13,40.79
12-Jun-13,40.39
13-Jun-13,40.41
14-Jun-13,40.34
17-Jun-13,40.68
18-Jun-13,40.93
19-Jun-13,40.41
20-Jun-13,39.13
21-Jun-13,39.76
24-Jun-13,39.53
25-Jun-13,39.72
26-Jun-13,40.33
27-Jun-13,40.26
28-Jun-13,40.11
1-Jul-13,40.46
2-Jul-13,40.37
3-Jul-13,40.49
5-Jul-13,40.52
8-Jul-13,40.54
9-Jul-13,40.83
10-Jul-13,40.68
11-Jul-13,41.03
12-Jul-13,41.03
15-Jul-13,41.01
16-Jul-13,40.23
17-Jul-13,40.84
18-Jul-13,40.81
19-Jul-13,41.09
22-Jul-13,40.84
23-Jul-13,40.96
24-Jul-13,40.86
25-Jul-13,40.84
26-Jul-13,40.64
29-Jul-13,40.28
30-Jul-13,40.32
31-Jul-13,40.08
1-Aug-13,40.57
2-Aug-13,40.22
5-Aug-13,40.29
6-Aug-13,40.37
7-Aug-13,40.15
8-Aug-13,40.2
9-Aug-13,40.16
12-Aug-13,39.83
13-Aug-13,39.65
14-Aug-13,39.53
15-Aug-13,39.09
16-Aug-13,39.05
19-Aug-13,38.78
20-Aug-13,38.65
21-Aug-13,38.28
22-Aug-13,38.31
23-Aug-13,38.52
26-Aug-13,38.12
27-Aug-13,38.15
28-Aug-13,38.35
29-Aug-13,38.1
30-Aug-13,38.18
3-Sep-13,37.9
4-Sep-13,38.54
5-Sep-13,38.24
6-Sep-13,38.35
9-Sep-13,38.52
10-Sep-13,38.63
11-Sep-13,38.78
12-Sep-13,38.44
13-Sep-13,38.69
16-Sep-13,38.86
17-Sep-13,38.79
18-Sep-13,39.59
19-Sep-13,39.31
20-Sep-13,39.4
23-Sep-13,38.63
24-Sep-13,38.53
25-Sep-13,38.33
26-Sep-13,38.74
27-Sep-13,38.4
30-Sep-13,37.88
1-Oct-13,37.95
2-Oct-13,37.43
3-Oct-13,37.16
4-Oct-13,37.2
7-Oct-13,37.05
8-Oct-13,37.28
9-Oct-13,37.08
10-Oct-13,37.78
11-Oct-13,37.77
14-Oct-13,37.91
15-Oct-13,37.66
16-Oct-13,38
17-Oct-13,38.55
18-Oct-13,38.78
21-Oct-13,38.82
22-Oct-13,39.09
23-Oct-13,39.09
24-Oct-13,38.8
25-Oct-13,39.03
28-Oct-13,39.61
29-Oct-13,39.8
30-Oct-13,39.62
31-Oct-13,39.57
1-Nov-13,39.61
4-Nov-13,39.51
5-Nov-13,39.5
6-Nov-13,40.05
7-Nov-13,39.83
8-Nov-13,40.05
11-Nov-13,39.87
12-Nov-13,39.88
13-Nov-13,40.12
14-Nov-13,40.21
15-Nov-13,40.22
18-Nov-13,40.17
19-Nov-13,40.14
20-Nov-13,40.06
21-Nov-13,40.43
22-Nov-13,40.43
25-Nov-13,40.37
26-Nov-13,40.25
27-Nov-13,40.19
29-Nov-13,40.19
2-Dec-13,40.08
3-Dec-13,40.35
4-Dec-13,40.37
5-Dec-13,39.83
6-Dec-13,40.46
9-Dec-13,40.4
10-Dec-13,39.85
11-Dec-13,40.13
12-Dec-13,39.21
13-Dec-13,39.23
16-Dec-13,39.27
17-Dec-13,39.1
18-Dec-13,40.02
19-Dec-13,39.86
20-Dec-13,40.04
23-Dec-13,40.16
24-Dec-13,40.19
26-Dec-13,40.49
27-Dec-13,40.66
30-Dec-13,41.09
31-Dec-13,41.31
2-Jan-14,40.66
3-Jan-14,40.46
6-Jan-14,40.27
7-Jan-14,40.39
8-Jan-14,39.94
9-Jan-14,39.73
10-Jan-14,40.13
13-Jan-14,39.53
14-Jan-14,39.69
15-Jan-14,39.76
16-Jan-14,39.71
17-Jan-14,39.28
21-Jan-14,39.92
22-Jan-14,39.9
23-Jan-14,39.24
24-Jan-14,38.84
27-Jan-14,38.73
28-Jan-14,38.87
29-Jan-14,37.9
30-Jan-14,38.17
31-Jan-14,37.82
3-Feb-14,37.2
4-Feb-14,37.48
5-Feb-14,37.61
6-Feb-14,38.03
7-Feb-14,37.95
10-Feb-14,38.57
11-Feb-14,38.64
12-Feb-14,38.51
13-Feb-14,38.65
14-Feb-14,38.93
18-Feb-14,37.47
19-Feb-14,37.1
20-Feb-14,37.3
21-Feb-14,37.18
24-Feb-14,37.5
25-Feb-14,37.77
26-Feb-14,37.87
27-Feb-14,38.07
28-Feb-14,38.2
3-Mar-14,38.12
4-Mar-14,38.31
5-Mar-14,38.35
6-Mar-14,38.47
7-Mar-14,38.55
10-Mar-14,38.65
11-Mar-14,38.8
12-Mar-14,38.47
13-Mar-14,37.97
14-Mar-14,38.17
17-Mar-14,38.27
18-Mar-14,38.4
19-Mar-14,38.14
20-Mar-14,38.45
21-Mar-14,38.44
24-Mar-14,38.4
25-Mar-14,38.62
26-Mar-14,38.61
27-Mar-14,38.82
28-Mar-14,38.95
31-Mar-14,38.66
1-Apr-14,38.41
2-Apr-14,38.33
3-Apr-14,38.07
4-Apr-14,38.22
7-Apr-14,38.62
8-Apr-14,38.9
9-Apr-14,38.99
10-Apr-14,38.89
11-Apr-14,38.63
14-Apr-14,38.73
15-Apr-14,40.18
16-Apr-14,40.59
17-Apr-14,40.72
21-Apr-14,40.75
22-Apr-14,40.71
23-Apr-14,40.73
24-Apr-14,40.7
25-Apr-14,41.01
28-Apr-14,41.03
29-Apr-14,40.57
30-Apr-14,40.79
1-May-14,40.78
2-May-14,40.95
5-May-14,40.76
6-May-14,40.49
7-May-14,40.91
8-May-14,40.73
9-May-14,40.87
12-May-14,40.82
13-May-14,41.11
14-May-14,40.89
15-May-14,40.52
16-May-14,40.89
19-May-14,40.71
20-May-14,40.58
21-May-14,40.87
22-May-14,40.58
23-May-14,40.58
27-May-14,40.77
28-May-14,40.58
29-May-14,40.66
30-May-14,40.91
2-Jun-14,40.86
3-Jun-14,40.88
4-Jun-14,40.79
5-Jun-14,40.89
6-Jun-14,40.99
9-Jun-14,40.91
10-Jun-14,41.07
11-Jun-14,40.86
12-Jun-14,40.42
13-Jun-14,40.37
16-Jun-14,40.66
17-Jun-14,40.92
18-Jun-14,41.56
19-Jun-14,41.79
20-Jun-14,41.69
23-Jun-14,41.73
24-Jun-14,41.85
25-Jun-14,41.96
26-Jun-14,42.03
27-Jun-14,42.19
30-Jun-14,42.36
1-Jul-14,42.29
2-Jul-14,42.29
3-Jul-14,42.23
7-Jul-14,42.14
8-Jul-14,41.94
9-Jul-14,41.95
10-Jul-14,42.26
11-Jul-14,41.97
14-Jul-14,42.38
15-Jul-14,42.1
16-Jul-14,42.12
17-Jul-14,42.02
18-Jul-14,42.43
21-Jul-14,42.4
22-Jul-14,41.19
23-Jul-14,40.81
24-Jul-14,40.97
25-Jul-14,41
28-Jul-14,40.68
29-Jul-14,40.35
30-Jul-14,39.62
31-Jul-14,39.29
1-Aug-14,39.29
4-Aug-14,39.4
5-Aug-14,39.18
6-Aug-14,39.92
7-Aug-14,39.35
8-Aug-14,39.45
11-Aug-14,39.57
12-Aug-14,39.68
13-Aug-14,39.94
14-Aug-14,40.18
15-Aug-14,40.88
18-Aug-14,41.35
19-Aug-14,41.26
20-Aug-14,41.25
21-Aug-14,41.41
22-Aug-14,41.12
25-Aug-14,41.41
26-Aug-14,41.6
27-Aug-14,41.6
28-Aug-14,41.63
29-Aug-14,41.72
2-Sep-14,41.64
3-Sep-14,41.78
4-Sep-14,41.87
5-Sep-14,41.84
8-Sep-14,41.78
9-Sep-14,41.94
10-Sep-14,42.17
11-Sep-14,41.95
12-Sep-14,41.46
15-Sep-14,41.5
16-Sep-14,41.64
17-Sep-14,41.61
18-Sep-14,41.79
19-Sep-14,42.05
22-Sep-14,42.22
23-Sep-14,41.89
24-Sep-14,42.27
25-Sep-14,41.78
26-Sep-14,42.2
29-Sep-14,42.25
30-Sep-14,42.66
1-Oct-14,42.74
2-Oct-14,42.66
3-Oct-14,43
6-Oct-14,43.6
7-Oct-14,43.92
8-Oct-14,44.55
9-Oct-14,43.87
10-Oct-14,44.47
13-Oct-14,44.07
14-Oct-14,43.64
15-Oct-14,43.23
16-Oct-14,42.56
17-Oct-14,42.88
20-Oct-14,43.29
21-Oct-14,40.68
22-Oct-14,40.62
23-Oct-14,40.86
24-Oct-14,41.03
27-Oct-14,40.76
28-Oct-14,40.56
29-Oct-14,40.96
30-Oct-14,41.4
31-Oct-14,41.88
3-Nov-14,41.81
4-Nov-14,41.82
5-Nov-14,42.31
6-Nov-14,42.29
7-Nov-14,42.32
10-Nov-14,42.39
11-Nov-14,42.51
12-Nov-14,42.71
13-Nov-14,42.79
14-Nov-14,42.73
17-Nov-14,42.92
18-Nov-14,43.53
19-Nov-14,44.22
20-Nov-14,44.25
21-Nov-14,44.5
24-Nov-14,44.27
25-Nov-14,44.43
26-Nov-14,44.29
28-Nov-14,44.83
1-Dec-14,44.55
2-Dec-14,44.54
3-Dec-14,43.8
4-Dec-14,43.5
5-Dec-14,43.53
8-Dec-14,43.14
9-Dec-14,42.04
10-Dec-14,41.6
11-Dec-14,41.53
12-Dec-14,40.91
15-Dec-14,40.57
16-Dec-14,40.39
17-Dec-14,41.55
18-Dec-14,42.39
19-Dec-14,41.95
22-Dec-14,42.35
23-Dec-14,42.97
24-Dec-14,42.94
26-Dec-14,42.96
29-Dec-14,42.86
30-Dec-14,42.76
31-Dec-14,42.22
2-Jan-15,42.14
5-Jan-15,42.14
6-Jan-15,42.46
7-Jan-15,42.99
8-Jan-15,43.51
9-Jan-15,43.03
12-Jan-15,42.64
13-Jan-15,42.63
14-Jan-15,42.56
15-Jan-15,42.38
16-Jan-15,42.53
20-Jan-15,43.16
21-Jan-15,43.36
22-Jan-15,43.78
23-Jan-15,43.31
26-Jan-15,43
27-Jan-15,42.39
28-Jan-15,41.92
29-Jan-15,42.1
30-Jan-15,41.17
2-Feb-15,41.59
3-Feb-15,41.63
4-Feb-15,41.68
5-Feb-15,41.79
6-Feb-15,41.45
9-Feb-15,41.23
10-Feb-15,42.4
11-Feb-15,42.37
12-Feb-15,42.17
13-Feb-15,41.99
17-Feb-15,41.81
18-Feb-15,41.73
19-Feb-15,42.11
20-Feb-15,41.97
23-Feb-15,41.85
24-Feb-15,42.13
25-Feb-15,42.05
26-Feb-15,42.46
27-Feb-15,43.3
2-Mar-15,43.2
3-Mar-15,42.95
4-Mar-15,42.5
5-Mar-15,42.4
6-Mar-15,41.52
9-Mar-15,41.39
10-Mar-15,40.69
11-Mar-15,40.1
12-Mar-15,40.57
13-Mar-15,39.91
16-Mar-15,40.29
17-Mar-15,40.51
18-Mar-15,40.6
19-Mar-15,40.02
20-Mar-15,40.65
23-Mar-15,40.62
24-Mar-15,40.47
25-Mar-15,40.45
26-Mar-15,40.35
27-Mar-15,40.08
30-Mar-15,40.51
31-Mar-15,40.55
1-Apr-15,40.68
2-Apr-15,40.68
6-Apr-15,41.17
7-Apr-15,41.01
8-Apr-15,40.89
9-Apr-15,41.05
10-Apr-15,40.88
13-Apr-15,40.7
14-Apr-15,40.51
15-Apr-15,40.4
16-Apr-15,40.6
17-Apr-15,40.3
20-Apr-15,40.66
21-Apr-15,40.78
22-Apr-15,41.31
23-Apr-15,40.95
24-Apr-15,40.89
27-Apr-15,40.83
28-Apr-15,40.77
29-Apr-15,40.49
30-Apr-15,40.56
1-May-15,40.91
4-May-15,40.96
5-May-15,40.75
6-May-15,40.66
7-May-15,40.7
8-May-15,40.98
11-May-15,40.94
12-May-15,40.69
13-May-15,41.05
14-May-15,41.5
15-May-15,41.52
18-May-15,41.32
19-May-15,41.31
20-May-15,41.35
21-May-15,41.23
22-May-15,41.21
26-May-15,40.99
27-May-15,41.12
28-May-15,41.14
29-May-15,40.96
1-Jun-15,40.94
2-Jun-15,40.99
3-Jun-15,40.87
4-Jun-15,40.59
5-Jun-15,40.1
8-Jun-15,40.16
9-Jun-15,40.2
10-Jun-15,40.33
11-Jun-15,40.1
12-Jun-15,39.96
15-Jun-15,39.59
16-Jun-15,40.08
17-Jun-15,40.27
18-Jun-15,40.65
19-Jun-15,40.4
22-Jun-15,40.48
23-Jun-15,40.38
24-Jun-15,40.19
25-Jun-15,40.02
26-Jun-15,40
29-Jun-15,39.4
30-Jun-15,39.23
1-Jul-15,39.5
2-Jul-15,39.49
6-Jul-15,39.42
7-Jul-15,40.25
8-Jul-15,39.86
9-Jul-15,39.92
10-Jul-15,40.39
13-Jul-15,40.66
14-Jul-15,41.17
15-Jul-15,41.13
16-Jul-15,41.48
17-Jul-15,41.25
20-Jul-15,41.38
21-Jul-15,41.19
22-Jul-15,40.9
23-Jul-15,40.84
24-Jul-15,40.44
27-Jul-15,40.54
28-Jul-15,40.55
29-Jul-15,40.59
30-Jul-15,40.56
31-Jul-15,41.08
3-Aug-15,41.54
4-Aug-15,41.85
5-Aug-15,42.12
6-Aug-15,41.92
7-Aug-15,41.77
10-Aug-15,41.68
11-Aug-15,41.48
12-Aug-15,41.26
13-Aug-15,41.1
14-Aug-15,41.25
17-Aug-15,41.35
18-Aug-15,41.3
19-Aug-15,40.78
20-Aug-15,40.55
21-Aug-15,39.53
24-Aug-15,38.38
25-Aug-15,37.99
26-Aug-15,38.73
27-Aug-15,39.27
28-Aug-15,39.45
31-Aug-15,39.32
1-Sep-15,38.75
2-Sep-15,38.9
3-Sep-15,39.16
4-Sep-15,38.52
8-Sep-15,38.9
9-Sep-15,38.3
10-Sep-15,38.42
11-Sep-15,38.13
14-Sep-15,38.1
15-Sep-15,38.5
16-Sep-15,39.15
17-Sep-15,39.38
18-Sep-15,38.98
21-Sep-15,39.19
22-Sep-15,38.79
23-Sep-15,38.76
24-Sep-15,39.15
25-Sep-15,39.62
28-Sep-15,39.53
29-Sep-15,39.66
30-Sep-15,40.12
1-Oct-15,39.8
2-Oct-15,40.39
5-Oct-15,41.01
6-Oct-15,40.96
7-Oct-15,41.52
8-Oct-15,41.98
9-Oct-15,42.02
12-Oct-15,42
13-Oct-15,41.65
14-Oct-15,41.68
15-Oct-15,41.92
16-Oct-15,42.02
19-Oct-15,41.99
20-Oct-15,42.29
21-Oct-15,42.19
22-Oct-15,43.24
23-Oct-15,42.79
26-Oct-15,42.59
27-Oct-15,42.61
28-Oct-15,42.73
29-Oct-15,42.79
30-Oct-15,42.35
2-Nov-15,42.24
3-Nov-15,42.16
4-Nov-15,41.97
5-Nov-15,42.33
6-Nov-15,41.96
9-Nov-15,41.54
10-Nov-15,41.77
11-Nov-15,42.04
12-Nov-15,41.58
13-Nov-15,41.38
16-Nov-15,41.96
17-Nov-15,41.67
18-Nov-15,42.28
19-Nov-15,43.11
20-Nov-15,42.43
23-Nov-15,42.96
24-Nov-15,43.36
25-Nov-15,43.36
27-Nov-15,43.15
30-Nov-15,42.62
1-Dec-15,42.89
2-Dec-15,42.77
3-Dec-15,42.46
4-Dec-15,43.29
7-Dec-15,43.2
8-Dec-15,43.01
9-Dec-15,42.66
10-Dec-15,42.76
11-Dec-15,42.27
14-Dec-15,42.45
15-Dec-15,43.07
16-Dec-15,43.84
17-Dec-15,43.49
18-Dec-15,42.5
21-Dec-15,42.78
22-Dec-15,43.29
23-Dec-15,43.67
24-Dec-15,43.54
28-Dec-15,43.49
29-Dec-15,43.71
30-Dec-15,43.57
31-Dec-15,42.96
4-Jan-16,42.4
5-Jan-16,42.55
6-Jan-16,42.32
7-Jan-16,41.62
8-Jan-16,41.51
11-Jan-16,41.58
12-Jan-16,42.12
13-Jan-16,41.85
14-Jan-16,41.88
15-Jan-16,41.5
19-Jan-16,41.92
20-Jan-16,41.38
21-Jan-16,41.39
22-Jan-16,42.06
25-Jan-16,42.16
26-Jan-16,42.08
27-Jan-16,42.09
28-Jan-16,42.57
29-Jan-16,42.92
1-Feb-16,43
2-Feb-16,42.44
3-Feb-16,42.72
4-Feb-16,42.53
5-Feb-16,42.44
8-Feb-16,42.65
9-Feb-16,43.3
10-Feb-16,42.55
11-Feb-16,42.41
12-Feb-16,43.11
16-Feb-16,43.36
17-Feb-16,43.49
18-Feb-16,43.61
19-Feb-16,43.77
22-Feb-16,43.94
23-Feb-16,43.69
24-Feb-16,43.91
25-Feb-16,44.16
26-Feb-16,43.14
29-Feb-16,43.13
1-Mar-16,43.69
2-Mar-16,43.77
3-Mar-16,43.96
4-Mar-16,44.11
7-Mar-16,44.01
8-Mar-16,44.32
9-Mar-16,44.81
10-Mar-16,45.23
11-Mar-16,45.2
14-Mar-16,45.29
15-Mar-16,45.24
16-Mar-16,45.05
17-Mar-16,45.77
18-Mar-16,45.6
21-Mar-16,45.67
22-Mar-16,45.5
23-Mar-16,45.46
24-Mar-16,45.58
28-Mar-16,45.8
29-Mar-16,46.48
30-Mar-16,46.58
31-Mar-16,46.39
1-Apr-16,46.83
4-Apr-16,46.89
5-Apr-16,46.53
6-Apr-16,46.71
7-Apr-16,46.36
8-Apr-16,46.87
11-Apr-16,46.44
12-Apr-16,46.65
13-Apr-16,46.04
14-Apr-16,45.83
15-Apr-16,46.1
18-Apr-16,46.22
19-Apr-16,46.6
20-Apr-16,44.37
21-Apr-16,43.66
22-Apr-16,44.54
25-Apr-16,44.71
26-Apr-16,44.53
27-Apr-16,44.68
28-Apr-16,44.63
29-Apr-16,44.8
2-May-16,44.98
3-May-16,44.84
4-May-16,44.98
5-May-16,45.06
6-May-16,45.32
9-May-16,45.24
10-May-16,45.75
11-May-16,45.46
12-May-16,45.83
13-May-16,45.35
16-May-16,45.62
17-May-16,44.75
18-May-16,44.48
19-May-16,44.32
20-May-16,43.95
23-May-16,43.97
24-May-16,44.37
25-May-16,44.38
26-May-16,44.69
27-May-16,44.78
31-May-16,44.6
1-Jun-16,44.7
2-Jun-16,44.72
3-Jun-16,45.04
6-Jun-16,45.37
7-Jun-16,45.32
8-Jun-16,45.55
9-Jun-16,45.76
10-Jun-16,45.99
13-Jun-16,45.12
14-Jun-16,45.04
15-Jun-16,45.01
16-Jun-16,45.31
17-Jun-16,44.79
20-Jun-16,44.98
21-Jun-16,45.13
22-Jun-16,44.86
23-Jun-16,45.08
24-Jun-16,43.93
27-Jun-16,43.78
28-Jun-16,44.18
29-Jun-16,44.44
30-Jun-16,45.33
1-Jul-16,45.12
5-Jul-16,45.43
6-Jul-16,45.27
7-Jul-16,45.09
8-Jul-16,45.38
11-Jul-16,45.57
12-Jul-16,45.58
13-Jul-16,45.74
14-Jul-16,45.69
15-Jul-16,45.63
18-Jul-16,45.63
19-Jul-16,45.63
20-Jul-16,45.51
21-Jul-16,45.45
22-Jul-16,45.83
25-Jul-16,45.57
26-Jul-16,44.88
27-Jul-16,43.4
28-Jul-16,43.65
29-Jul-16,43.63
1-Aug-16,43.45
2-Aug-16,43.53
3-Aug-16,43.64
4-Aug-16,43.51
5-Aug-16,43.48
8-Aug-16,43.44
9-Aug-16,43.47
10-Aug-16,43.61
11-Aug-16,43.75
12-Aug-16,44.03
15-Aug-16,44.24
16-Aug-16,43.83
17-Aug-16,44.06
18-Aug-16,44.1
19-Aug-16,43.92
22-Aug-16,43.74
23-Aug-16,43.85
24-Aug-16,43.85
25-Aug-16,43.67
26-Aug-16,43.32
29-Aug-16,43.54
30-Aug-16,43.24
31-Aug-16,43.43
1-Sep-16,43.35
2-Sep-16,43.66
6-Sep-16,43.79
7-Sep-16,43.64
8-Sep-16,43.63
9-Sep-16,42.27
12-Sep-16,43.19
13-Sep-16,42.28
14-Sep-16,42.11
15-Sep-16,42.36
16-Sep-16,42.14
19-Sep-16,42.1
20-Sep-16,42.34
21-Sep-16,42.53
22-Sep-16,42.96
23-Sep-16,42.74
26-Sep-16,42.05
27-Sep-16,42.59
28-Sep-16,42.15
29-Sep-16,42.03
30-Sep-16,42.32
3-Oct-16,42.03
4-Oct-16,41.84
5-Oct-16,41.81
6-Oct-16,41.71
7-Oct-16,41.73
10-Oct-16,41.73
11-Oct-16,41.54
12-Oct-16,41.78
13-Oct-16,41.76
14-Oct-16,41.67
17-Oct-16,41.6
18-Oct-16,41.97
19-Oct-16,42.05
20-Oct-16,41.93
21-Oct-16,42.13
24-Oct-16,42.56
25-Oct-16,42.54
26-Oct-16,42.44
27-Oct-16,42.12
28-Oct-16,42.23
31-Oct-16,42.4
1-Nov-16,42.12
2-Nov-16,42.05
3-Nov-16,42.03
4-Nov-16,41.69
7-Nov-16,42.46
8-Nov-16,42.88
9-Nov-16,42.27
10-Nov-16,40.94
11-Nov-16,41.03
14-Nov-16,41.17
15-Nov-16,41.44
16-Nov-16,41.26
17-Nov-16,41.12
18-Nov-16,40.91
21-Nov-16,41.36
22-Nov-16,41.37
23-Nov-16,41.12
25-Nov-16,41.53
28-Nov-16,41.75
29-Nov-16,41.15
30-Nov-16,40.35
1-Dec-16,40.17
2-Dec-16,40.36
5-Dec-16,40.62
6-Dec-16,40.57
7-Dec-16,41.29
8-Dec-16,40.98
9-Dec-16,42
12-Dec-16,41.9
13-Dec-16,41.76
14-Dec-16,41.21
15-Dec-16,41.55
16-Dec-16,41.74
19-Dec-16,41.67
20-Dec-16,41.66
21-Dec-16,41.57
22-Dec-16,41.55
23-Dec-16,41.6
27-Dec-16,41.61
28-Dec-16,41.39
29-Dec-16,41.6
30-Dec-16,41.46
3-Jan-17,41.8
4-Jan-17,41.65
5-Jan-17,41.75
6-Jan-17,41.74
9-Jan-17,41.32
10-Jan-17,41.04
11-Jan-17,41.05
12-Jan-17,40.95
13-Jan-17,40.88
17-Jan-17,41.22
18-Jan-17,41.29
19-Jan-17,41.14
20-Jan-17,41.32
23-Jan-17,41.43
24-Jan-17,41.9
25-Jan-17,42.12
26-Jan-17,41.81
27-Jan-17,41.45
30-Jan-17,41.38
31-Jan-17,41.57
1-Feb-17,41.26
2-Feb-17,41.4
3-Feb-17,41.54
6-Feb-17,41.56
7-Feb-17,41.9
8-Feb-17,42.02
9-Feb-17,41.25
10-Feb-17,40.58
13-Feb-17,40.62
14-Feb-17,40.53
15-Feb-17,40.44
16-Feb-17,41.2
17-Feb-17,41.23
21-Feb-17,41.46
22-Feb-17,41.6
23-Feb-17,41.66
24-Feb-17,41.78
27-Feb-17,41.67
28-Feb-17,41.96
1-Mar-17,42.16
2-Mar-17,42.47
3-Mar-17,42.48
6-Mar-17,42.18
7-Mar-17,41.99
8-Mar-17,41.99
9-Mar-17,42.03
10-Mar-17,42.29
13-Mar-17,42.03
14-Mar-17,41.97
15-Mar-17,42.12
16-Mar-17,42.25
17-Mar-17,42.03
20-Mar-17,42.18
21-Mar-17,42.5
22-Mar-17,42.38
23-Mar-17,42.17
24-Mar-17,42.12
27-Mar-17,42.32
28-Mar-17,42.43
29-Mar-17,42.42
30-Mar-17,42.6
31-Mar-17,42.44
3-Apr-17,42.41
4-Apr-17,42.68
5-Apr-17,42.57
6-Apr-17,42.67
7-Apr-17,42.61
10-Apr-17,42.69
11-Apr-17,42.66
12-Apr-17,42.94
13-Apr-17,42.79
17-Apr-17,43.07
18-Apr-17,43.48
19-Apr-17,43.23
20-Apr-17,43.09
21-Apr-17,43.07
24-Apr-17,43.28
25-Apr-17,43.11
26-Apr-17,43.24
27-Apr-17,43.01
28-Apr-17,43.15
1-May-17,43.22
2-May-17,43.39
3-May-17,43.32
4-May-17,43.66
5-May-17,43.69
8-May-17,43.89
9-May-17,43.51
10-May-17,43.57
11-May-17,43.67
12-May-17,43.59
15-May-17,43.73
16-May-17,43.85
17-May-17,43.93
18-May-17,43.8
19-May-17,43.9
22-May-17,44.18
23-May-17,44.39
24-May-17,45.03
25-May-17,45.41
26-May-17,45.39
30-May-17,45.43
31-May-17,45.47
1-Jun-17,45.79
2-Jun-17,45.89
5-Jun-17,45.99
6-Jun-17,45.98
7-Jun-17,45.51
8-Jun-17,45.13
9-Jun-17,45.32
12-Jun-17,45.33
13-Jun-17,45.03
14-Jun-17,45.3
15-Jun-17,45.25
16-Jun-17,45.31
19-Jun-17,45.38
20-Jun-17,45.61
21-Jun-17,45.22
22-Jun-17,45.07
23-Jun-17,45.25
26-Jun-17,45.43
27-Jun-17,45.05
28-Jun-17,45.32
29-Jun-17,44.83
30-Jun-17,44.85
3-Jul-17,44.76
5-Jul-17,44.82
6-Jul-17,44.4
7-Jul-17,44.39
10-Jul-17,44.38
11-Jul-17,44.33
12-Jul-17,44.51
13-Jul-17,44.43
14-Jul-17,44.68
17-Jul-17,44.73
18-Jul-17,44.67
19-Jul-17,44.83
20-Jul-17,44.82
21-Jul-17,45.03
24-Jul-17,44.84
25-Jul-17,45.24
26-Jul-17,45.74
27-Jul-17,46.12
28-Jul-17,46.01
31-Jul-17,45.84
1-Aug-17,45.7
2-Aug-17,45.59
3-Aug-17,45.67
4-Aug-17,45.5
7-Aug-17,45.64
8-Aug-17,45.6
9-Aug-17,45.59
10-Aug-17,45.74
11-Aug-17,45.59
14-Aug-17,45.8
15-Aug-17,46.19
16-Aug-17,46.2
17-Aug-17,45.86
18-Aug-17,45.67
21-Aug-17,45.68
22-Aug-17,45.6
23-Aug-17,45.54
24-Aug-17,45.41
25-Aug-17,45.57
28-Aug-17,45.42
29-Aug-17,45.45
30-Aug-17,45.39
31-Aug-17,45.55
1-Sep-17,45.78
5-Sep-17,45.92
6-Sep-17,45.96
7-Sep-17,46.28
8-Sep-17,46.3
11-Sep-17,46.52
12-Sep-17,46.72
13-Sep-17,46.87
14-Sep-17,46.11
15-Sep-17,46.18
18-Sep-17,46.11
19-Sep-17,45.98
20-Sep-17,45.78
21-Sep-17,45.4
22-Sep-17,45.49
25-Sep-17,45.69
26-Sep-17,45.57
27-Sep-17,44.64
28-Sep-17,44.91
29-Sep-17,45.01
2-Oct-17,44.8
3-Oct-17,45.19
4-Oct-17,45.5
5-Oct-17,45.52
6-Oct-17,45.49
9-Oct-17,45.41
10-Oct-17,45.87
11-Oct-17,46.1
12-Oct-17,46.11
13-Oct-17,46.18
16-Oct-17,46.62
17-Oct-17,46.52
18-Oct-17,46.4
19-Oct-17,46.59
20-Oct-17,46.38
23-Oct-17,46.32
24-Oct-17,46.18
25-Oct-17,46.05
26-Oct-17,46.23
27-Oct-17,46.07
30-Oct-17,45.86
31-Oct-17,45.98
1-Nov-17,45.8
2-Nov-17,45.88
3-Nov-17,45.97
6-Nov-17,45.47
7-Nov-17,45.94
8-Nov-17,46.18
9-Nov-17,46.23
10-Nov-17,46.54
13-Nov-17,46.72
14-Nov-17,47.43
15-Nov-17,46.81
16-Nov-17,46.55
17-Nov-17,45.71
20-Nov-17,45.46
21-Nov-17,45.78
22-Nov-17,45.84
24-Nov-17,45.88
27-Nov-17,45.9
28-Nov-17,45.83
29-Nov-17,45.5
30-Nov-17,45.77
1-Dec-17,45.97
4-Dec-17,46.23
5-Dec-17,46.26
6-Dec-17,46.45
7-Dec-17,45.78
8-Dec-17,45.31
11-Dec-17,45.33
12-Dec-17,45.29
13-Dec-17,45.9
14-Dec-17,46.03
15-Dec-17,46.19
18-Dec-17,45.93
19-Dec-17,46.13
20-Dec-17,46.08
21-Dec-17,45.6
22-Dec-17,45.59
26-Dec-17,45.81
27-Dec-17,45.93
28-Dec-17,45.72
29-Dec-17,45.88
2-Jan-18,45.54
3-Jan-18,45.44
4-Jan-18,46.08
5-Jan-18,46.07
8-Jan-18,46
9-Jan-18,46.23
10-Jan-18,46.07
11-Jan-18,46.04
12-Jan-18,46.15
16-Jan-18,46.53
17-Jan-18,46.82
18-Jan-18,46.88
19-Jan-18,47.16
22-Jan-18,47.38
23-Jan-18,47.45
24-Jan-18,47.83
25-Jan-18,47.84
26-Jan-18,48.53
29-Jan-18,47.7
30-Jan-18,47.41
31-Jan-18,47.59
1-Feb-18,47.45
2-Feb-18,46.73
5-Feb-18,44.89
6-Feb-18,44.67
7-Feb-18,44.56
8-Feb-18,43.1
9-Feb-18,43.13
12-Feb-18,43.97
13-Feb-18,44.19
14-Feb-18,44.1
15-Feb-18,44.78
16-Feb-18,44.98
20-Feb-18,43.99
21-Feb-18,43.34
22-Feb-18,43.52
23-Feb-18,44.04
26-Feb-18,44.03
27-Feb-18,43.62
28-Feb-18,43.22
1-Mar-18,43.43
2-Mar-18,43.72
5-Mar-18,43.89
6-Mar-18,43.93
7-Mar-18,43.82
8-Mar-18,44.45
9-Mar-18,44.82
12-Mar-18,44.53
13-Mar-18,44.57
14-Mar-18,43.78
15-Mar-18,43.67
16-Mar-18,43.46
19-Mar-18,43.26
20-Mar-18,43.16
21-Mar-18,43
22-Mar-18,42.76
23-Mar-18,42.33
26-Mar-18,42.69
27-Mar-18,42.89
28-Mar-18,43.32
29-Mar-18,43.43
2-Apr-18,42.67
3-Apr-18,43.38
4-Apr-18,44.24
5-Apr-18,44.4
6-Apr-18,43.92
9-Apr-18,43.83
10-Apr-18,43.99
11-Apr-18,43.99
12-Apr-18,44.03
13-Apr-18,44.51
16-Apr-18,44.68
17-Apr-18,44.88
18-Apr-18,44.51
19-Apr-18,44.31
20-Apr-18,43.74
23-Apr-18,43.98
24-Apr-18,43.07
25-Apr-18,42.43
26-Apr-18,42.75
27-Apr-18,43.31
30-Apr-18,43.21
1-May-18,42.59
2-May-18,42.06
3-May-18,41.89
4-May-18,42.36
7-May-18,42.14
8-May-18,41.81
9-May-18,41.78
10-May-18,42.18
11-May-18,42.14
14-May-18,42.04
15-May-18,41.72
16-May-18,41.55
17-May-18,42.3
18-May-18,42.18
21-May-18,42.41
22-May-18,42.25
23-May-18,42.4
24-May-18,42.32
25-May-18,42.4
29-May-18,42.68
30-May-18,43.13
31-May-18,43
1-Jun-18,43.12
4-Jun-18,43.49
5-Jun-18,43.11
6-Jun-18,43.46
7-Jun-18,43.44
8-Jun-18,43.95
11-Jun-18,44.13
12-Jun-18,44.41
13-Jun-18,44.18
14-Jun-18,43.58
15-Jun-18,44.12
18-Jun-18,43.55
19-Jun-18,43.6
20-Jun-18,43.26
21-Jun-18,43.09
22-Jun-18,43.25
25-Jun-18,43.58
26-Jun-18,43.33
27-Jun-18,43.07
28-Jun-18,43.47
29-Jun-18,43.86
2-Jul-18,43.75
3-Jul-18,43.99
5-Jul-18,44.66
6-Jul-18,44.64
9-Jul-18,44.4
10-Jul-18,44.97
11-Jul-18,44.79
12-Jul-18,44.67
13-Jul-18,44.74
16-Jul-18,44.73
17-Jul-18,45.25
18-Jul-18,45.12
19-Jul-18,45.11
20-Jul-18,45.28
23-Jul-18,44.95
24-Jul-18,45.26
25-Jul-18,46.09
26-Jul-18,46.24
27-Jul-18,46.21
30-Jul-18,46.23
31-Jul-18,46.63
1-Aug-18,46.39
2-Aug-18,46.18
3-Aug-18,46.62
6-Aug-18,46.65
7-Aug-18,46.5
8-Aug-18,46.15
9-Aug-18,46.35
10-Aug-18,46.08
13-Aug-18,45.83
14-Aug-18,45.89
15-Aug-18,46.08
16-Aug-18,46.22
17-Aug-18,46.6
20-Aug-18,46.73
21-Aug-18,46.22
22-Aug-18,45.93
23-Aug-18,45.7
24-Aug-18,45.63
27-Aug-18,45.69
28-Aug-18,45.37
29-Aug-18,45.33
30-Aug-18,44.95
31-Aug-18,44.57
4-Sep-18,44.76
5-Sep-18,45.38
6-Sep-18,45.77
7-Sep-18,45.72
10-Sep-18,46.06
11-Sep-18,46.02
12-Sep-18,46.24
13-Sep-18,45.83
14-Sep-18,45.99
17-Sep-18,46.32
18-Sep-18,45.93
19-Sep-18,45.96
20-Sep-18,46.64
21-Sep-18,46.58
24-Sep-18,46.07
25-Sep-18,45.68
26-Sep-18,45.85
27-Sep-18,46.01
28-Sep-18,46.19
1-Oct-18,46.23
2-Oct-18,46.51
3-Oct-18,45.87
4-Oct-18,45.85
5-Oct-18,45.88
8-Oct-18,46.48
9-Oct-18,46.39
10-Oct-18,45.68
11-Oct-18,44.64
12-Oct-18,44.68
15-Oct-18,44.91
16-Oct-18,45.49
17-Oct-18,45.86
18-Oct-18,45.61
19-Oct-18,46.33
22-Oct-18,45.97
23-Oct-18,46.36
24-Oct-18,46.73
25-Oct-18,46.51
26-Oct-18,45.92
29-Oct-18,46.46
30-Oct-18,47.63
31-Oct-18,47.88
1-Nov-18,47.74
2-Nov-18,48
5-Nov-18,48.69
6-Nov-18,49.11
7-Nov-18,49.37
8-Nov-18,49.33
9-Nov-18,49.68
12-Nov-18,49.87
13-Nov-18,49.86
14-Nov-18,49.76
15-Nov-18,49.74
16-Nov-18,50.17
19-Nov-18,50.51
20-Nov-18,49.38
21-Nov-18,48.73
23-Nov-18,49.02
26-Nov-18,48.87
27-Nov-18,49.37
28-Nov-18,49.71
29-Nov-18,48.98
30-Nov-18,50.4
3-Dec-18,49.69
4-Dec-18,49.58
6-Dec-18,49.38
7-Dec-18,49.09
10-Dec-18,49.24
11-Dec-18,49.54
12-Dec-18,49.22
13-Dec-18,49.47
14-Dec-18,49.34
17-Dec-18,48.33
18-Dec-18,48.32
19-Dec-18,47.9
20-Dec-18,47.54
21-Dec-18,47.57
24-Dec-18,45.96
26-Dec-18,46.94
27-Dec-18,47.53
28-Dec-18,47.2
31-Dec-18,47.35
2-Jan-19,46.93
3-Jan-19,46.64
4-Jan-19,47.57
7-Jan-19,46.95
8-Jan-19,47.48
9-Jan-19,46.57
10-Jan-19,47.07
11-Jan-19,47.34
14-Jan-19,47.15
15-Jan-19,47.57
16-Jan-19,46.92
17-Jan-19,47.06
18-Jan-19,47.61
22-Jan-19,47.72
23-Jan-19,48.27
24-Jan-19,47.69
25-Jan-19,47.37
28-Jan-19,47.17
29-Jan-19,47.4
30-Jan-19,47.86
31-Jan-19,48.13
1-Feb-19,48.7
4-Feb-19,49.25
5-Feb-19,49.26
6-Feb-19,49.26
7-Feb-19,49.42
8-Feb-19,49.5
11-Feb-19,49.61
12-Feb-19,49.66
13-Feb-19,49.79
14-Feb-19,45.59
15-Feb-19,45.24
19-Feb-19,44.83
20-Feb-19,45.1
21-Feb-19,45.86
22-Feb-19,45.28
25-Feb-19,44.94
26-Feb-19,44.69
27-Feb-19,44.94
28-Feb-19,45.34
1-Mar-19,45.38
4-Mar-19,45.65
5-Mar-19,45.6
6-Mar-19,45.45
7-Mar-19,45.28
8-Mar-19,44.84
11-Mar-19,46.18
12-Mar-19,46.05
13-Mar-19,46.22
14-Mar-19,45.7
15-Mar-19,45.3
18-Mar-19,45.41
19-Mar-19,45.56
20-Mar-19,45.53
21-Mar-19,45.51
22-Mar-19,45.93
25-Mar-19,46.03
26-Mar-19,46.64
27-Mar-19,46.61
28-Mar-19,46.58
29-Mar-19,46.86
1-Apr-19,46.72
2-Apr-19,46.57
3-Apr-19,46.18
4-Apr-19,46.48
5-Apr-19,46.47
8-Apr-19,46.55
9-Apr-19,46.67
10-Apr-19,46.64
11-Apr-19,46.71
12-Apr-19,46.74
15-Apr-19,47
16-Apr-19,46.95
17-Apr-19,47.28
18-Apr-19,47.48
22-Apr-19,47.4
23-Apr-19,48.21
24-Apr-19,47.98
25-Apr-19,47.84
26-Apr-19,48.26
29-Apr-19,48.42
30-Apr-19,49.06
1-May-19,48.59
2-May-19,48.39
3-May-19,48.72
6-May-19,48.47
7-May-19,48
8-May-19,47.85
9-May-19,47.4
10-May-19,48.19
13-May-19,48.05
14-May-19,48.69
15-May-19,49.18
16-May-19,49.58
17-May-19,49.2
20-May-19,48.85
21-May-19,48.6
22-May-19,49.65
23-May-19,49.85
24-May-19,49.61
28-May-19,49.1
29-May-19,48.61
30-May-19,49.25
31-May-19,49.13
3-Jun-19,49.98
4-Jun-19,50
5-Jun-19,50.78
6-Jun-19,51.4
7-Jun-19,51.49
10-Jun-19,51.38
11-Jun-19,51.33
12-Jun-19,51.64
13-Jun-19,51.13
14-Jun-19,51.31
17-Jun-19,50.87
18-Jun-19,50.64
19-Jun-19,51.12
20-Jun-19,51.66
21-Jun-19,51.55
24-Jun-19,51.92
25-Jun-19,51.76
26-Jun-19,51.12
27-Jun-19,51.08
28-Jun-19,50.92
1-Jul-19,51.6
2-Jul-19,51.98
3-Jul-19,52.1
5-Jul-19,52.11
8-Jul-19,52
9-Jul-19,51.59
10-Jul-19,51.82
11-Jul-19,52.04
12-Jul-19,52.12
15-Jul-19,52.13
16-Jul-19,52.14
17-Jul-19,52.18
18-Jul-19,52.03
19-Jul-19,51.39
22-Jul-19,51.22
23-Jul-19,54.33
24-Jul-19,53.78
25-Jul-19,53.07
26-Jul-19,54.17
29-Jul-19,53.99
30-Jul-19,53.72
31-Jul-19,52.63
1-Aug-19,52.03
2-Aug-19,52.33
5-Aug-19,51.65
6-Aug-19,52.27
7-Aug-19,53.18
8-Aug-19,53.69
9-Aug-19,53.42
12-Aug-19,53.2
13-Aug-19,53.5
14-Aug-19,52.99
15-Aug-19,53.87
16-Aug-19,54.41
19-Aug-19,54.69
20-Aug-19,53.88
21-Aug-19,54.1
22-Aug-19,54.49
23-Aug-19,53.74
26-Aug-19,54.54
27-Aug-19,54.72
28-Aug-19,55.11
29-Aug-19,55.05
30-Aug-19,55.04
3-Sep-19,55.3
4-Sep-19,55.77
5-Sep-19,55.12
6-Sep-19,55.23
9-Sep-19,54.52
10-Sep-19,54.4
11-Sep-19,54.77
12-Sep-19,55.11
13-Sep-19,54.26
16-Sep-19,53.96
17-Sep-19,54.24
18-Sep-19,54.23
19-Sep-19,54.52
20-Sep-19,53.91
23-Sep-19,54.14
24-Sep-19,54.3
25-Sep-19,54.17
26-Sep-19,54.39
27-Sep-19,54.31
30-Sep-19,54.44
1-Oct-19,54.65
2-Oct-19,53.08
3-Oct-19,53.84
4-Oct-19,54.54
7-Oct-19,53.87
8-Oct-19,53.58
9-Oct-19,53.83
10-Oct-19,53.66
11-Oct-19,53.3
14-Oct-19,53.3
15-Oct-19,53.51
16-Oct-19,53.49
17-Oct-19,53.79
18-Oct-19,54.78
21-Oct-19,54.23
22-Oct-19,53.85
23-Oct-19,54.64
24-Oct-19,54.61
25-Oct-19,53.75
28-Oct-19,53.57
29-Oct-19,53.41
30-Oct-19,53.94
31-Oct-19,54.43
1-Nov-19,53.9
4-Nov-19,53.14
5-Nov-19,52.42
6-Nov-19,52.8
7-Nov-19,52.29
8-Nov-19,52.21
11-Nov-19,51.84
12-Nov-19,51.71
13-Nov-19,52.41
