2-Jan-08,745.55
3-Jan-08,714.3
4-Jan-08,728.7
7-Jan-08,712.3
8-Jan-08,704.65
9-Jan-08,698.55
10-Jan-08,682.05
11-Jan-08,678.9
14-Jan-08,668.3
15-Jan-08,672.9
16-Jan-08,671.8
17-Jan-08,671.85
18-Jan-08,670.15
21-Jan-08,622.95
22-Jan-08,595
23-Jan-08,608.25
24-Jan-08,564.25
25-Jan-08,603.85
28-Jan-08,566.1
29-Jan-08,539.8
30-Jan-08,535.55
31-Jan-08,529.25
1-Feb-08,527.05
4-Feb-08,524.35
5-Feb-08,545.35
6-Feb-08,532.75
7-Feb-08,522.6
8-Feb-08,516.05
11-Feb-08,507.65
12-Feb-08,499.9
13-Feb-08,510.4
14-Feb-08,537.6
15-Feb-08,543.8
18-Feb-08,536.6
19-Feb-08,530.25
20-Feb-08,535.6
21-Feb-08,539.05
22-Feb-08,540
25-Feb-08,540.6
26-Feb-08,549.9
27-Feb-08,541.7
28-Feb-08,572.35
29-Feb-08,583.7
3-Mar-08,571.5
4-Mar-08,558.3
5-Mar-08,583.6
7-Mar-08,569.45
10-Mar-08,575.9
11-Mar-08,560.05
12-Mar-08,554.9
13-Mar-08,540.1
14-Mar-08,539.95
17-Mar-08,534.75
18-Mar-08,545.25
19-Mar-08,540.95
24-Mar-08,563.9
25-Mar-08,576.95
26-Mar-08,575.3
27-Mar-08,583.15
28-Mar-08,592.6
31-Mar-08,591.25
1-Apr-08,592.8
2-Apr-08,602.05
3-Apr-08,617.15
4-Apr-08,598.4
7-Apr-08,604.6
8-Apr-08,592.6
9-Apr-08,585.15
10-Apr-08,577.85
11-Apr-08,591.05
15-Apr-08,615.35
16-Apr-08,602
17-Apr-08,606.6
21-Apr-08,611.85
22-Apr-08,613.05
23-Apr-08,617.45
24-Apr-08,613.35
25-Apr-08,616.55
28-Apr-08,625.2
29-Apr-08,627.05
30-Apr-08,623
2-May-08,636.15
5-May-08,638.95
6-May-08,647.85
7-May-08,646.5
8-May-08,661.55
9-May-08,629.45
12-May-08,631.9
13-May-08,624.4
14-May-08,674.75
15-May-08,654.6
16-May-08,651.3
20-May-08,639.2
21-May-08,658.2
22-May-08,681.55
23-May-08,686.75
26-May-08,689.75
27-May-08,694.9
28-May-08,682.35
29-May-08,676.4
30-May-08,714.15
2-Jun-08,720.2
3-Jun-08,694.95
4-Jun-08,668.6
5-Jun-08,700.8
6-Jun-08,696.25
9-Jun-08,692.65
10-Jun-08,697.9
11-Jun-08,709.4
12-Jun-08,703.2
13-Jun-08,727.8
16-Jun-08,715.2
17-Jun-08,708.6
18-Jun-08,689.4
19-Jun-08,681.2
20-Jun-08,655.05
23-Jun-08,647.55
24-Jun-08,659.6
25-Jun-08,655.85
26-Jun-08,656.8
27-Jun-08,657.25
30-Jun-08,669.8
1-Jul-08,660.25
2-Jul-08,659.8
3-Jul-08,655
4-Jul-08,645.15
7-Jul-08,640.05
8-Jul-08,644.75
9-Jul-08,655.95
10-Jul-08,652.9
11-Jul-08,648.5
14-Jul-08,656.4
15-Jul-08,647.85
16-Jul-08,630.55
17-Jul-08,642.45
18-Jul-08,662.8
21-Jul-08,677.8
22-Jul-08,627.2
23-Jul-08,632.55
24-Jul-08,639.9
25-Jul-08,634.95
28-Jul-08,629.6
29-Jul-08,592.8
30-Jul-08,585.55
31-Jul-08,569.15
1-Aug-08,584.85
4-Aug-08,587.45
5-Aug-08,589.45
6-Aug-08,582.9
7-Aug-08,609.8
8-Aug-08,625.9
11-Aug-08,608.85
12-Aug-08,598.4
13-Aug-08,600.6
14-Aug-08,589.15
18-Aug-08,603.8
19-Aug-08,602.65
20-Aug-08,602.6
21-Aug-08,592.8
22-Aug-08,585.1
25-Aug-08,587.35
26-Aug-08,573.7
27-Aug-08,589.7
28-Aug-08,566.9
29-Aug-08,579.15
1-Sep-08,580.1
2-Sep-08,593.25
4-Sep-08,600.5
5-Sep-08,584.65
8-Sep-08,592.05
9-Sep-08,578.35
10-Sep-08,567.6
11-Sep-08,559.4
12-Sep-08,570.15
15-Sep-08,561.5
16-Sep-08,537.8
17-Sep-08,521.75
18-Sep-08,518.75
19-Sep-08,520.15
22-Sep-08,529.3
23-Sep-08,523.55
24-Sep-08,523.6
25-Sep-08,521.55
26-Sep-08,515.65
29-Sep-08,507.85
30-Sep-08,509.95
1-Oct-08,532.45
3-Oct-08,550.1
6-Oct-08,475.75
7-Oct-08,450
8-Oct-08,465.15
10-Oct-08,436.25
13-Oct-08,430.75
14-Oct-08,455.6
15-Oct-08,442.9
16-Oct-08,451.4
17-Oct-08,448.45
20-Oct-08,484.7
21-Oct-08,509.8
22-Oct-08,480.2
23-Oct-08,465.6
24-Oct-08,444.6
27-Oct-08,425.7
28-Oct-08,421.4
29-Oct-08,416.2
31-Oct-08,429.9
3-Nov-08,403
4-Nov-08,401.25
5-Nov-08,406.85
6-Nov-08,412.4
7-Nov-08,408.15
10-Nov-08,415.45
11-Nov-08,422.3
12-Nov-08,414.85
14-Nov-08,405.65
17-Nov-08,398.55
18-Nov-08,402.1
19-Nov-08,418.05
20-Nov-08,416.15
21-Nov-08,415.4
24-Nov-08,430.6
25-Nov-08,417.8
26-Nov-08,424.2
28-Nov-08,427.2
1-Dec-08,447.85
2-Dec-08,469.05
3-Dec-08,475.35
4-Dec-08,478.95
5-Dec-08,475.75
8-Dec-08,482.8
10-Dec-08,484.15
11-Dec-08,459.2
12-Dec-08,443.7
15-Dec-08,453
16-Dec-08,453.1
17-Dec-08,443.2
18-Dec-08,456.5
19-Dec-08,476.25
22-Dec-08,477.65
23-Dec-08,467.85
24-Dec-08,472
26-Dec-08,468.25
29-Dec-08,465.55
30-Dec-08,470.75
31-Dec-08,468.65
1-Jan-09,467.6
2-Jan-09,468
5-Jan-09,471.25
6-Jan-09,486.7
7-Jan-09,464.9
9-Jan-09,459.9
12-Jan-09,468.45
13-Jan-09,452.75
14-Jan-09,475.95
15-Jan-09,445.2
16-Jan-09,447.3
19-Jan-09,457.45
20-Jan-09,467.9
21-Jan-09,447.05
22-Jan-09,428.5
23-Jan-09,432.2
27-Jan-09,443.9
28-Jan-09,442.55
29-Jan-09,453.05
30-Jan-09,449.8
2-Feb-09,448.9
3-Feb-09,437.8
4-Feb-09,436.6
5-Feb-09,447.95
6-Feb-09,458.9
9-Feb-09,465.05
10-Feb-09,464.35
11-Feb-09,444.95
12-Feb-09,434.8
13-Feb-09,430.5
16-Feb-09,410.3
17-Feb-09,401.2
18-Feb-09,398.15
19-Feb-09,405.95
20-Feb-09,395.2
24-Feb-09,397.7
25-Feb-09,403.25
26-Feb-09,406.6
27-Feb-09,391.85
2-Mar-09,398.75
3-Mar-09,397.2
4-Mar-09,389.8
5-Mar-09,374
6-Mar-09,385.6
9-Mar-09,376.65
12-Mar-09,398.05
13-Mar-09,412.5
16-Mar-09,433.9
17-Mar-09,424.95
18-Mar-09,436.8
19-Mar-09,436.4
20-Mar-09,422.45
23-Mar-09,435.7
24-Mar-09,425.2
25-Mar-09,425.25
26-Mar-09,444.85
27-Mar-09,474.25
30-Mar-09,466.35
31-Mar-09,490.2
1-Apr-09,482
2-Apr-09,502.5
6-Apr-09,514.1
8-Apr-09,520.5
9-Apr-09,517.1
13-Apr-09,529.7
15-Apr-09,545.95
16-Apr-09,526.95
17-Apr-09,535.75
20-Apr-09,544.45
21-Apr-09,535.85
22-Apr-09,553.25
23-Apr-09,566.15
24-Apr-09,554.5
27-Apr-09,567.9
28-Apr-09,548.25
29-Apr-09,544.75
4-May-09,567.45
5-May-09,560.45
6-May-09,568.45
7-May-09,574.9
8-May-09,551
11-May-09,558.9
12-May-09,594.45
13-May-09,584.95
14-May-09,587.15
15-May-09,573.55
18-May-09,612.95
19-May-09,591.95
20-May-09,630.25
21-May-09,638.25
22-May-09,660.95
25-May-09,650.65
26-May-09,661.15
27-May-09,674.35
28-May-09,662
29-May-09,647.5
1-Jun-09,636.15
2-Jun-09,616.05
3-Jun-09,621.95
4-Jun-09,645.25
5-Jun-09,686.3
8-Jun-09,685.7
9-Jun-09,711.8
10-Jun-09,751.65
11-Jun-09,741.05
12-Jun-09,705.1
15-Jun-09,705.55
16-Jun-09,712.9
17-Jun-09,715.25
18-Jun-09,728.4
19-Jun-09,734.7
22-Jun-09,734.85
23-Jun-09,744.7
24-Jun-09,743.65
25-Jun-09,756.95
26-Jun-09,770.2
29-Jun-09,782.8
30-Jun-09,779.85
1-Jul-09,787.25
2-Jul-09,787.35
3-Jul-09,797.45
6-Jul-09,766.65
7-Jul-09,784.8
8-Jul-09,806.55
9-Jul-09,808.5
10-Jul-09,798.75
13-Jul-09,766.55
14-Jul-09,769.35
15-Jul-09,765.85
16-Jul-09,755.35
17-Jul-09,768.6
20-Jul-09,790.25
21-Jul-09,791.6
22-Jul-09,751.05
23-Jul-09,784.95
24-Jul-09,814.95
27-Jul-09,816
28-Jul-09,802.6
29-Jul-09,805.3
30-Jul-09,824.75
31-Jul-09,820.3
3-Aug-09,814.1
4-Aug-09,817.45
5-Aug-09,821.9
6-Aug-09,801.85
7-Aug-09,787.55
10-Aug-09,779.95
11-Aug-09,800
12-Aug-09,800.45
13-Aug-09,803.9
14-Aug-09,802.95
17-Aug-09,792.25
18-Aug-09,789.75
19-Aug-09,799.55
20-Aug-09,802.6
21-Aug-09,804.45
24-Aug-09,805.6
25-Aug-09,809.4
26-Aug-09,825.8
27-Aug-09,814.9
28-Aug-09,817.4
31-Aug-09,792.9
1-Sep-09,784.7
2-Sep-09,778.85
3-Sep-09,766.55
4-Sep-09,772.8
7-Sep-09,794.1
8-Sep-09,795.05
9-Sep-09,793.05
10-Sep-09,821.05
11-Sep-09,809.7
14-Sep-09,819.7
15-Sep-09,828.5
16-Sep-09,830.55
17-Sep-09,835.05
18-Sep-09,866
22-Sep-09,862.3
23-Sep-09,869
24-Sep-09,892.25
25-Sep-09,987.55
29-Sep-09,988.1
30-Sep-09,992.75
1-Oct-09,952.2
5-Oct-09,920.75
6-Oct-09,938.65
7-Oct-09,948.15
8-Oct-09,977.9
9-Oct-09,958.7
12-Oct-09,962.4
14-Oct-09,983
15-Oct-09,966.6
16-Oct-09,940.6
17-Oct-09,944.6
20-Oct-09,933.9
21-Oct-09,912.15
22-Oct-09,902.65
23-Oct-09,959.6
26-Oct-09,975.6
27-Oct-09,991.1
28-Oct-09,999.6
29-Oct-09,1016.2
30-Oct-09,1011.4
3-Nov-09,1034.5
4-Nov-09,1064.5
5-Nov-09,1070.75
6-Nov-09,1069.25
9-Nov-09,1099.85
10-Nov-09,1091.25
11-Nov-09,1128.9
12-Nov-09,1108.75
13-Nov-09,1108.65
16-Nov-09,1102.35
17-Nov-09,1110.75
18-Nov-09,1107.65
19-Nov-09,1098.9
20-Nov-09,1117.55
23-Nov-09,1104.15
24-Nov-09,1109.35
25-Nov-09,1100.25
26-Nov-09,1114.2
27-Nov-09,1109.05
30-Nov-09,1128.95
1-Dec-09,1145
2-Dec-09,1124.15
3-Dec-09,1124
4-Dec-09,1120.35
7-Dec-09,1094.6
8-Dec-09,1097.1
9-Dec-09,1077
10-Dec-09,1106.45
11-Dec-09,1103.05
14-Dec-09,1103.7
15-Dec-09,1123.8
16-Dec-09,1143.95
17-Dec-09,1174.45
18-Dec-09,1207.05
21-Dec-09,1222.3
22-Dec-09,1206.85
23-Dec-09,1213.3
24-Dec-09,1184.05
29-Dec-09,1146.4
30-Dec-09,1137.6
31-Dec-09,1146.6
4-Jan-10,1142.15
5-Jan-10,1177.45
6-Jan-10,1207.65
7-Jan-10,1188.95
8-Jan-10,1194.1
11-Jan-10,1200.15
12-Jan-10,1209.5
13-Jan-10,1228.25
14-Jan-10,1237.1
15-Jan-10,1229.95
18-Jan-10,1223
19-Jan-10,1180.5
20-Jan-10,1201.4
21-Jan-10,1123.6
22-Jan-10,1127.4
25-Jan-10,1121.9
27-Jan-10,1106.5
28-Jan-10,1152.9
29-Jan-10,1119.6
1-Feb-10,1123.5
2-Feb-10,1165.6
3-Feb-10,1152.25
4-Feb-10,1161.9
5-Feb-10,1150.5
6-Feb-10,1132.3
8-Feb-10,1115.6
9-Feb-10,1102.55
10-Feb-10,1083.4
11-Feb-10,1090.6
15-Feb-10,1105.55
16-Feb-10,1113.15
17-Feb-10,1106.05
18-Feb-10,1116.25
19-Feb-10,1121.05
22-Feb-10,1116.1
23-Feb-10,1143.45
24-Feb-10,1140.8
25-Feb-10,1143.8
26-Feb-10,1142.3
2-Mar-10,1135.5
3-Mar-10,1168.75
4-Mar-10,1156.85
5-Mar-10,1152.1
8-Mar-10,1169.2
9-Mar-10,1167.9
10-Mar-10,1165.25
11-Mar-10,1167.95
12-Mar-10,1173.75
15-Mar-10,1200.7
16-Mar-10,1222.25
17-Mar-10,1229.2
18-Mar-10,1234
19-Mar-10,1253.9
22-Mar-10,1268.45
23-Mar-10,1303.55
25-Mar-10,1315.4
26-Mar-10,1284.55
29-Mar-10,1268.5
30-Mar-10,1262.95
31-Mar-10,1274.95
1-Apr-10,1263.9
5-Apr-10,1272.95
6-Apr-10,1274.7
7-Apr-10,1281.2
8-Apr-10,1275.95
9-Apr-10,1242.55
12-Apr-10,1202.9
13-Apr-10,1191.05
15-Apr-10,1230.2
16-Apr-10,1199.9
19-Apr-10,1190.8
20-Apr-10,1163.45
21-Apr-10,1166.65
22-Apr-10,1200.35
23-Apr-10,1212.95
26-Apr-10,1244.3
27-Apr-10,1258.95
28-Apr-10,1246.1
29-Apr-10,1239.4
30-Apr-10,1259.95
3-May-10,1239.15
4-May-10,1232.8
5-May-10,1240.8
6-May-10,1242.55
7-May-10,1205.6
10-May-10,1220.45
11-May-10,1194.55
12-May-10,1260.35
13-May-10,1271.95
14-May-10,1292
17-May-10,1307.8
18-May-10,1311.85
19-May-10,1294.5
20-May-10,1317.6
21-May-10,1310
24-May-10,1289.45
25-May-10,1262.45
26-May-10,1288.65
27-May-10,1331.6
28-May-10,1370.1
31-May-10,1403.85
1-Jun-10,1405
2-Jun-10,1405.05
3-Jun-10,1395.35
4-Jun-10,1405.6
7-Jun-10,1403.45
8-Jun-10,1399.15
9-Jun-10,1466.7
10-Jun-10,1497.3
11-Jun-10,1466.05
14-Jun-10,1411.55
15-Jun-10,1422.2
16-Jun-10,1414.15
17-Jun-10,1423.45
18-Jun-10,1421.7
21-Jun-10,1419.2
22-Jun-10,1409.45
23-Jun-10,1451.2
24-Jun-10,1467
25-Jun-10,1483.8
28-Jun-10,1480.1
29-Jun-10,1455.1
30-Jun-10,1451.25
1-Jul-10,1440.45
2-Jul-10,1435.8
5-Jul-10,1461.35
6-Jul-10,1470.55
7-Jul-10,1454.25
8-Jul-10,1461.5
9-Jul-10,1462.9
12-Jul-10,1461.45
13-Jul-10,1454.9
14-Jul-10,1447.6
15-Jul-10,1469.4
16-Jul-10,1477.85
19-Jul-10,1472.75
20-Jul-10,1430.65
21-Jul-10,1404.75
22-Jul-10,1380.7
23-Jul-10,1365.3
26-Jul-10,1343.45
27-Jul-10,1330.5
28-Jul-10,1333.75
29-Jul-10,1377.85
30-Jul-10,1354.6
2-Aug-10,1356.1
3-Aug-10,1373.05
4-Aug-10,1376.35
5-Aug-10,1344.35
6-Aug-10,1338.5
9-Aug-10,1338.05
10-Aug-10,1332.2
11-Aug-10,1314.05
12-Aug-10,1347.75
13-Aug-10,1339.45
16-Aug-10,1354.5
17-Aug-10,1330.15
18-Aug-10,1337.5
19-Aug-10,1340
20-Aug-10,1326.15
23-Aug-10,1330.6
24-Aug-10,1328.35
25-Aug-10,1323.6
26-Aug-10,1339.15
27-Aug-10,1327.85
30-Aug-10,1346.8
31-Aug-10,1364.45
1-Sep-10,1368.55
2-Sep-10,1377.35
3-Sep-10,1389.85
6-Sep-10,1430.35
7-Sep-10,1431.75
8-Sep-10,1404.65
9-Sep-10,1403.5
13-Sep-10,1448.75
14-Sep-10,1461.9
15-Sep-10,1469.45
16-Sep-10,1459.95
17-Sep-10,1476.8
20-Sep-10,1472.05
21-Sep-10,1490.9
22-Sep-10,1498.05
23-Sep-10,1492.6
24-Sep-10,1496.4
27-Sep-10,1493
28-Sep-10,1459.35
29-Sep-10,1459.3
30-Sep-10,1441.7
1-Oct-10,1484.55
4-Oct-10,1497.6
5-Oct-10,1502.55
6-Oct-10,1522.65
7-Oct-10,1553
8-Oct-10,1560.4
11-Oct-10,1567.9
12-Oct-10,1570.35
13-Oct-10,1587.1
14-Oct-10,1574.9
15-Oct-10,1585.25
18-Oct-10,1614.8
19-Oct-10,1628.6
20-Oct-10,1584.5
21-Oct-10,1615.95
22-Oct-10,1609.5
25-Oct-10,1638.6
26-Oct-10,1651.6
27-Oct-10,1651.3
28-Oct-10,1645.9
29-Oct-10,1659.6
1-Nov-10,1678.9
2-Nov-10,1673.95
3-Nov-10,1695.4
4-Nov-10,1734.15
5-Nov-10,1753.6
8-Nov-10,1760.05
9-Nov-10,1757.15
10-Nov-10,1744
11-Nov-10,1736.3
12-Nov-10,1742.95
15-Nov-10,1762.4
16-Nov-10,1751.7
18-Nov-10,1767.85
19-Nov-10,1770.5
22-Nov-10,1762.7
23-Nov-10,1760.2
24-Nov-10,1781.25
25-Nov-10,1770.15
26-Nov-10,1787.15
29-Nov-10,1796.85
30-Nov-10,1786.7
1-Dec-10,1775.65
2-Dec-10,1787.7
3-Dec-10,1827.95
6-Dec-10,1819.4
7-Dec-10,1830.1
8-Dec-10,1842.35
9-Dec-10,1812.5
10-Dec-10,1808.35
13-Dec-10,1822.1
14-Dec-10,1828.7
15-Dec-10,1791.1
16-Dec-10,1788.8
20-Dec-10,1704.2
21-Dec-10,1686.7
22-Dec-10,1676.85
23-Dec-10,1683.05
24-Dec-10,1683.85
27-Dec-10,1694.15
28-Dec-10,1689.75
29-Dec-10,1693.6
30-Dec-10,1685
31-Dec-10,1662.85
3-Jan-11,1670.5
4-Jan-11,1696.25
5-Jan-11,1715.25
6-Jan-11,1716.35
7-Jan-11,1672.65
10-Jan-11,1654.35
11-Jan-11,1670.9
12-Jan-11,1669.4
13-Jan-11,1642.2
14-Jan-11,1651.45
17-Jan-11,1640.7
18-Jan-11,1671.65
19-Jan-11,1657.85
20-Jan-11,1666.25
21-Jan-11,1651.95
24-Jan-11,1636.1
25-Jan-11,1578.85
27-Jan-11,1555.05
28-Jan-11,1563.3
31-Jan-11,1624.25
1-Feb-11,1609.35
2-Feb-11,1613.4
3-Feb-11,1600.35
4-Feb-11,1580.9
7-Feb-11,1565.15
8-Feb-11,1534.6
9-Feb-11,1518.45
10-Feb-11,1491.25
11-Feb-11,1497.25
14-Feb-11,1541.15
15-Feb-11,1538.6
16-Feb-11,1511.2
17-Feb-11,1525.85
18-Feb-11,1537.35
21-Feb-11,1537.25
22-Feb-11,1550.75
23-Feb-11,1578.05
24-Feb-11,1500.1
25-Feb-11,1527.4
28-Feb-11,1546
1-Mar-11,1582.25
3-Mar-11,1579.35
4-Mar-11,1571.9
7-Mar-11,1614.6
8-Mar-11,1602.55
9-Mar-11,1619.45
10-Mar-11,1590.35
11-Mar-11,1586.55
14-Mar-11,1597.4
15-Mar-11,1540.25
16-Mar-11,1570.6
17-Mar-11,1526.65
18-Mar-11,1493.75
21-Mar-11,1510.1
22-Mar-11,1533.5
23-Mar-11,1556.85
24-Mar-11,1542.1
25-Mar-11,1548.15
28-Mar-11,1549.85
29-Mar-11,1598.4
30-Mar-11,1634.4
31-Mar-11,1639.05
1-Apr-11,1617.9
4-Apr-11,1629.15
5-Apr-11,1639.35
6-Apr-11,1640.3
7-Apr-11,1628.75
8-Apr-11,1629.95
11-Apr-11,1614.15
13-Apr-11,1636.05
15-Apr-11,1654.25
18-Apr-11,1646.8
19-Apr-11,1625.2
20-Apr-11,1676.6
21-Apr-11,1656.8
25-Apr-11,1655.85
26-Apr-11,1679.9
27-Apr-11,1666.35
28-Apr-11,1679.35
29-Apr-11,1663.9
2-May-11,1692.75
3-May-11,1683.1
4-May-11,1600.85
5-May-11,1580.05
6-May-11,1606.4
9-May-11,1597.05
10-May-11,1593.35
11-May-11,1598.9
12-May-11,1598.55
13-May-11,1651.65
16-May-11,1618.5
17-May-11,1628.85
18-May-11,1588.75
19-May-11,1599.2
20-May-11,1600.9
23-May-11,1566
24-May-11,1558.35
25-May-11,1544.05
26-May-11,1550.15
27-May-11,1559.5
30-May-11,1579.45
31-May-11,1615.85
1-Jun-11,1610.45
2-Jun-11,1606.85
3-Jun-11,1575.35
6-Jun-11,1607.4
7-Jun-11,1604.1
8-Jun-11,1577.45
9-Jun-11,1563.6
10-Jun-11,1562.1
13-Jun-11,1536.7
14-Jun-11,1554.9
15-Jun-11,1555.6
16-Jun-11,1549.55
17-Jun-11,1553.35
20-Jun-11,1516.1
21-Jun-11,1511.2
22-Jun-11,1514.5
23-Jun-11,1494.6
24-Jun-11,1499.7
27-Jun-11,1504.8
28-Jun-11,1543.2
29-Jun-11,1552
30-Jun-11,1531.9
1-Jul-11,1526.9
4-Jul-11,1558.75
5-Jul-11,1564.05
6-Jul-11,1528.9
7-Jul-11,1565.3
8-Jul-11,1550.1
11-Jul-11,1539.75
12-Jul-11,1542.85
13-Jul-11,1595.8
14-Jul-11,1591.7
15-Jul-11,1600
18-Jul-11,1576.05
19-Jul-11,1599.6
20-Jul-11,1566.55
21-Jul-11,1539.85
22-Jul-11,1569.85
25-Jul-11,1588.05
26-Jul-11,1578.3
27-Jul-11,1589.15
28-Jul-11,1603.8
29-Jul-11,1586.05
1-Aug-11,1600.5
2-Aug-11,1598.45
3-Aug-11,1575.2
4-Aug-11,1544.1
5-Aug-11,1530.7
8-Aug-11,1546.3
9-Aug-11,1491.5
10-Aug-11,1486.3
11-Aug-11,1483.2
12-Aug-11,1485.9
16-Aug-11,1502.6
17-Aug-11,1503.8
18-Aug-11,1462.65
19-Aug-11,1412.15
22-Aug-11,1450.55
23-Aug-11,1445.2
24-Aug-11,1447.6
25-Aug-11,1456.05
26-Aug-11,1451.2
29-Aug-11,1466.85
30-Aug-11,1496
2-Sep-11,1507.85
5-Sep-11,1481.15
6-Sep-11,1474.7
7-Sep-11,1473.15
8-Sep-11,1475.85
9-Sep-11,1467.8
12-Sep-11,1453.85
13-Sep-11,1452.05
14-Sep-11,1465.9
15-Sep-11,1478.35
16-Sep-11,1527.1
19-Sep-11,1515.35
20-Sep-11,1537.15
21-Sep-11,1530.8
22-Sep-11,1503.95
23-Sep-11,1486.5
26-Sep-11,1484.8
27-Sep-11,1498.95
28-Sep-11,1489.2
29-Sep-11,1490.15
30-Sep-11,1483.15
3-Oct-11,1460.2
4-Oct-11,1451.8
5-Oct-11,1484.9
7-Oct-11,1503.15
10-Oct-11,1510.05
11-Oct-11,1507.8
12-Oct-11,1530.3
13-Oct-11,1503.7
14-Oct-11,1523.3
17-Oct-11,1509
18-Oct-11,1497.6
19-Oct-11,1518.3
20-Oct-11,1521.55
21-Oct-11,1530.15
24-Oct-11,1543.8
25-Oct-11,1579.55
26-Oct-11,1593.1
28-Oct-11,1671.2
31-Oct-11,1670.7
1-Nov-11,1610
2-Nov-11,1638.65
3-Nov-11,1640.3
4-Nov-11,1621.95
8-Nov-11,1623.1
9-Nov-11,1605.95
11-Nov-11,1619.4
14-Nov-11,1645.05
15-Nov-11,1613.8
16-Nov-11,1614.65
17-Nov-11,1551.7
18-Nov-11,1556.1
21-Nov-11,1530.4
22-Nov-11,1539.05
23-Nov-11,1532.75
24-Nov-11,1578.8
25-Nov-11,1539.8
28-Nov-11,1551.65
29-Nov-11,1594.9
30-Nov-11,1577.5
1-Dec-11,1546.05
2-Dec-11,1577.4
5-Dec-11,1579.7
7-Dec-11,1554.8
8-Dec-11,1555.1
9-Dec-11,1572.45
12-Dec-11,1568.75
13-Dec-11,1599.9
14-Dec-11,1584.4
15-Dec-11,1585.15
16-Dec-11,1605.3
19-Dec-11,1590
20-Dec-11,1567.95
21-Dec-11,1565.15
22-Dec-11,1573.2
23-Dec-11,1589.6
26-Dec-11,1584.1
27-Dec-11,1580.15
28-Dec-11,1566.8
29-Dec-11,1569.15
30-Dec-11,1577.95
2-Jan-12,1569.6
3-Jan-12,1606.05
4-Jan-12,1591.2
5-Jan-12,1581.65
6-Jan-12,1600.55
9-Jan-12,1600.05
10-Jan-12,1618.1
11-Jan-12,1650.75
12-Jan-12,1657.5
13-Jan-12,1660.75
16-Jan-12,1643.2
17-Jan-12,1645.1
18-Jan-12,1662.55
19-Jan-12,1700.3
20-Jan-12,1645.15
23-Jan-12,1647.8
24-Jan-12,1646
25-Jan-12,1649.15
27-Jan-12,1645.65
30-Jan-12,1656.1
31-Jan-12,1689.75
1-Feb-12,1676.4
2-Feb-12,1631.6
3-Feb-12,1670.75
6-Feb-12,1647.1
7-Feb-12,1633.6
8-Feb-12,1621.7
9-Feb-12,1638.55
10-Feb-12,1621.95
13-Feb-12,1626.65
14-Feb-12,1610.65
15-Feb-12,1620.25
16-Feb-12,1621.65
17-Feb-12,1634.95
21-Feb-12,1649.35
22-Feb-12,1646.9
23-Feb-12,1630.35
24-Feb-12,1629.3
27-Feb-12,1630.05
28-Feb-12,1648.05
29-Feb-12,1642.7
1-Mar-12,1667.7
2-Mar-12,1677.15
5-Mar-12,1674.5
6-Mar-12,1689.25
7-Mar-12,1692.75
9-Mar-12,1702.25
12-Mar-12,1697.25
13-Mar-12,1695.65
14-Mar-12,1679
15-Mar-12,1680.95
16-Mar-12,1680.1
19-Mar-12,1675
20-Mar-12,1676
21-Mar-12,1675.9
22-Mar-12,1664.95
23-Mar-12,1665.9
26-Mar-12,1663.6
27-Mar-12,1681
28-Mar-12,1699
29-Mar-12,1706.5
30-Mar-12,1764.75
2-Apr-12,1738.25
3-Apr-12,1693.05
4-Apr-12,1712.55
9-Apr-12,1750.85
10-Apr-12,1714.75
11-Apr-12,1731.85
12-Apr-12,1693.15
13-Apr-12,1735
16-Apr-12,1759.45
17-Apr-12,1760.6
18-Apr-12,1767.15
19-Apr-12,1806.45
20-Apr-12,1793.1
23-Apr-12,1778.2
24-Apr-12,1763.45
25-Apr-12,1781.8
26-Apr-12,1774.2
27-Apr-12,1781
30-Apr-12,1762.95
2-May-12,1759.85
3-May-12,1747.65
4-May-12,1747.65
7-May-12,1715.4
8-May-12,1709.5
9-May-12,1684
10-May-12,1697.65
11-May-12,1660.3
14-May-12,1671.95
15-May-12,1659.35
16-May-12,1663.45
17-May-12,1663.3
18-May-12,1660.3
21-May-12,1652.9
22-May-12,1659.35
23-May-12,1674.8
24-May-12,1707
25-May-12,1692.15
28-May-12,1697
29-May-12,1700.95
30-May-12,1683.5
31-May-12,1685.6
1-Jun-12,1650
4-Jun-12,1622.05
5-Jun-12,1618.4
6-Jun-12,1615.5
7-Jun-12,1617.15
8-Jun-12,1621.25
11-Jun-12,1610.6
12-Jun-12,1581.8
13-Jun-12,1568.85
14-Jun-12,1555.15
15-Jun-12,1579.3
18-Jun-12,1543.1
19-Jun-12,1546.75
20-Jun-12,1591.6
21-Jun-12,1586.1
22-Jun-12,1584.05
25-Jun-12,1590.25
26-Jun-12,1600.9
27-Jun-12,1609.45
28-Jun-12,1611.5
29-Jun-12,1648.15
2-Jul-12,1644
3-Jul-12,1668.6
4-Jul-12,1642.3
5-Jul-12,1628.5
6-Jul-12,1634.4
9-Jul-12,1640.2
10-Jul-12,1657.95
11-Jul-12,1644.75
12-Jul-12,1649.5
13-Jul-12,1646.6
16-Jul-12,1675.35
17-Jul-12,1704.55
18-Jul-12,1672.45
19-Jul-12,1654.55
20-Jul-12,1611.2
23-Jul-12,1629.4
24-Jul-12,1627.15
25-Jul-12,1615.7
26-Jul-12,1623
27-Jul-12,1621.35
30-Jul-12,1625.15
31-Jul-12,1614.95
1-Aug-12,1635.95
2-Aug-12,1647
3-Aug-12,1673.45
6-Aug-12,1658.05
7-Aug-12,1659.3
8-Aug-12,1657.35
9-Aug-12,1649.35
10-Aug-12,1644.65
13-Aug-12,1640.15
14-Aug-12,1645.65
16-Aug-12,1658.6
17-Aug-12,1669
21-Aug-12,1659.95
22-Aug-12,1676.1
23-Aug-12,1675.05
24-Aug-12,1677.1
27-Aug-12,1671.1
28-Aug-12,1695.25
29-Aug-12,1687.65
30-Aug-12,1695.7
31-Aug-12,1677.6
3-Sep-12,1670.2
4-Sep-12,1681.2
5-Sep-12,1676.45
6-Sep-12,1673.7
7-Sep-12,1700.1
10-Sep-12,1716.65
11-Sep-12,1725.85
12-Sep-12,1769.4
13-Sep-12,1778.8
14-Sep-12,1747.5
17-Sep-12,1670.5
18-Sep-12,1676.65
20-Sep-12,1665.05
21-Sep-12,1643.7
24-Sep-12,1665.75
25-Sep-12,1655
26-Sep-12,1623.55
27-Sep-12,1622.8
28-Sep-12,1645.65
1-Oct-12,1646.45
3-Oct-12,1683.15
4-Oct-12,1720.2
5-Oct-12,1697.3
8-Oct-12,1701.95
9-Oct-12,1708
10-Oct-12,1691.7
11-Oct-12,1702.45
12-Oct-12,1683.95
15-Oct-12,1701.2
16-Oct-12,1691.25
17-Oct-12,1691
18-Oct-12,1695.65
19-Oct-12,1704.45
22-Oct-12,1728.75
23-Oct-12,1731.2
25-Oct-12,1694.5
26-Oct-12,1670.25
29-Oct-12,1697.7
30-Oct-12,1724.3
31-Oct-12,1756.5
1-Nov-12,1765.1
2-Nov-12,1774.65
5-Nov-12,1797.6
6-Nov-12,1786.65
7-Nov-12,1794.1
8-Nov-12,1776.95
9-Nov-12,1768.85
12-Nov-12,1776.8
15-Nov-12,1721.65
16-Nov-12,1756.9
19-Nov-12,1738
20-Nov-12,1738.45
21-Nov-12,1736.1
22-Nov-12,1730.15
23-Nov-12,1743
26-Nov-12,1759.75
27-Nov-12,1787.55
29-Nov-12,1808.55
30-Nov-12,1819.4
3-Dec-12,1831
4-Dec-12,1831.75
5-Dec-12,1832.5
6-Dec-12,1846.55
7-Dec-12,1839.4
10-Dec-12,1883.75
11-Dec-12,1881.2
12-Dec-12,1873.65
13-Dec-12,1851.95
14-Dec-12,1830.05
17-Dec-12,1844.3
18-Dec-12,1839
19-Dec-12,1852.75
20-Dec-12,1845.8
21-Dec-12,1821
24-Dec-12,1822.35
26-Dec-12,1818.85
27-Dec-12,1828.95
28-Dec-12,1826.55
31-Dec-12,1829.75
1-Jan-13,1835.75
2-Jan-13,1837.7
3-Jan-13,1882.3
4-Jan-13,1889.35
7-Jan-13,1887.6
8-Jan-13,1908.15
9-Jan-13,1910.9
10-Jan-13,1910.05
11-Jan-13,1899.85
14-Jan-13,1913.05
15-Jan-13,1902.35
16-Jan-13,1929.9
17-Jan-13,1938.5
18-Jan-13,1891.15
21-Jan-13,1922.8
22-Jan-13,1912.45
23-Jan-13,1922.3
24-Jan-13,1935.2
25-Jan-13,1945.15
28-Jan-13,1940.75
29-Jan-13,1937.85
30-Jan-13,1932.7
31-Jan-13,1915.9
1-Feb-13,1945.3
4-Feb-13,1912.35
5-Feb-13,1899.85
6-Feb-13,1899.25
7-Feb-13,1895.2
8-Feb-13,1855.4
11-Feb-13,1898.85
12-Feb-13,1915.05
13-Feb-13,1905.2
14-Feb-13,1874.35
15-Feb-13,1818.9
18-Feb-13,1802.2
19-Feb-13,1823.5
20-Feb-13,1825.8
21-Feb-13,1821.2
22-Feb-13,1816.2
25-Feb-13,1804.35
26-Feb-13,1769.15
27-Feb-13,1755.85
28-Feb-13,1755.45
1-Mar-13,1741.85
4-Mar-13,1765.1
5-Mar-13,1793.95
6-Mar-13,1809.8
7-Mar-13,1808.7
8-Mar-13,1819.2
11-Mar-13,1813.15
12-Mar-13,1817.15
13-Mar-13,1807.95
14-Mar-13,1817
15-Mar-13,1822.65
18-Mar-13,1802.9
19-Mar-13,1797.85
20-Mar-13,1800
21-Mar-13,1772.25
22-Mar-13,1752.1
25-Mar-13,1765.9
26-Mar-13,1763.15
28-Mar-13,1766.5
1-Apr-13,1825.9
2-Apr-13,1839.35
3-Apr-13,1837.85
4-Apr-13,1889.75
5-Apr-13,1911.55
8-Apr-13,1936.7
9-Apr-13,1916.5
10-Apr-13,1899.7
11-Apr-13,1885.15
12-Apr-13,1903.8
15-Apr-13,1852.65
16-Apr-13,1923.7
17-Apr-13,1907.9
18-Apr-13,1906.1
22-Apr-13,1886.35
23-Apr-13,1901.5
25-Apr-13,1992.5
26-Apr-13,1990.85
29-Apr-13,1997.35
30-Apr-13,2028.2
2-May-13,2009.65
3-May-13,2001.45
6-May-13,1992.95
7-May-13,1991.9
8-May-13,1998.75
9-May-13,1986.95
10-May-13,2022.25
13-May-13,2077.3
14-May-13,2027.9
15-May-13,2065.3
16-May-13,2118.95
17-May-13,2078.3
20-May-13,2044.8
21-May-13,2020.85
22-May-13,2055.75
23-May-13,2051.45
24-May-13,2066.1
27-May-13,2090.95
28-May-13,2116.85
29-May-13,2122.75
30-May-13,2107.65
31-May-13,2092
3-Jun-13,2111.85
4-Jun-13,2157.1
5-Jun-13,2160.65
6-Jun-13,2137.85
7-Jun-13,2190.3
10-Jun-13,2181.5
11-Jun-13,2183.95
12-Jun-13,2178.45
13-Jun-13,2159.05
14-Jun-13,2175.85
17-Jun-13,2146.45
18-Jun-13,2130.95
19-Jun-13,2099.7
20-Jun-13,2077.65
21-Jun-13,2121.4
24-Jun-13,2103.05
25-Jun-13,2099.65
26-Jun-13,2095.85
27-Jun-13,2159.25
28-Jun-13,2218.85
1-Jul-13,2263.8
2-Jul-13,2263.4
3-Jul-13,2210.85
4-Jul-13,2222.8
5-Jul-13,2238.85
8-Jul-13,2248.75
9-Jul-13,2284.2
10-Jul-13,2261.5
11-Jul-13,2295.85
12-Jul-13,2349.45
15-Jul-13,2347.65
16-Jul-13,2278.4
17-Jul-13,2311.15
18-Jul-13,2339.5
19-Jul-13,2346.1
22-Jul-13,2319.45
23-Jul-13,2361.25
24-Jul-13,2346.2
25-Jul-13,2317.95
26-Jul-13,2294.45
29-Jul-13,2217.7
30-Jul-13,2177.25
31-Jul-13,2281.2
1-Aug-13,2278.45
2-Aug-13,2238.7
5-Aug-13,2209.95
6-Aug-13,2198.2
7-Aug-13,2254.65
8-Aug-13,2224
12-Aug-13,2181.15
13-Aug-13,2238.25
14-Aug-13,2211.1
16-Aug-13,2166.15
19-Aug-13,2141.1
20-Aug-13,2138.75
21-Aug-13,2046.6
22-Aug-13,2108.55
23-Aug-13,2119.75
26-Aug-13,2150.85
27-Aug-13,2167.45
28-Aug-13,2171.8
29-Aug-13,2258.45
30-Aug-13,2292.9
2-Sep-13,2283.2
3-Sep-13,2206.6
4-Sep-13,2274.95
5-Sep-13,2294.1
6-Sep-13,2284.65
10-Sep-13,2266.4
11-Sep-13,2250.05
12-Sep-13,2246.7
13-Sep-13,2249.3
16-Sep-13,2224.05
17-Sep-13,2304.45
18-Sep-13,2353.45
19-Sep-13,2377.75
20-Sep-13,2366.25
23-Sep-13,2378.9
24-Sep-13,2394.9
25-Sep-13,2429.1
26-Sep-13,2457.05
27-Sep-13,2412.2
30-Sep-13,2381.15
1-Oct-13,2407.65
3-Oct-13,2429.75
4-Oct-13,2371.7
7-Oct-13,2385.65
8-Oct-13,2392.8
9-Oct-13,2404.4
10-Oct-13,2396.6
11-Oct-13,2401.95
14-Oct-13,2421.35
15-Oct-13,2410.35
17-Oct-13,2410.6
18-Oct-13,2459.95
21-Oct-13,2440.7
22-Oct-13,2430.9
23-Oct-13,2399.65
24-Oct-13,2391.65
25-Oct-13,2405.5
28-Oct-13,2400
29-Oct-13,2429.35
30-Oct-13,2523.15
31-Oct-13,2456.4
1-Nov-13,2471.3
5-Nov-13,2406.3
6-Nov-13,2397.7
7-Nov-13,2410.8
8-Nov-13,2402.3
11-Nov-13,2470.65
12-Nov-13,2470
13-Nov-13,2470.05
14-Nov-13,2461.6
18-Nov-13,2466.6
19-Nov-13,2451.85
20-Nov-13,2426.2
21-Nov-13,2409.55
22-Nov-13,2433.75
25-Nov-13,2440.15
26-Nov-13,2411.4
27-Nov-13,2428.2
28-Nov-13,2456.75
29-Nov-13,2484.8
2-Dec-13,2498.6
3-Dec-13,2466.15
4-Dec-13,2449.85
5-Dec-13,2414.75
6-Dec-13,2422.7
9-Dec-13,2454.25
10-Dec-13,2453
11-Dec-13,2442
12-Dec-13,2403.4
13-Dec-13,2400.5
16-Dec-13,2400.3
17-Dec-13,2427.25
18-Dec-13,2468.6
19-Dec-13,2463.5
20-Dec-13,2512.7
23-Dec-13,2513.4
24-Dec-13,2539.55
26-Dec-13,2513.45
27-Dec-13,2519.65
30-Dec-13,2525.6
31-Dec-13,2534.6
1-Jan-14,2537.45
2-Jan-14,2528.5
3-Jan-14,2495.7
6-Jan-14,2471.25
7-Jan-14,2491.25
8-Jan-14,2532.25
9-Jan-14,2586.9
10-Jan-14,2625.55
13-Jan-14,2626.55
14-Jan-14,2649
15-Jan-14,2650.2
16-Jan-14,2644.5
17-Jan-14,2651.85
20-Jan-14,2653.4
21-Jan-14,2651.55
22-Jan-14,2670.6
23-Jan-14,2669.2
24-Jan-14,2660.95
27-Jan-14,2633.1
28-Jan-14,2651.85
29-Jan-14,2655.25
30-Jan-14,2619.8
31-Jan-14,2609.55
3-Feb-14,2653.15
4-Feb-14,2596.65
5-Feb-14,2595.7
6-Feb-14,2599.95
7-Feb-14,2631.9
10-Feb-14,2672.15
11-Feb-14,2660.45
12-Feb-14,2615.4
13-Feb-14,2562.6
14-Feb-14,2580.05
17-Feb-14,2643.5
18-Feb-14,2652
19-Feb-14,2668.35
20-Feb-14,2715.9
21-Feb-14,2733.35
24-Feb-14,2795.85
25-Feb-14,2769.15
26-Feb-14,2833.2
28-Feb-14,2895.5
3-Mar-14,2815.55
4-Mar-14,2801.1
5-Mar-14,2786.9
6-Mar-14,2827
7-Mar-14,2725.3
10-Mar-14,2686.65
11-Mar-14,2678.7
12-Mar-14,2687.5
13-Mar-14,2727.15
14-Mar-14,2780.5
18-Mar-14,2787.6
19-Mar-14,2801.15
20-Mar-14,2778.85
21-Mar-14,2778.6
22-Mar-14,2780.4
24-Mar-14,2750.05
25-Mar-14,2723.45
26-Mar-14,2633.6
27-Mar-14,2588.6
28-Mar-14,2625.8
31-Mar-14,2563.9
1-Apr-14,2601
2-Apr-14,2626.8
3-Apr-14,2663.6
4-Apr-14,2650.05
7-Apr-14,2606.15
9-Apr-14,2624.4
10-Apr-14,2550.45
11-Apr-14,2576.9
15-Apr-14,2575.05
16-Apr-14,2536.75
17-Apr-14,2552.2
21-Apr-14,2549.8
22-Apr-14,2552.6
23-Apr-14,2565.9
25-Apr-14,2629.25
28-Apr-14,2676.75
29-Apr-14,2664.65
30-Apr-14,2706.15
2-May-14,2737.35
5-May-14,2729.15
6-May-14,2744.35
7-May-14,2742.2
8-May-14,2737.15
9-May-14,2718
12-May-14,2722.9
13-May-14,2610.75
14-May-14,2518.35
15-May-14,2481.6
16-May-14,2406.9
19-May-14,2286.15
20-May-14,2323.25
21-May-14,2300.05
22-May-14,2296.1
23-May-14,2308.7
26-May-14,2300.1
27-May-14,2311.8
28-May-14,2351.6
29-May-14,2384.1
30-May-14,2460.65
2-Jun-14,2413.95
3-Jun-14,2337.45
4-Jun-14,2318.85
5-Jun-14,2310.25
6-Jun-14,2354.05
9-Jun-14,2352.9
10-Jun-14,2395.5
11-Jun-14,2432.5
12-Jun-14,2434.95
13-Jun-14,2445.15
16-Jun-14,2424.45
17-Jun-14,2411.75
18-Jun-14,2422.7
19-Jun-14,2447.25
20-Jun-14,2439.4
23-Jun-14,2454.05
24-Jun-14,2462.55
25-Jun-14,2478.25
26-Jun-14,2507.6
27-Jun-14,2552.95
30-Jun-14,2624.05
1-Jul-14,2614.95
2-Jul-14,2662.9
3-Jul-14,2639.05
4-Jul-14,2678.35
7-Jul-14,2730.4
8-Jul-14,2680.6
9-Jul-14,2663.25
10-Jul-14,2650.65
11-Jul-14,2700.7
14-Jul-14,2695
15-Jul-14,2638.85
16-Jul-14,2647.2
17-Jul-14,2647.35
18-Jul-14,2653.25
21-Jul-14,2653.75
22-Jul-14,2723.6
23-Jul-14,2734
24-Jul-14,2704.25
25-Jul-14,2744
28-Jul-14,2769.7
30-Jul-14,2823.15
31-Jul-14,2808.7
1-Aug-14,2758.8
4-Aug-14,2767.7
5-Aug-14,2780.15
6-Aug-14,2750.95
7-Aug-14,2755.3
8-Aug-14,2782.25
11-Aug-14,2721.4
12-Aug-14,2730.35
13-Aug-14,2741.35
14-Aug-14,2755.75
18-Aug-14,2774.3
19-Aug-14,2829.75
20-Aug-14,2885.85
21-Aug-14,2838.85
22-Aug-14,2826.05
25-Aug-14,2879.95
26-Aug-14,2889.5
27-Aug-14,2922.75
28-Aug-14,2947.9
1-Sep-14,2975.8
2-Sep-14,2995.15
3-Sep-14,3000.5
4-Sep-14,3001.3
5-Sep-14,2980.2
8-Sep-14,3003
9-Sep-14,3008.4
10-Sep-14,3000.85
11-Sep-14,2976.45
12-Sep-14,2958.65
15-Sep-14,2983.4
16-Sep-14,3009.75
17-Sep-14,3081.95
18-Sep-14,3192.75
19-Sep-14,3222.95
22-Sep-14,3211.7
23-Sep-14,3199.1
24-Sep-14,3229.15
25-Sep-14,3310.4
26-Sep-14,3222.45
29-Sep-14,3208.2
30-Sep-14,3229.6
1-Oct-14,3200.4
7-Oct-14,3099.3
8-Oct-14,2966.2
9-Oct-14,2986.55
10-Oct-14,2998.85
13-Oct-14,2943.15
14-Oct-14,2935.3
16-Oct-14,2904.85
17-Oct-14,2918.6
20-Oct-14,2966.25
21-Oct-14,2964.3
22-Oct-14,3037.75
23-Oct-14,3057.65
27-Oct-14,3105.8
28-Oct-14,3081.1
29-Oct-14,3045.6
30-Oct-14,3094.9
31-Oct-14,3168.3
3-Nov-14,3181.3
5-Nov-14,3252.05
7-Nov-14,3397.15
10-Nov-14,3442.25
11-Nov-14,3418.35
12-Nov-14,3439.7
13-Nov-14,3468.25
14-Nov-14,3435.05
17-Nov-14,3439.75
18-Nov-14,3432.95
19-Nov-14,3523.05
20-Nov-14,3528.65
21-Nov-14,3530.8
24-Nov-14,3522
25-Nov-14,3573.2
26-Nov-14,3575.25
27-Nov-14,3610.9
28-Nov-14,3606.25
1-Dec-14,3628.45
2-Dec-14,3591.4
3-Dec-14,3501.95
4-Dec-14,3475.55
5-Dec-14,3395.5
8-Dec-14,3315.4
9-Dec-14,3354.85
10-Dec-14,3401.6
11-Dec-14,3429.5
12-Dec-14,3377.75
15-Dec-14,3355.65
16-Dec-14,3142.35
17-Dec-14,3160.35
18-Dec-14,3151.25
19-Dec-14,3199.45
22-Dec-14,3237.9
23-Dec-14,3206.35
24-Dec-14,3134.45
26-Dec-14,3134.1
29-Dec-14,3140.85
30-Dec-14,3182.55
31-Dec-14,3246.2
1-Jan-15,3210.5
2-Jan-15,3221.4
5-Jan-15,3148.4
6-Jan-15,3065.55
7-Jan-15,3039.2
8-Jan-15,3066.3
9-Jan-15,3163.8
12-Jan-15,3207.25
13-Jan-15,3223.35
14-Jan-15,3208.25
15-Jan-15,3240.55
16-Jan-15,3285.8
19-Jan-15,3323.9
20-Jan-15,3306.2
21-Jan-15,3335.85
22-Jan-15,3361.25
23-Jan-15,3349.6
27-Jan-15,3212.4
28-Jan-15,3239.05
29-Jan-15,3363.3
30-Jan-15,3233.25
2-Feb-15,3139.1
3-Feb-15,3087.15
4-Feb-15,3096.9
5-Feb-15,3072.05
6-Feb-15,3044.3
9-Feb-15,3099.1
10-Feb-15,3130.5
11-Feb-15,3152.4
12-Feb-15,3331.2
13-Feb-15,3343.95
16-Feb-15,3351.25
18-Feb-15,3354.25
19-Feb-15,3382.9
20-Feb-15,3403.9
23-Feb-15,3389.8
24-Feb-15,3359.75
25-Feb-15,3279.35
26-Feb-15,3252.2
27-Feb-15,3278.05
28-Feb-15,3349.05
2-Mar-15,3386.65
3-Mar-15,3407.9
4-Mar-15,3390.45
5-Mar-15,3441.5
9-Mar-15,3467.55
10-Mar-15,3437.3
11-Mar-15,3468
12-Mar-15,3432.8
13-Mar-15,3376.55
16-Mar-15,3313
17-Mar-15,3437.45
18-Mar-15,3427.05
19-Mar-15,3424.7
20-Mar-15,3426.6
23-Mar-15,3458.65
24-Mar-15,3511.45
25-Mar-15,3510.6
26-Mar-15,3445.7
27-Mar-15,3415.4
30-Mar-15,3425.3
31-Mar-15,3488.75
1-Apr-15,3533.65
6-Apr-15,3677.85
7-Apr-15,3684.85
8-Apr-15,3755.45
9-Apr-15,3740.25
10-Apr-15,3797.4
13-Apr-15,3795.35
15-Apr-15,3753.6
16-Apr-15,3680.3
17-Apr-15,3647.15
20-Apr-15,3567
21-Apr-15,3462
22-Apr-15,3570.3
23-Apr-15,3528.8
24-Apr-15,3484.15
27-Apr-15,3385.6
28-Apr-15,3412.25
29-Apr-15,3382.45
30-Apr-15,3310.25
4-May-15,3395.05
5-May-15,3402.65
6-May-15,3353.4
7-May-15,3282.9
8-May-15,3350.45
11-May-15,3359.7
12-May-15,3468.9
13-May-15,3494.15
14-May-15,3519.4
15-May-15,3496.45
18-May-15,3622.45
19-May-15,3636
20-May-15,3608.75
21-May-15,3619.2
22-May-15,3642.65
25-May-15,3585.45
26-May-15,3547.25
27-May-15,3586.65
28-May-15,3527.95
29-May-15,3535.25
1-Jun-15,3538.45
2-Jun-15,3473.75
3-Jun-15,3428.05
4-Jun-15,3422
5-Jun-15,3415.6
8-Jun-15,3407.05
9-Jun-15,3321.9
10-Jun-15,3366.6
11-Jun-15,3312.75
12-Jun-15,3317.55
15-Jun-15,3320.6
16-Jun-15,3286.6
17-Jun-15,3347.2
18-Jun-15,3377.45
19-Jun-15,3384.75
22-Jun-15,3425.9
23-Jun-15,3443.35
24-Jun-15,3434.55
25-Jun-15,3485.45
26-Jun-15,3530.1
29-Jun-15,3521.15
30-Jun-15,3559.45
1-Jul-15,3573.6
2-Jul-15,3547.7
3-Jul-15,3587.75
6-Jul-15,3716.7
7-Jul-15,3739.95
8-Jul-15,3720.85
9-Jul-15,3732.05
10-Jul-15,3750.5
13-Jul-15,3758.15
14-Jul-15,3772.95
15-Jul-15,3815
16-Jul-15,3866.5
17-Jul-15,3877.05
20-Jul-15,3930.25
21-Jul-15,3853.15
22-Jul-15,3847.75
23-Jul-15,3913.4
24-Jul-15,3908.9
27-Jul-15,3854.85
28-Jul-15,3749.1
29-Jul-15,3712.35
30-Jul-15,3913.1
31-Jul-15,4076.1
3-Aug-15,4143.9
4-Aug-15,4161.75
5-Aug-15,4191.8
6-Aug-15,4266.6
7-Aug-15,4258.85
10-Aug-15,4259.7
11-Aug-15,4223.85
12-Aug-15,4275
13-Aug-15,4291.75
14-Aug-15,4257.75
17-Aug-15,4181.45
18-Aug-15,4191.35
19-Aug-15,4231.3
20-Aug-15,4295.6
21-Aug-15,4244.05
24-Aug-15,4043.25
25-Aug-15,4105.35
26-Aug-15,4061.2
27-Aug-15,4130.1
28-Aug-15,4180.75
31-Aug-15,4302.65
1-Sep-15,4249.1
2-Sep-15,4200.15
3-Sep-15,4209.2
4-Sep-15,4052.85
7-Sep-15,3946.5
8-Sep-15,3977.55
9-Sep-15,4041.05
10-Sep-15,3973.55
11-Sep-15,4014.2
14-Sep-15,4042.7
15-Sep-15,4005.5
16-Sep-15,4010.4
18-Sep-15,4005.85
21-Sep-15,3957.3
22-Sep-15,3929.7
23-Sep-15,3934.5
24-Sep-15,3970.25
28-Sep-15,4191.25
29-Sep-15,4081.45
30-Sep-15,4162.35
1-Oct-15,4232.95
5-Oct-15,4180.25
6-Oct-15,4246.5
7-Oct-15,4195.55
8-Oct-15,4225.2
9-Oct-15,4257.85
12-Oct-15,4187.5
13-Oct-15,4228.05
14-Oct-15,4196.85
15-Oct-15,4207.45
16-Oct-15,4264.95
19-Oct-15,4347.6
20-Oct-15,4319.7
21-Oct-15,4173.6
23-Oct-15,4188.4
26-Oct-15,4200.75
27-Oct-15,4179.1
28-Oct-15,4113.65
29-Oct-15,4221.35
30-Oct-15,4279.9
2-Nov-15,4296.3
3-Nov-15,4335.15
4-Nov-15,4322.9
5-Nov-15,4249.4
6-Nov-15,3630.65
9-Nov-15,3501.15
10-Nov-15,3330.7
11-Nov-15,3360.05
13-Nov-15,3389.6
16-Nov-15,3509.2
17-Nov-15,3441.3
18-Nov-15,3366.95
19-Nov-15,3281.1
20-Nov-15,3353.1
23-Nov-15,3409.25
24-Nov-15,3387.7
26-Nov-15,3100.75
27-Nov-15,3099.3
30-Nov-15,3107.8
1-Dec-15,3210.9
2-Dec-15,3251.65
3-Dec-15,3223.65
4-Dec-15,3195.5
7-Dec-15,3179.9
8-Dec-15,3063.2
9-Dec-15,2995.2
10-Dec-15,2995.3
11-Dec-15,2969
14-Dec-15,3010.4
15-Dec-15,2994.2
16-Dec-15,3004.5
17-Dec-15,3017.95
18-Dec-15,2974.2
21-Dec-15,3009.45
22-Dec-15,3001.1
23-Dec-15,3024.6
24-Dec-15,3010
28-Dec-15,3120.7
29-Dec-15,3100.5
30-Dec-15,3121.15
31-Dec-15,3108.6
1-Jan-16,3108.6
4-Jan-16,3056
5-Jan-16,3070.65
6-Jan-16,3046.25
7-Jan-16,2991.8
8-Jan-16,3010.7
11-Jan-16,2931.5
12-Jan-16,2923.25
13-Jan-16,2890.95
14-Jan-16,2915
15-Jan-16,2935.9
18-Jan-16,2874.9
19-Jan-16,2915.5
20-Jan-16,2870.1
21-Jan-16,2757.1
22-Jan-16,2882.35
25-Jan-16,2903.25
27-Jan-16,2973
28-Jan-16,3011.2
29-Jan-16,3105.4
1-Feb-16,3050.5
2-Feb-16,3048.5
3-Feb-16,3008.3
4-Feb-16,3008.65
5-Feb-16,3109.1
8-Feb-16,3070.35
9-Feb-16,2959.6
10-Feb-16,2885.05
11-Feb-16,2885.35
12-Feb-16,2847.45
15-Feb-16,2859.05
16-Feb-16,2855.65
17-Feb-16,2960.7
18-Feb-16,3103.6
19-Feb-16,3058.8
22-Feb-16,3108
23-Feb-16,3080.9
24-Feb-16,3013.2
25-Feb-16,2994.45
26-Feb-16,2994.05
29-Feb-16,3036.25
1-Mar-16,3024.55
2-Mar-16,3015.25
3-Mar-16,3188.15
4-Mar-16,3252.75
8-Mar-16,3219.55
9-Mar-16,3219.95
10-Mar-16,3184.25
11-Mar-16,3210.85
14-Mar-16,3233.65
15-Mar-16,3133.35
16-Mar-16,3154.3
17-Mar-16,3125.5
18-Mar-16,3171.3
21-Mar-16,3182.25
22-Mar-16,3057.95
23-Mar-16,3047.9
28-Mar-16,3035.65
29-Mar-16,2941.3
30-Mar-16,3015.65
31-Mar-16,3035.2
1-Apr-16,2979.95
4-Apr-16,3011.75
5-Apr-16,2999.9
6-Apr-16,3001.45
7-Apr-16,3035.75
8-Apr-16,3039.15
11-Apr-16,3029.25
12-Apr-16,3082.75
13-Apr-16,3099.5
18-Apr-16,3091.05
20-Apr-16,3108.75
21-Apr-16,3131.2
22-Apr-16,3141.95
25-Apr-16,3116.15
26-Apr-16,3120.25
27-Apr-16,3130.75
28-Apr-16,3083.35
29-Apr-16,3088.7
2-May-16,3011.8
3-May-16,2959.35
4-May-16,2933.3
5-May-16,2929.55
6-May-16,2866.3
9-May-16,2840.05
10-May-16,2924.45
11-May-16,2868.7
12-May-16,2971.45
13-May-16,2917.2
16-May-16,3002.4
17-May-16,3017.75
18-May-16,3025.3
19-May-16,3025.6
20-May-16,3033.8
23-May-16,3029.8
24-May-16,3025.15
25-May-16,3051.55
26-May-16,3090.7
27-May-16,3116.05
30-May-16,3170.25
31-May-16,3183.1
1-Jun-16,3183.15
2-Jun-16,3177.05
3-Jun-16,3160.1
6-Jun-16,3151.2
7-Jun-16,3155.95
8-Jun-16,3137.95
9-Jun-16,3070.95
10-Jun-16,3065.8
13-Jun-16,3088.25
14-Jun-16,3097.3
15-Jun-16,3086.75
16-Jun-16,3048.25
17-Jun-16,3002.95
20-Jun-16,3056.95
21-Jun-16,3049.05
22-Jun-16,3105.1
23-Jun-16,3171.55
24-Jun-16,3153.25
27-Jun-16,3246.6
28-Jun-16,3273.05
29-Jun-16,3274.7
30-Jun-16,3381.7
1-Jul-16,3484.1
4-Jul-16,3435
5-Jul-16,3450.55
7-Jul-16,3524.8
8-Jul-16,3561.25
11-Jul-16,3626.45
12-Jul-16,3596.35
13-Jul-16,3615.6
14-Jul-16,3583.2
15-Jul-16,3588
18-Jul-16,3567.75
19-Jul-16,3585.9
20-Jul-16,3676.65
21-Jul-16,3617
22-Jul-16,3599.85
25-Jul-16,3482.35
26-Jul-16,3319.65
27-Jul-16,2980.2
28-Jul-16,2959.75
29-Jul-16,2935.35
1-Aug-16,2980.5
2-Aug-16,2977.35
3-Aug-16,2939.15
4-Aug-16,2962.45
5-Aug-16,3008.7
8-Aug-16,3036.2
9-Aug-16,3038.3
10-Aug-16,2999.65
11-Aug-16,3010.85
12-Aug-16,3011.15
16-Aug-16,3006.85
17-Aug-16,3004.65
18-Aug-16,3027.2
19-Aug-16,3010.15
22-Aug-16,3013
23-Aug-16,3009.2
24-Aug-16,3039.8
25-Aug-16,3050.3
26-Aug-16,3040.4
29-Aug-16,3052.15
30-Aug-16,3090.75
31-Aug-16,3089.85
1-Sep-16,3097.65
2-Sep-16,3123.05
6-Sep-16,3133.05
7-Sep-16,3138.85
8-Sep-16,3188.45
9-Sep-16,3193.3
12-Sep-16,3137.6
14-Sep-16,3157.8
15-Sep-16,3139.45
16-Sep-16,3150.15
19-Sep-16,3157.35
20-Sep-16,3157.8
21-Sep-16,3153
22-Sep-16,3149.3
23-Sep-16,3182.2
26-Sep-16,3199.65
27-Sep-16,3190.7
28-Sep-16,3200.35
29-Sep-16,3135.4
30-Sep-16,3107.4
3-Oct-16,3160.55
4-Oct-16,3148.35
5-Oct-16,3123.15
6-Oct-16,3077.15
7-Oct-16,3054.3
10-Oct-16,3078.65
13-Oct-16,3050.15
14-Oct-16,3031.25
17-Oct-16,3028.95
18-Oct-16,3045.35
19-Oct-16,3065.5
20-Oct-16,3078.8
21-Oct-16,3113.6
24-Oct-16,3089.25
25-Oct-16,3200.6
26-Oct-16,3242.3
27-Oct-16,3324.8
28-Oct-16,3363.45
30-Oct-16,3319
1-Nov-16,3326.6
2-Nov-16,3260.8
3-Nov-16,3262.35
4-Nov-16,3079.7
7-Nov-16,3106.65
8-Nov-16,3119
9-Nov-16,3282.55
10-Nov-16,3278.25
11-Nov-16,3256.25
15-Nov-16,3310.7
16-Nov-16,3210.95
17-Nov-16,3207.15
18-Nov-16,3214.85
21-Nov-16,3134.4
22-Nov-16,3121.65
23-Nov-16,3128.6
24-Nov-16,3111.7
25-Nov-16,3168.45
28-Nov-16,3172.9
29-Nov-16,3188.25
30-Nov-16,3196.9
1-Dec-16,3238.75
2-Dec-16,3180.5
5-Dec-16,3168.15
6-Dec-16,3195.9
7-Dec-16,3183.8
8-Dec-16,3211.7
9-Dec-16,3186.4
12-Dec-16,3147.9
13-Dec-16,3166.85
14-Dec-16,3147.7
15-Dec-16,3107.5
16-Dec-16,3107.8
19-Dec-16,3068.85
20-Dec-16,3046.5
21-Dec-16,3036.85
22-Dec-16,3012.35
23-Dec-16,2998.55
26-Dec-16,2986
27-Dec-16,3034.95
28-Dec-16,3069.55
29-Dec-16,3066.25
30-Dec-16,3060.4
2-Jan-17,3083.4
3-Jan-17,3072.4
4-Jan-17,3091.3
5-Jan-17,3136.25
6-Jan-17,3159.15
9-Jan-17,3060.2
10-Jan-17,3041.85
11-Jan-17,3042.45
12-Jan-17,3008.5
13-Jan-17,2979.75
16-Jan-17,2985.3
17-Jan-17,2976.55
18-Jan-17,2948.05
19-Jan-17,2940.25
20-Jan-17,2947.4
23-Jan-17,2923.65
24-Jan-17,2973.35
25-Jan-17,2996.3
27-Jan-17,2994.55
30-Jan-17,3017.05
31-Jan-17,3018.8
1-Feb-17,3001.2
2-Feb-17,3097.05
3-Feb-17,3144.55
6-Feb-17,3096.8
7-Feb-17,3065.1
8-Feb-17,3015.45
9-Feb-17,3023.1
10-Feb-17,2976.05
13-Feb-17,2966.95
14-Feb-17,2941.45
15-Feb-17,2911.35
16-Feb-17,2923.2
17-Feb-17,2912.7
20-Feb-17,2898.75
21-Feb-17,2894.05
22-Feb-17,2903.2
23-Feb-17,2887.4
27-Feb-17,2857
28-Feb-17,2849.95
1-Mar-17,2923.3
2-Mar-17,2870.5
3-Mar-17,2871.1
6-Mar-17,2858.85
7-Mar-17,2852.3
8-Mar-17,2846.8
9-Mar-17,2704.85
10-Mar-17,2715.85
14-Mar-17,2741
15-Mar-17,2739.6
16-Mar-17,2751.7
17-Mar-17,2736.25
20-Mar-17,2734.35
21-Mar-17,2623.25
22-Mar-17,2629.65
23-Mar-17,2631.2
24-Mar-17,2628.35
27-Mar-17,2631.95
28-Mar-17,2637.75
29-Mar-17,2633.65
30-Mar-17,2613.25
31-Mar-17,2632.35
3-Apr-17,2744.45
5-Apr-17,2741.35
6-Apr-17,2718.1
7-Apr-17,2661.35
10-Apr-17,2635.85
11-Apr-17,2628.1
12-Apr-17,2644.85
13-Apr-17,2640.95
17-Apr-17,2661.25
18-Apr-17,2628.45
19-Apr-17,2607.4
20-Apr-17,2612.5
21-Apr-17,2609.65
24-Apr-17,2612.8
25-Apr-17,2645.95
26-Apr-17,2610.65
27-Apr-17,2596.55
28-Apr-17,2599.15
2-May-17,2582.65
3-May-17,2595.6
4-May-17,2606
5-May-17,2603
8-May-17,2600.5
9-May-17,2581.15
10-May-17,2602.85
11-May-17,2594
12-May-17,2580.8
15-May-17,2675.8
16-May-17,2724.1
17-May-17,2736.9
18-May-17,2678.95
19-May-17,2656.45
22-May-17,2608.7
23-May-17,2579.45
24-May-17,2516.8
25-May-17,2427.7
26-May-17,2414.4
29-May-17,2425.85
30-May-17,2481.35
31-May-17,2523.85
1-Jun-17,2522.8
2-Jun-17,2554.5
5-Jun-17,2535.85
6-Jun-17,2549.3
7-Jun-17,2540.65
8-Jun-17,2636.25
9-Jun-17,2628.8
12-Jun-17,2630.25
13-Jun-17,2626.7
14-Jun-17,2669.3
15-Jun-17,2700.5
16-Jun-17,2682.6
19-Jun-17,2657.45
20-Jun-17,2676.05
21-Jun-17,2687.05
22-Jun-17,2635.6
23-Jun-17,2643.7
27-Jun-17,2653.1
28-Jun-17,2651.75
29-Jun-17,2651.5
30-Jun-17,2690.1
3-Jul-17,2682.55
4-Jul-17,2623.7
5-Jul-17,2664.95
6-Jul-17,2667.9
7-Jul-17,2705.4
10-Jul-17,2726.2
11-Jul-17,2691.25
12-Jul-17,2690.1
13-Jul-17,2694
14-Jul-17,2703
17-Jul-17,2697.25
18-Jul-17,2718.95
19-Jul-17,2774
20-Jul-17,2750.1
21-Jul-17,2762.55
24-Jul-17,2696.45
25-Jul-17,2692.15
26-Jul-17,2707.35
27-Jul-17,2620.35
28-Jul-17,2464.95
31-Jul-17,2383.2
1-Aug-17,2431.55
2-Aug-17,2378.55
3-Aug-17,2323.95
4-Aug-17,2239.55
7-Aug-17,2206.95
8-Aug-17,2095.65
9-Aug-17,2048.35
10-Aug-17,1944.45
11-Aug-17,2011.15
14-Aug-17,2002.05
16-Aug-17,2005.25
17-Aug-17,2011.25
18-Aug-17,1982
21-Aug-17,1931.1
22-Aug-17,1984.15
23-Aug-17,2030.95
24-Aug-17,2088.15
28-Aug-17,2049.4
29-Aug-17,2042.05
30-Aug-17,2038.9
31-Aug-17,2020.9
1-Sep-17,2217.55
4-Sep-17,2195.1
5-Sep-17,2209.15
6-Sep-17,2196.9
7-Sep-17,2224.95
8-Sep-17,2162.5
11-Sep-17,2159.5
12-Sep-17,2165.75
13-Sep-17,2217.35
14-Sep-17,2253.35
15-Sep-17,2211.2
18-Sep-17,2242.05
19-Sep-17,2241.55
20-Sep-17,2314.7
21-Sep-17,2486.55
22-Sep-17,2457.75
25-Sep-17,2417.25
26-Sep-17,2370.75
27-Sep-17,2304.7
28-Sep-17,2375.4
29-Sep-17,2328.75
3-Oct-17,2335.55
4-Oct-17,2387.6
5-Oct-17,2389.15
6-Oct-17,2375.85
9-Oct-17,2408.95
10-Oct-17,2411.35
11-Oct-17,2372.15
12-Oct-17,2379.85
13-Oct-17,2354.45
16-Oct-17,2403.5
17-Oct-17,2381.35
18-Oct-17,2385.4
19-Oct-17,2373.05
23-Oct-17,2366.2
24-Oct-17,2363.65
25-Oct-17,2348.85
26-Oct-17,2344.35
27-Oct-17,2394.95
30-Oct-17,2438.5
31-Oct-17,2428.15
1-Nov-17,2354.2
2-Nov-17,2411.4
3-Nov-17,2419.1
6-Nov-17,2392.25
7-Nov-17,2378
8-Nov-17,2346.6
9-Nov-17,2370.1
10-Nov-17,2347.85
13-Nov-17,2344.1
14-Nov-17,2320.3
15-Nov-17,2310.15
16-Nov-17,2333.55
17-Nov-17,2322.6
20-Nov-17,2274.45
21-Nov-17,2394.15
22-Nov-17,2360.65
23-Nov-17,2306.25
24-Nov-17,2295.05
27-Nov-17,2294.8
28-Nov-17,2290.9
29-Nov-17,2276.8
30-Nov-17,2284.05
1-Dec-17,2233.9
4-Dec-17,2242.4
5-Dec-17,2209.35
6-Dec-17,2200.2
7-Dec-17,2196.35
8-Dec-17,2185.45
11-Dec-17,2192.9
12-Dec-17,2256.35
13-Dec-17,2260.7
14-Dec-17,2310.65
15-Dec-17,2371.5
18-Dec-17,2395
19-Dec-17,2399.5
20-Dec-17,2356
21-Dec-17,2351.75
22-Dec-17,2332.7
26-Dec-17,2360.3
27-Dec-17,2400.3
28-Dec-17,2430
29-Dec-17,2414.2
1-Jan-18,2404.15
2-Jan-18,2409.2
3-Jan-18,2339
4-Jan-18,2410.8
5-Jan-18,2473.4
8-Jan-18,2476.6
9-Jan-18,2457.8
10-Jan-18,2425.8
11-Jan-18,2425.35
12-Jan-18,2447.65
15-Jan-18,2431.75
16-Jan-18,2468.7
17-Jan-18,2491.85
18-Jan-18,2461.5
19-Jan-18,2490.35
22-Jan-18,2496.55
23-Jan-18,2520.4
24-Jan-18,2559.4
25-Jan-18,2507.75
29-Jan-18,2357.1
30-Jan-18,2306.15
31-Jan-18,2225.35
1-Feb-18,2157.95
2-Feb-18,2123.55
5-Feb-18,2116.5
6-Feb-18,2095.7
7-Feb-18,2111.4
8-Feb-18,2180.45
9-Feb-18,2193.8
12-Feb-18,2204.25
14-Feb-18,2183.3
15-Feb-18,2195.8
16-Feb-18,2213.55
19-Feb-18,2152
20-Feb-18,2163.65
21-Feb-18,2165.9
22-Feb-18,2123.45
23-Feb-18,2167.05
26-Feb-18,2193.8
27-Feb-18,2236
28-Feb-18,2237.25
1-Mar-18,2231.5
5-Mar-18,2180.8
6-Mar-18,2176.45
7-Mar-18,2149.6
8-Mar-18,2143.4
9-Mar-18,2129.9
12-Mar-18,2148.4
13-Mar-18,2181.5
14-Mar-18,2181.45
15-Mar-18,2182.75
16-Mar-18,2142.15
19-Mar-18,2119.85
20-Mar-18,2157.15
21-Mar-18,2141.7
22-Mar-18,2108.3
23-Mar-18,2072.3
26-Mar-18,2104
27-Mar-18,2102.45
28-Mar-18,2080.55
2-Apr-18,2132.1
3-Apr-18,2124.9
4-Apr-18,2091.4
5-Apr-18,2111.1
6-Apr-18,2124.8
9-Apr-18,2121.25
10-Apr-18,2112.1
11-Apr-18,2100.7
12-Apr-18,2060.5
13-Apr-18,2089.95
16-Apr-18,2102.45
17-Apr-18,2105.55
18-Apr-18,2101.65
19-Apr-18,2136.3
20-Apr-18,2121.9
23-Apr-18,2135.55
24-Apr-18,2150.15
25-Apr-18,2118
26-Apr-18,2076.85
27-Apr-18,2097.75
30-Apr-18,2109.85
2-May-18,2118.2
3-May-18,2121.1
4-May-18,2106.6
7-May-18,2069.5
8-May-18,2074.95
9-May-18,2064.35
10-May-18,1989.6
11-May-18,1990.5
14-May-18,2017.75
15-May-18,2008.5
16-May-18,1993.95
17-May-18,1977.15
18-May-18,1982
21-May-18,1893.05
22-May-18,2009.6
23-May-18,1954.35
24-May-18,1972.95
25-May-18,1967.85
28-May-18,1994.55
29-May-18,1980.7
30-May-18,1961.8
31-May-18,1936.6
1-Jun-18,1941.4
4-Jun-18,1996
5-Jun-18,1963.4
6-Jun-18,1960.45
7-Jun-18,1964.95
8-Jun-18,2062.9
11-Jun-18,2083.2
12-Jun-18,2190.65
13-Jun-18,2256.3
14-Jun-18,2269.4
15-Jun-18,2349.85
18-Jun-18,2385.85
19-Jun-18,2393
20-Jun-18,2367.75
21-Jun-18,2316.4
22-Jun-18,2336.25
25-Jun-18,2290.15
26-Jun-18,2267.15
27-Jun-18,2293.8
28-Jun-18,2295.75
29-Jun-18,2235.05
2-Jul-18,2240.35
3-Jul-18,2273.75
4-Jul-18,2317.25
5-Jul-18,2298.65
6-Jul-18,2269.05
9-Jul-18,2330.05
10-Jul-18,2321.85
11-Jul-18,2301.35
12-Jul-18,2357.25
13-Jul-18,2319.85
16-Jul-18,2093.95
17-Jul-18,2065.3
18-Jul-18,2065.65
19-Jul-18,2029.2
20-Jul-18,2051.9
23-Jul-18,2041.7
24-Jul-18,2077.6
25-Jul-18,2088.2
26-Jul-18,2132.75
27-Jul-18,2083.2
30-Jul-18,2067.2
31-Jul-18,2127.8
1-Aug-18,2175.7
2-Aug-18,2227.85
3-Aug-18,2281.05
6-Aug-18,2234.4
7-Aug-18,2258.8
8-Aug-18,2245.5
9-Aug-18,2237.7
10-Aug-18,2214.3
13-Aug-18,2241.6
14-Aug-18,2278.45
16-Aug-18,2353.45
17-Aug-18,2364.15
20-Aug-18,2380.75
21-Aug-18,2410.95
23-Aug-18,2463.6
24-Aug-18,2447.45
27-Aug-18,2443.1
28-Aug-18,2414.5
29-Aug-18,2383.85
30-Aug-18,2380.15
31-Aug-18,2492
3-Sep-18,2593.4
4-Sep-18,2543.1
5-Sep-18,2567.7
6-Sep-18,2566.95
7-Sep-18,2632.5
10-Sep-18,2563.9
11-Sep-18,2524.45
12-Sep-18,2529.15
14-Sep-18,2581.85
17-Sep-18,2568.5
18-Sep-18,2584.15
19-Sep-18,2607.1
21-Sep-18,2556.25
24-Sep-18,2553.95
25-Sep-18,2611.7
26-Sep-18,2600.85
27-Sep-18,2541
28-Sep-18,2530.65
1-Oct-18,2508.6
3-Oct-18,2489.55
4-Oct-18,2372.45
5-Oct-18,2394.55
8-Oct-18,2340.1
9-Oct-18,2454.15
10-Oct-18,2484.6
11-Oct-18,2459
12-Oct-18,2450.5
15-Oct-18,2566.85
16-Oct-18,2573.6
17-Oct-18,2565
19-Oct-18,2552.35
22-Oct-18,2519.4
23-Oct-18,2473.75
24-Oct-18,2434.3
25-Oct-18,2390.5
26-Oct-18,2404.55
29-Oct-18,2532.95
30-Oct-18,2594.3
31-Oct-18,2542.45
1-Nov-18,2461.6
2-Nov-18,2423.25
5-Nov-18,2420.9
6-Nov-18,2450.85
7-Nov-18,2452.95
9-Nov-18,2400
12-Nov-18,2415.55
13-Nov-18,2438.05
14-Nov-18,2449.25
15-Nov-18,2461.8
16-Nov-18,2477.05
19-Nov-18,2528.6
20-Nov-18,2443.15
21-Nov-18,2601.8
22-Nov-18,2608.7
26-Nov-18,2558.6
27-Nov-18,2588.75
28-Nov-18,2572.3
29-Nov-18,2655.3
30-Nov-18,2722.2
3-Dec-18,2667.9
4-Dec-18,2704.05
5-Dec-18,2671.65
6-Dec-18,2641.2
7-Dec-18,2692.55
10-Dec-18,2690.45
11-Dec-18,2716.15
12-Dec-18,2586.35
13-Dec-18,2596.85
14-Dec-18,2591.7
17-Dec-18,2613.15
18-Dec-18,2639.3
19-Dec-18,2613.75
20-Dec-18,2628.45
21-Dec-18,2608.05
24-Dec-18,2599.8
26-Dec-18,2622.3
27-Dec-18,2587.45
28-Dec-18,2621.9
31-Dec-18,2616.5
1-Jan-19,2607.05
2-Jan-19,2601.05
3-Jan-19,2577.35
4-Jan-19,2600
7-Jan-19,2558.65
8-Jan-19,2570.5
9-Jan-19,2603.1
10-Jan-19,2600.4
11-Jan-19,2588.15
14-Jan-19,2578.8
15-Jan-19,2594.8
16-Jan-19,2616.95
17-Jan-19,2619.15
18-Jan-19,2596.8
21-Jan-19,2599.8
22-Jan-19,2640.3
23-Jan-19,2646.75
24-Jan-19,2668.45
25-Jan-19,2672.4
28-Jan-19,2624.75
29-Jan-19,2666.45
30-Jan-19,2665.4
31-Jan-19,2720.8
1-Feb-19,2791.25
4-Feb-19,2735.2
5-Feb-19,2821.45
6-Feb-19,2789.7
7-Feb-19,2821.8
8-Feb-19,2769.7
11-Feb-19,2615.35
12-Feb-19,2652.5
13-Feb-19,2648.7
14-Feb-19,2667.25
15-Feb-19,2563.35
18-Feb-19,2565.55
19-Feb-19,2536.9
20-Feb-19,2525.15
21-Feb-19,2586.3
22-Feb-19,2639.5
25-Feb-19,2666.9
26-Feb-19,2647.8
27-Feb-19,2646.9
28-Feb-19,2631.65
1-Mar-19,2646
5-Mar-19,2654.1
6-Mar-19,2693.65
7-Mar-19,2680.75
8-Mar-19,2615.05
11-Mar-19,2626.15
12-Mar-19,2666.85
13-Mar-19,2655.85
14-Mar-19,2647.9
15-Mar-19,2658.9
18-Mar-19,2669.45
19-Mar-19,2708.7
20-Mar-19,2751.65
22-Mar-19,2751.3
25-Mar-19,2780.95
26-Mar-19,2782.35
27-Mar-19,2765.05
28-Mar-19,2717.2
29-Mar-19,2780.25
1-Apr-19,2794.8
2-Apr-19,2798.75
3-Apr-19,2765.2
4-Apr-19,2771.35
5-Apr-19,2754.35
8-Apr-19,2763.7
9-Apr-19,2753.3
10-Apr-19,2765
11-Apr-19,2811.75
12-Apr-19,2807.05
15-Apr-19,2792.8
16-Apr-19,2825.1
18-Apr-19,2799.1
22-Apr-19,2795.7
23-Apr-19,2822.15
24-Apr-19,2859.4
25-Apr-19,2924.9
26-Apr-19,2892.25
30-Apr-19,2933.75
2-May-19,2919.9
3-May-19,2907.45
6-May-19,2920.6
7-May-19,2942.45
8-May-19,2900.5
9-May-19,2900.6
10-May-19,2876.4
13-May-19,2802.75
14-May-19,2807.6
15-May-19,2813.55
16-May-19,2801
17-May-19,2745
20-May-19,2589.4
21-May-19,2667
22-May-19,2657.75
23-May-19,2637.3
24-May-19,2663.9
27-May-19,2658
28-May-19,2651.95
29-May-19,2610.75
30-May-19,2652.4
31-May-19,2678.35
3-Jun-19,2724.1
4-Jun-19,2665.35
6-Jun-19,2657.3
7-Jun-19,2580.7
10-Jun-19,2629.25
11-Jun-19,2605.85
12-Jun-19,2589.7
13-Jun-19,2588.25
14-Jun-19,2565.15
17-Jun-19,2554.15
18-Jun-19,2591.25
19-Jun-19,2550.85
20-Jun-19,2564.8
21-Jun-19,2551.55
24-Jun-19,2513.4
25-Jun-19,2536.05
26-Jun-19,2578.95
27-Jun-19,2565.6
28-Jun-19,2550.45
1-Jul-19,2654.85
2-Jul-19,2627.65
3-Jul-19,2596.7
4-Jul-19,2602.4
5-Jul-19,2600.95
8-Jul-19,2595.7
9-Jul-19,2598.85
10-Jul-19,2584.65
11-Jul-19,2653.05
12-Jul-19,2628.6
15-Jul-19,2627.6
16-Jul-19,2676.5
17-Jul-19,2666.3
18-Jul-19,2655.55
19-Jul-19,2613.15
22-Jul-19,2632.5
23-Jul-19,2599.35
24-Jul-19,2599.05
25-Jul-19,2654.1
26-Jul-19,2704.95
29-Jul-19,2653.95
30-Jul-19,2560
31-Jul-19,2574.6
1-Aug-19,2533.75
2-Aug-19,2529.2
5-Aug-19,2514.7
6-Aug-19,2556.2
7-Aug-19,2556.8
8-Aug-19,2571.95
9-Aug-19,2573.45
13-Aug-19,2556.35
14-Aug-19,2511.95
16-Aug-19,2492.55
19-Aug-19,2509.1
20-Aug-19,2554.6
21-Aug-19,2503
22-Aug-19,2545.4
23-Aug-19,2541.25
26-Aug-19,2567.2
27-Aug-19,2540.7
28-Aug-19,2512.1
29-Aug-19,2527.8
30-Aug-19,2557.5
3-Sep-19,2532.8
4-Sep-19,2602.7
5-Sep-19,2682.45
6-Sep-19,2739.95
9-Sep-19,2749.2
11-Sep-19,2761
12-Sep-19,2767.05
13-Sep-19,2731.55
16-Sep-19,2725.3
17-Sep-19,2738.05
18-Sep-19,2743.65
19-Sep-19,2732.55
20-Sep-19,2837.8
23-Sep-19,2767.25
24-Sep-19,2785.25
25-Sep-19,2773.35
26-Sep-19,2774.85
27-Sep-19,2730.8
30-Sep-19,2702.25
1-Oct-19,2689.35
3-Oct-19,2677.15
4-Oct-19,2617.7
7-Oct-19,2616.45
9-Oct-19,2663.4
10-Oct-19,2633.5
11-Oct-19,2651.4
14-Oct-19,2651.9
15-Oct-19,2684.65
16-Oct-19,2701.45
17-Oct-19,2727.4
18-Oct-19,2724.85
22-Oct-19,2810.75
23-Oct-19,2826.7
24-Oct-19,2825.3
25-Oct-19,2794.95
27-Oct-19,2785.6
29-Oct-19,2802.5
30-Oct-19,2759.9
31-Oct-19,2783.2
1-Nov-19,2756.6
4-Nov-19,2797.8
5-Nov-19,2815.7
6-Nov-19,2862.7
7-Nov-19,2871.05
8-Nov-19,2822.1
11-Nov-19,2815.75
13-Nov-19,2763.15
14-Nov-19,2734.85
