14-Oct-04,39.94
15-Oct-04,40.53
18-Oct-04,40.8
19-Oct-04,41.38
20-Oct-04,41
21-Oct-04,40.28
25-Oct-04,40.88
26-Oct-04,40.81
27-Oct-04,41.64
28-Oct-04,41.5
29-Oct-04,41.42
1-Nov-04,42.06
2-Nov-04,41.98
3-Nov-04,42.7
4-Nov-04,42.41
5-Nov-04,43.16
8-Nov-04,45.11
9-Nov-04,45.62
10-Nov-04,47.23
11-Nov-04,46.68
12-Nov-04,46.69
16-Nov-04,48.3
17-Nov-04,48.16
18-Nov-04,47.71
19-Nov-04,48.18
22-Nov-04,48.21
23-Nov-04,48.62
24-Nov-04,48.25
25-Nov-04,49.8
29-Nov-04,49.78
30-Nov-04,49.56
1-Dec-04,48.3
2-Dec-04,48.73
3-Dec-04,48.17
6-Dec-04,47.55
7-Dec-04,47.99
8-Dec-04,47.04
9-Dec-04,47.6
10-Dec-04,46.59
13-Dec-04,47.22
14-Dec-04,47.41
15-Dec-04,47.31
16-Dec-04,48.07
17-Dec-04,48.07
20-Dec-04,49.14
21-Dec-04,49.51
22-Dec-04,49.21
23-Dec-04,49.3
24-Dec-04,50.13
27-Dec-04,50.38
28-Dec-04,51.75
29-Dec-04,51.4
30-Dec-04,52.31
31-Dec-04,51.92
3-Jan-05,52.41
4-Jan-05,51.83
5-Jan-05,49.89
6-Jan-05,48.41
7-Jan-05,48.92
10-Jan-05,48.87
11-Jan-05,48.23
12-Jan-05,47.99
13-Jan-05,49.78
14-Jan-05,51.38
17-Jan-05,51.89
18-Jan-05,51.24
19-Jan-05,51.77
20-Jan-05,51.02
24-Jan-05,49.03
25-Jan-05,51.94
27-Jan-05,53.65
28-Jan-05,53.87
31-Jan-05,56.33
1-Feb-05,55.89
2-Feb-05,55.74
3-Feb-05,57.22
4-Feb-05,56.59
7-Feb-05,56.05
8-Feb-05,56.92
9-Feb-05,58.68
10-Feb-05,57.82
11-Feb-05,57.37
14-Feb-05,56.74
15-Feb-05,56.13
16-Feb-05,56.08
17-Feb-05,55.71
18-Feb-05,56.29
21-Feb-05,55.93
22-Feb-05,55.94
23-Feb-05,55.69
24-Feb-05,57.47
25-Feb-05,56.89
28-Feb-05,58.6
1-Mar-05,57.63
2-Mar-05,57.55
3-Mar-05,57.48
4-Mar-05,58.46
7-Mar-05,59.98
8-Mar-05,61.28
9-Mar-05,62.28
10-Mar-05,61.4
11-Mar-05,60.83
14-Mar-05,60.14
15-Mar-05,59.26
16-Mar-05,59.28
17-Mar-05,57.11
18-Mar-05,56.46
21-Mar-05,55.8
22-Mar-05,55.05
23-Mar-05,53.05
24-Mar-05,51.83
28-Mar-05,53.18
29-Mar-05,53.58
30-Mar-05,53.21
31-Mar-05,54.36
1-Apr-05,55.03
4-Apr-05,55.1
5-Apr-05,53.88
6-Apr-05,55.21
7-Apr-05,56.19
8-Apr-05,54.54
11-Apr-05,55.58
12-Apr-05,55.73
13-Apr-05,56.02
15-Apr-05,53.74
18-Apr-05,51.92
19-Apr-05,53.01
20-Apr-05,53.95
21-Apr-05,54.45
22-Apr-05,53.9
25-Apr-05,53.88
26-Apr-05,53.75
27-Apr-05,53.63
28-Apr-05,53.87
29-Apr-05,53.38
2-May-05,53.86
3-May-05,53.91
4-May-05,53.8
5-May-05,54.53
6-May-05,53.97
9-May-05,53.91
10-May-05,53.95
11-May-05,53.38
12-May-05,52.82
13-May-05,53.18
16-May-05,53.84
17-May-05,53.56
18-May-05,53.38
19-May-05,54.19
20-May-05,53.65
23-May-05,54.87
24-May-05,54.53
25-May-05,53.91
26-May-05,53.68
27-May-05,53.94
30-May-05,53.9
31-May-05,53.84
1-Jun-05,53.48
2-Jun-05,53.86
3-Jun-05,54.46
4-Jun-05,53.79
6-Jun-05,55.2
7-Jun-05,58.7
8-Jun-05,58.45
9-Jun-05,57.78
10-Jun-05,57.5
13-Jun-05,58.1
14-Jun-05,59.22
15-Jun-05,58.98
16-Jun-05,59.41
17-Jun-05,59.58
20-Jun-05,59.73
21-Jun-05,60.13
22-Jun-05,58.87
23-Jun-05,57.93
24-Jun-05,58.12
27-Jun-05,59.83
28-Jun-05,58.87
29-Jun-05,60.03
30-Jun-05,63.46
1-Jul-05,61.67
4-Jul-05,63.05
5-Jul-05,63.17
6-Jul-05,64.51
7-Jul-05,63.91
8-Jul-05,65.04
11-Jul-05,66.25
12-Jul-05,65.66
13-Jul-05,64.14
14-Jul-05,64.38
15-Jul-05,62.92
18-Jul-05,62.64
19-Jul-05,63.83
20-Jul-05,64
21-Jul-05,64.02
22-Jul-05,64.71
25-Jul-05,67.32
26-Jul-05,67.67
27-Jul-05,70.36
29-Jul-05,69.79
1-Aug-05,67.5
2-Aug-05,66.75
3-Aug-05,67.52
4-Aug-05,68.3
5-Aug-05,67.27
8-Aug-05,65.63
9-Aug-05,65.28
10-Aug-05,65.88
11-Aug-05,65.97
12-Aug-05,65.87
16-Aug-05,64.58
17-Aug-05,65.46
18-Aug-05,66.15
19-Aug-05,65.74
22-Aug-05,65.61
23-Aug-05,64.72
24-Aug-05,65.02
25-Aug-05,64.8
26-Aug-05,63.33
29-Aug-05,63.74
30-Aug-05,64.52
31-Aug-05,63.88
1-Sep-05,63.04
2-Sep-05,63.49
5-Sep-05,63.88
6-Sep-05,64.11
8-Sep-05,65.44
9-Sep-05,67.45
12-Sep-05,67.58
13-Sep-05,68.57
14-Sep-05,68.64
15-Sep-05,69.07
16-Sep-05,69.08
19-Sep-05,70.68
20-Sep-05,73.07
21-Sep-05,72.3
22-Sep-05,69.03
23-Sep-05,66.85
26-Sep-05,67.77
27-Sep-05,68.07
28-Sep-05,69.45
29-Sep-05,69.45
30-Sep-05,68.36
3-Oct-05,67.51
4-Oct-05,70.83
5-Oct-05,70.11
6-Oct-05,68.05
7-Oct-05,67.7
10-Oct-05,68.67
11-Oct-05,68.83
13-Oct-05,67.64
14-Oct-05,65.79
17-Oct-05,65.29
18-Oct-05,65.63
19-Oct-05,64.62
20-Oct-05,64.25
21-Oct-05,64.62
24-Oct-05,63.41
25-Oct-05,62.92
26-Oct-05,62.87
27-Oct-05,62.32
28-Oct-05,60.96
31-Oct-05,60.53
1-Nov-05,62.81
2-Nov-05,61.93
7-Nov-05,62.39
8-Nov-05,63.66
9-Nov-05,63.05
10-Nov-05,62.94
11-Nov-05,63.38
14-Nov-05,67.42
16-Nov-05,68.84
17-Nov-05,69.73
18-Nov-05,69.78
21-Nov-05,67.81
22-Nov-05,67.6
23-Nov-05,68.8
24-Nov-05,68.96
25-Nov-05,69.61
26-Nov-05,69
28-Nov-05,69.42
29-Nov-05,68.34
30-Nov-05,68.54
1-Dec-05,69.52
2-Dec-05,69.71
5-Dec-05,68.59
6-Dec-05,67.94
7-Dec-05,69.25
8-Dec-05,68.67
9-Dec-05,68.65
12-Dec-05,68.6
13-Dec-05,69.33
14-Dec-05,71.7
15-Dec-05,70.23
16-Dec-05,69.93
19-Dec-05,71
20-Dec-05,73.38
21-Dec-05,72.53
22-Dec-05,74.05
23-Dec-05,71.87
26-Dec-05,70.68
27-Dec-05,70.68
28-Dec-05,70.11
29-Dec-05,70.49
30-Dec-05,70.72
2-Jan-06,71.19
3-Jan-06,71.17
4-Jan-06,73.04
5-Jan-06,73.79
6-Jan-06,76.72
9-Jan-06,76.32
10-Jan-06,74.67
12-Jan-06,74.5
13-Jan-06,72.83
16-Jan-06,73.98
17-Jan-06,74.73
18-Jan-06,74.3
19-Jan-06,72.68
20-Jan-06,72.35
23-Jan-06,71.79
24-Jan-06,71.43
25-Jan-06,71.73
27-Jan-06,73.55
30-Jan-06,74.19
31-Jan-06,76.08
1-Feb-06,73.72
2-Feb-06,73.79
3-Feb-06,73.02
6-Feb-06,74.31
7-Feb-06,76.9
8-Feb-06,76.08
10-Feb-06,76.04
13-Feb-06,74.48
14-Feb-06,74.62
15-Feb-06,74.21
16-Feb-06,75.83
17-Feb-06,74.07
20-Feb-06,72.06
21-Feb-06,72.32
22-Feb-06,72.5
23-Feb-06,72.03
24-Feb-06,70.99
27-Feb-06,72.65
28-Feb-06,73.55
1-Mar-06,74.52
2-Mar-06,75.66
3-Mar-06,75.8
6-Mar-06,75.84
7-Mar-06,75.61
8-Mar-06,75.84
9-Mar-06,74.85
10-Mar-06,74.73
13-Mar-06,76.75
14-Mar-06,76.03
16-Mar-06,76.59
17-Mar-06,76.26
20-Mar-06,76.38
21-Mar-06,75.31
22-Mar-06,75.57
23-Mar-06,74.03
24-Mar-06,73.32
27-Mar-06,73.66
28-Mar-06,74.11
29-Mar-06,74.46
30-Mar-06,77.78
31-Mar-06,77.25
3-Apr-06,77.21
4-Apr-06,83.1
5-Apr-06,83.91
7-Apr-06,81.59
10-Apr-06,82.35
12-Apr-06,80.72
13-Apr-06,80.22
17-Apr-06,81.28
18-Apr-06,83.26
19-Apr-06,84.66
20-Apr-06,84.81
21-Apr-06,84.68
24-Apr-06,82.06
25-Apr-06,82.28
26-Apr-06,83.52
27-Apr-06,82.24
28-Apr-06,81.55
29-Apr-06,82.4
2-May-06,84.94
3-May-06,86.13
4-May-06,88.18
5-May-06,87.67
8-May-06,87.42
9-May-06,85.08
10-May-06,86.91
11-May-06,86.86
12-May-06,87.34
15-May-06,84.17
16-May-06,84.58
17-May-06,84.24
18-May-06,81.78
19-May-06,80.79
22-May-06,78.52
23-May-06,77.95
24-May-06,76.69
25-May-06,75.65
26-May-06,77.22
29-May-06,76.26
30-May-06,74.84
31-May-06,74.35
1-Jun-06,73.7
2-Jun-06,76.34
5-Jun-06,73.78
6-Jun-06,72.1
7-Jun-06,71.91
8-Jun-06,69.11
9-Jun-06,71.11
12-Jun-06,69.07
13-Jun-06,65.02
14-Jun-06,63.75
15-Jun-06,69.62
16-Jun-06,73.29
19-Jun-06,73.47
20-Jun-06,70.74
21-Jun-06,70.75
22-Jun-06,72.93
23-Jun-06,74.77
25-Jun-06,73.98
26-Jun-06,75.99
27-Jun-06,73.94
28-Jun-06,72.5
29-Jun-06,74.77
30-Jun-06,79.42
3-Jul-06,77.68
4-Jul-06,78.55
5-Jul-06,80.56
6-Jul-06,79.82
7-Jul-06,77.76
10-Jul-06,77.69
11-Jul-06,75.99
12-Jul-06,75.95
13-Jul-06,74.47
14-Jul-06,72.77
17-Jul-06,70.59
18-Jul-06,70.87
19-Jul-06,69.57
20-Jul-06,72.48
21-Jul-06,70.83
24-Jul-06,72.79
25-Jul-06,76.43
26-Jul-06,77.94
27-Jul-06,78.64
28-Jul-06,79.37
31-Jul-06,79.32
1-Aug-06,77.94
2-Aug-06,77.8
3-Aug-06,79.61
4-Aug-06,79.86
7-Aug-06,80.17
8-Aug-06,81.17
9-Aug-06,80.71
10-Aug-06,80.37
11-Aug-06,80.88
14-Aug-06,80.57
16-Aug-06,84.43
17-Aug-06,84.68
18-Aug-06,83.92
21-Aug-06,83.57
22-Aug-06,85.68
23-Aug-06,85.11
24-Aug-06,85.15
25-Aug-06,84.81
28-Aug-06,84.36
29-Aug-06,84.36
30-Aug-06,83.81
31-Aug-06,85.02
1-Sep-06,87.43
4-Sep-06,87.83
5-Sep-06,87.28
6-Sep-06,86.21
7-Sep-06,84.69
8-Sep-06,84.73
11-Sep-06,82.1
12-Sep-06,83.87
13-Sep-06,87.19
14-Sep-06,86.36
15-Sep-06,87.6
18-Sep-06,88.11
19-Sep-06,87.91
20-Sep-06,87.38
21-Sep-06,88.15
22-Sep-06,87.39
25-Sep-06,87.63
26-Sep-06,88.67
27-Sep-06,89.73
28-Sep-06,92.7
29-Sep-06,92.33
3-Oct-06,91.77
4-Oct-06,88.82
5-Oct-06,92.89
6-Oct-06,93.17
9-Oct-06,92.78
10-Oct-06,93.59
11-Oct-06,96.37
12-Oct-06,95.7
13-Oct-06,98.56
16-Oct-06,104.65
17-Oct-06,100.56
18-Oct-06,97.77
19-Oct-06,96.14
20-Oct-06,95.8
21-Oct-06,95.88
23-Oct-06,96.73
26-Oct-06,99.76
27-Oct-06,99.71
30-Oct-06,102.71
31-Oct-06,100.24
1-Nov-06,99.67
2-Nov-06,100.83
3-Nov-06,99.93
6-Nov-06,99.67
7-Nov-06,99.26
8-Nov-06,100.04
9-Nov-06,101.55
10-Nov-06,104.22
13-Nov-06,105.35
14-Nov-06,106.33
15-Nov-06,107.41
16-Nov-06,114.18
17-Nov-06,112.4
20-Nov-06,108.41
21-Nov-06,109
22-Nov-06,107.51
23-Nov-06,111.06
24-Nov-06,110.35
27-Nov-06,110.85
28-Nov-06,108.48
29-Nov-06,108.49
30-Nov-06,111.93
1-Dec-06,112.12
4-Dec-06,109.79
5-Dec-06,108.33
6-Dec-06,108.48
7-Dec-06,110.37
8-Dec-06,108.34
11-Dec-06,103.04
12-Dec-06,102.59
13-Dec-06,103.68
14-Dec-06,104.34
15-Dec-06,105.41
18-Dec-06,106.43
19-Dec-06,103.64
20-Dec-06,101.84
21-Dec-06,100.71
22-Dec-06,100.36
26-Dec-06,102.86
27-Dec-06,105.73
28-Dec-06,107.77
29-Dec-06,106.56
2-Jan-07,106.76
3-Jan-07,106.29
4-Jan-07,104.77
5-Jan-07,105.46
8-Jan-07,102.27
9-Jan-07,101.16
10-Jan-07,99.64
11-Jan-07,99.39
12-Jan-07,105.92
15-Jan-07,109.16
16-Jan-07,109.37
17-Jan-07,105.88
18-Jan-07,105.87
19-Jan-07,106.6
22-Jan-07,105.4
23-Jan-07,103.06
24-Jan-07,105.61
25-Jan-07,106.37
29-Jan-07,106
31-Jan-07,107.62
1-Feb-07,110.15
2-Feb-07,110.36
5-Feb-07,110.09
6-Feb-07,108.69
7-Feb-07,109.95
8-Feb-07,110.73
9-Feb-07,111.13
12-Feb-07,109.36
13-Feb-07,106.63
14-Feb-07,101.5
15-Feb-07,103.95
19-Feb-07,103.1
20-Feb-07,102.93
21-Feb-07,101.37
22-Feb-07,98.51
23-Feb-07,95.61
26-Feb-07,94.96
27-Feb-07,97.37
28-Feb-07,93.29
1-Mar-07,97.81
2-Mar-07,93.55
5-Mar-07,92.6
6-Mar-07,92.59
7-Mar-07,91.35
8-Mar-07,97.2
9-Mar-07,97.47
12-Mar-07,94.79
13-Mar-07,95.8
14-Mar-07,93.09
15-Mar-07,91.64
16-Mar-07,90.15
19-Mar-07,92.26
20-Mar-07,95.31
21-Mar-07,96.35
22-Mar-07,102.36
23-Mar-07,100.89
26-Mar-07,97.1
28-Mar-07,95.63
29-Mar-07,93.17
30-Mar-07,95.2
2-Apr-07,89.93
3-Apr-07,91.22
4-Apr-07,92.3
5-Apr-07,94.05
9-Apr-07,96.9
10-Apr-07,98.97
11-Apr-07,97.72
12-Apr-07,95.62
13-Apr-07,97.9
16-Apr-07,97.28
17-Apr-07,97.59
18-Apr-07,97.82
19-Apr-07,98.03
20-Apr-07,99.24
23-Apr-07,98.46
24-Apr-07,101.15
25-Apr-07,102.87
26-Apr-07,103.22
27-Apr-07,101.23
30-Apr-07,102.19
3-May-07,100.24
4-May-07,100.55
7-May-07,99.78
8-May-07,98.91
9-May-07,99.25
10-May-07,100.96
11-May-07,99.04
14-May-07,99.37
15-May-07,100.88
16-May-07,103.32
17-May-07,103.97
18-May-07,106.79
21-May-07,110.43
22-May-07,111.26
23-May-07,111.22
24-May-07,108.87
25-May-07,106.68
28-May-07,112.46
29-May-07,114.19
30-May-07,110.16
31-May-07,114.51
1-Jun-07,115.09
4-Jun-07,116.58
5-Jun-07,115.7
6-Jun-07,112.47
7-Jun-07,110.31
8-Jun-07,108.85
11-Jun-07,109.49
12-Jun-07,108.57
13-Jun-07,108.05
14-Jun-07,109.4
15-Jun-07,110.79
18-Jun-07,108.6
19-Jun-07,109.75
20-Jun-07,109.76
21-Jun-07,109.94
22-Jun-07,110.06
25-Jun-07,109.74
26-Jun-07,109.63
27-Jun-07,108.79
28-Jun-07,109.49
29-Jun-07,114.42
2-Jul-07,114.5
3-Jul-07,114.79
4-Jul-07,114.82
5-Jul-07,112.66
6-Jul-07,115.57
9-Jul-07,116.5
10-Jul-07,114.67
11-Jul-07,114.62
12-Jul-07,119.88
13-Jul-07,122.37
16-Jul-07,121.49
17-Jul-07,119.66
18-Jul-07,119.74
19-Jul-07,120.66
20-Jul-07,119.82
23-Jul-07,122.76
24-Jul-07,124.61
25-Jul-07,123.63
26-Jul-07,121.45
27-Jul-07,116.68
30-Jul-07,116.63
31-Jul-07,119.79
1-Aug-07,115.88
2-Aug-07,114.98
3-Aug-07,115.24
6-Aug-07,113
7-Aug-07,113.89
8-Aug-07,116.91
9-Aug-07,115.31
10-Aug-07,112.8
13-Aug-07,113.31
14-Aug-07,114.51
16-Aug-07,109.16
17-Aug-07,106.57
20-Aug-07,110.84
21-Aug-07,110.15
22-Aug-07,111.49
23-Aug-07,109.77
24-Aug-07,109.53
27-Aug-07,111.71
28-Aug-07,114.8
29-Aug-07,116
30-Aug-07,117.8
31-Aug-07,116.91
3-Sep-07,117.38
4-Sep-07,117.38
5-Sep-07,116.98
6-Sep-07,118.2
7-Sep-07,119.39
10-Sep-07,119.34
11-Sep-07,118.52
12-Sep-07,117.95
13-Sep-07,121.08
14-Sep-07,123
17-Sep-07,122.34
18-Sep-07,122.84
19-Sep-07,132.14
20-Sep-07,132.33
21-Sep-07,131.55
24-Sep-07,134.35
25-Sep-07,139.32
26-Sep-07,137.26
27-Sep-07,142.98
28-Sep-07,143.24
1-Oct-07,140.85
3-Oct-07,142.16
4-Oct-07,140.66
5-Oct-07,140
8-Oct-07,140.42
9-Oct-07,141.8
10-Oct-07,141.38
11-Oct-07,145.75
12-Oct-07,142.95
15-Oct-07,149.59
16-Oct-07,150.44
17-Oct-07,145.95
18-Oct-07,138.51
19-Oct-07,136.33
22-Oct-07,136.89
23-Oct-07,148.49
24-Oct-07,151.06
25-Oct-07,155.05
26-Oct-07,154.31
29-Oct-07,164.33
30-Oct-07,161.7
31-Oct-07,164.97
1-Nov-07,168.64
2-Nov-07,176.66
5-Nov-07,171.22
6-Nov-07,170.44
7-Nov-07,161.33
8-Nov-07,155.19
9-Nov-07,153.28
12-Nov-07,147.41
13-Nov-07,157.07
14-Nov-07,174.84
15-Nov-07,169.67
16-Nov-07,168.34
19-Nov-07,165.09
20-Nov-07,162.67
21-Nov-07,157.74
22-Nov-07,158.82
23-Nov-07,155.92
26-Nov-07,163.97
27-Nov-07,162.9
28-Nov-07,160.28
29-Nov-07,167.07
30-Nov-07,171.23
3-Dec-07,169.23
4-Dec-07,169.79
5-Dec-07,172
6-Dec-07,168.62
7-Dec-07,171.6
10-Dec-07,168.42
11-Dec-07,177.66
12-Dec-07,178.01
13-Dec-07,175.24
14-Dec-07,172.06
17-Dec-07,167.98
18-Dec-07,165.81
19-Dec-07,164.94
20-Dec-07,163.91
24-Dec-07,169.44
26-Dec-07,170.3
27-Dec-07,174.16
28-Dec-07,172.65
31-Dec-07,172.53
1-Jan-08,172.57
2-Jan-08,171.15
3-Jan-08,169.06
4-Jan-08,169.26
7-Jan-08,165.17
8-Jan-08,171.19
9-Jan-08,174.07
10-Jan-08,171.82
11-Jan-08,176.06
14-Jan-08,177.92
15-Jan-08,178.5
16-Jan-08,167
17-Jan-08,163.99
18-Jan-08,156.75
21-Jan-08,150.38
22-Jan-08,142.32
23-Jan-08,153.09
24-Jan-08,150.7
25-Jan-08,160.49
28-Jan-08,158.67
29-Jan-08,153.39
30-Jan-08,152.95
31-Jan-08,156.61
1-Feb-08,156.75
4-Feb-08,154.4
5-Feb-08,150.89
6-Feb-08,149.68
7-Feb-08,148.85
8-Feb-08,143.87
11-Feb-08,140.76
12-Feb-08,140.45
13-Feb-08,146.52
14-Feb-08,153.3
15-Feb-08,155.88
18-Feb-08,155.34
19-Feb-08,156.84
20-Feb-08,153.38
21-Feb-08,153.74
22-Feb-08,147.1
25-Feb-08,141.86
26-Feb-08,145.17
27-Feb-08,144.91
28-Feb-08,146.93
29-Feb-08,145.35
3-Mar-08,138.68
4-Mar-08,134.87
5-Mar-08,132.98
7-Mar-08,127.94
10-Mar-08,130.86
11-Mar-08,133.02
12-Mar-08,136.75
13-Mar-08,129.63
14-Mar-08,131.25
17-Mar-08,122.33
18-Mar-08,122.82
19-Mar-08,126.98
24-Mar-08,133.89
25-Mar-08,141.09
26-Mar-08,143.6
27-Mar-08,143
28-Mar-08,140.39
31-Mar-08,132.83
1-Apr-08,130.66
2-Apr-08,132.51
3-Apr-08,132.82
4-Apr-08,129.1
7-Apr-08,130.05
8-Apr-08,130.56
9-Apr-08,137.68
10-Apr-08,132.36
11-Apr-08,132.71
15-Apr-08,130.04
16-Apr-08,130.54
17-Apr-08,139.81
21-Apr-08,145.75
22-Apr-08,150.49
23-Apr-08,144.21
24-Apr-08,143.94
25-Apr-08,149.71
28-Apr-08,152
29-Apr-08,154.44
30-Apr-08,152.08
2-May-08,153.7
5-May-08,152.52
6-May-08,153.94
7-May-08,153.85
8-May-08,150.5
9-May-08,144.93
12-May-08,146.48
13-May-08,147.7
14-May-08,146.15
15-May-08,147.52
16-May-08,149.71
20-May-08,145.8
21-May-08,140.69
22-May-08,138.07
23-May-08,137.84
26-May-08,134.46
27-May-08,132.97
28-May-08,134.83
29-May-08,131.66
30-May-08,136.57
2-Jun-08,130.76
3-Jun-08,126.36
4-Jun-08,121.23
5-Jun-08,124.54
6-Jun-08,122.97
9-Jun-08,118.1
10-Jun-08,112.98
11-Jun-08,119.37
12-Jun-08,115.9
13-Jun-08,111.97
16-Jun-08,114.67
17-Jun-08,121.1
18-Jun-08,116.58
19-Jun-08,112.05
20-Jun-08,109.58
23-Jun-08,109.31
24-Jun-08,105.73
25-Jun-08,107.2
26-Jun-08,105.81
27-Jun-08,101.93
30-Jun-08,100.52
1-Jul-08,96.31
2-Jul-08,102.53
3-Jul-08,98.23
4-Jul-08,99.81
7-Jul-08,100.32
8-Jul-08,99.95
9-Jul-08,105.59
10-Jul-08,105.19
11-Jul-08,106.54
14-Jul-08,102.94
15-Jul-08,91.61
16-Jul-08,90.16
17-Jul-08,95.65
18-Jul-08,103.22
21-Jul-08,108.13
22-Jul-08,109.89
23-Jul-08,120.19
24-Jul-08,121.12
25-Jul-08,112.39
28-Jul-08,112.47
29-Jul-08,102.7
30-Jul-08,109.16
31-Jul-08,109.57
1-Aug-08,110.58
4-Aug-08,110.63
5-Aug-08,118.19
6-Aug-08,121.37
7-Aug-08,124.99
8-Aug-08,128.03
11-Aug-08,130.86
12-Aug-08,126.22
13-Aug-08,121.46
14-Aug-08,117.22
18-Aug-08,120.09
19-Aug-08,120.42
20-Aug-08,123.54
21-Aug-08,116.38
22-Aug-08,119.13
25-Aug-08,120.5
26-Aug-08,124.85
27-Aug-08,123.13
28-Aug-08,121.04
29-Aug-08,127.39
1-Sep-08,129.54
2-Sep-08,133.67
4-Sep-08,130.02
5-Sep-08,124.57
8-Sep-08,129.82
9-Sep-08,129.07
10-Sep-08,127.29
11-Sep-08,125.02
12-Sep-08,124.19
15-Sep-08,120.07
16-Sep-08,122.76
17-Sep-08,118.47
18-Sep-08,122.1
19-Sep-08,129.67
22-Sep-08,129.78
23-Sep-08,123.1
24-Sep-08,127.78
25-Sep-08,129.78
26-Sep-08,124.18
29-Sep-08,119.77
30-Sep-08,122.7
1-Oct-08,129.24
3-Oct-08,127.29
6-Oct-08,120.01
7-Oct-08,112.63
8-Oct-08,110.36
10-Oct-08,104.54
13-Oct-08,117.04
14-Oct-08,113.85
15-Oct-08,113.42
16-Oct-08,109.09
17-Oct-08,102.41
20-Oct-08,107.8
21-Oct-08,108.71
22-Oct-08,104.62
23-Oct-08,107.19
24-Oct-08,97.07
27-Oct-08,93.02
28-Oct-08,96.47
29-Oct-08,94.88
31-Oct-08,102.03
3-Nov-08,106.82
4-Nov-08,111.02
5-Nov-08,109.59
6-Nov-08,105.99
7-Nov-08,108.74
10-Nov-08,109.83
11-Nov-08,102.11
12-Nov-08,100.44
14-Nov-08,100.67
17-Nov-08,93.44
18-Nov-08,91.31
19-Nov-08,88.26
20-Nov-08,81.94
21-Nov-08,85.45
24-Nov-08,82.73
25-Nov-08,83.35
26-Nov-08,90.4
28-Nov-08,92.07
1-Dec-08,89.69
2-Dec-08,88.39
3-Dec-08,87.84
4-Dec-08,90.99
5-Dec-08,88.83
8-Dec-08,89.6
10-Dec-08,92.17
11-Dec-08,91.65
12-Dec-08,91.79
15-Dec-08,94.22
16-Dec-08,98.28
17-Dec-08,100
18-Dec-08,105.63
19-Dec-08,104.98
22-Dec-08,101.62
23-Dec-08,97.76
24-Dec-08,98.2
26-Dec-08,97.06
29-Dec-08,100.01
30-Dec-08,101.67
31-Dec-08,99.61
1-Jan-09,101.15
2-Jan-09,101.34
5-Jan-09,104.18
6-Jan-09,109.8
7-Jan-09,100.7
9-Jan-09,101.52
12-Jan-09,100.15
13-Jan-09,98.67
14-Jan-09,97.54
15-Jan-09,92.27
16-Jan-09,93.55
19-Jan-09,93.9
20-Jan-09,91.04
21-Jan-09,88.75
22-Jan-09,89.85
23-Jan-09,87.05
27-Jan-09,88.75
28-Jan-09,90.97
29-Jan-09,92.14
30-Jan-09,92.35
2-Feb-09,88.67
3-Feb-09,89.62
4-Feb-09,88.39
5-Feb-09,88.23
6-Feb-09,89.64
9-Feb-09,91.74
10-Feb-09,94.49
11-Feb-09,93.24
12-Feb-09,93.18
13-Feb-09,94.21
16-Feb-09,91.19
17-Feb-09,87.83
18-Feb-09,87.45
19-Feb-09,88.26
20-Feb-09,86.46
24-Feb-09,85.26
25-Feb-09,86.24
26-Feb-09,87.29
27-Feb-09,88.75
2-Mar-09,84.38
3-Mar-09,82.97
4-Mar-09,83.71
5-Mar-09,79.96
6-Mar-09,80
9-Mar-09,79.7
12-Mar-09,79.69
13-Mar-09,83.24
16-Mar-09,84.3
17-Mar-09,82.63
18-Mar-09,84.11
19-Mar-09,83.06
20-Mar-09,83.74
23-Mar-09,88.3
24-Mar-09,93.96
25-Mar-09,97
26-Mar-09,99.12
27-Mar-09,99.92
30-Mar-09,94.34
31-Mar-09,97.12
1-Apr-09,99.78
2-Apr-09,103.42
6-Apr-09,106.18
8-Apr-09,104.44
9-Apr-09,104.21
13-Apr-09,109.59
15-Apr-09,108.03
16-Apr-09,106.37
17-Apr-09,106.95
20-Apr-09,106.47
21-Apr-09,108.47
22-Apr-09,108.69
23-Apr-09,109.01
24-Apr-09,110.78
27-Apr-09,111.29
28-Apr-09,106.95
29-Apr-09,109.79
4-May-09,119.67
5-May-09,119.06
6-May-09,116.93
7-May-09,117.37
8-May-09,114.15
11-May-09,114.45
12-May-09,119.26
13-May-09,116.17
14-May-09,116.11
15-May-09,118.23
18-May-09,137.5
19-May-09,140.87
20-May-09,137.75
21-May-09,136.8
22-May-09,136.68
25-May-09,136.06
26-May-09,133.3
27-May-09,140.6
28-May-09,143.68
29-May-09,144.13
1-Jun-09,143.05
2-Jun-09,139.47
3-Jun-09,136.77
4-Jun-09,138.57
5-Jun-09,141.54
8-Jun-09,139.69
9-Jun-09,141.71
10-Jun-09,149.79
11-Jun-09,155.3
12-Jun-09,152.48
15-Jun-09,152.96
16-Jun-09,154.28
17-Jun-09,154.13
18-Jun-09,152.15
19-Jun-09,155.54
22-Jun-09,153.97
23-Jun-09,148.22
24-Jun-09,145.45
25-Jun-09,146.12
26-Jun-09,149.5
29-Jun-09,150.45
30-Jun-09,148.98
1-Jul-09,149.92
2-Jul-09,149.72
3-Jul-09,151.24
6-Jul-09,142.08
7-Jul-09,142.41
8-Jul-09,137.22
9-Jul-09,139.68
10-Jul-09,137.58
13-Jul-09,137.07
14-Jul-09,135.95
15-Jul-09,137.87
16-Jul-09,138.74
17-Jul-09,143.35
20-Jul-09,147.05
21-Jul-09,145.77
22-Jul-09,144.19
23-Jul-09,145.58
24-Jul-09,144.67
27-Jul-09,143.02
28-Jul-09,142.13
29-Jul-09,141.55
30-Jul-09,146.11
31-Jul-09,149.58
3-Aug-09,149.01
4-Aug-09,146.58
5-Aug-09,144.46
6-Aug-09,141.05
7-Aug-09,138.71
10-Aug-09,137.23
11-Aug-09,137.61
12-Aug-09,140.31
13-Aug-09,142.14
14-Aug-09,142.41
17-Aug-09,140.31
18-Aug-09,143.77
19-Aug-09,144.65
20-Aug-09,147.68
21-Aug-09,146.27
24-Aug-09,148.14
25-Aug-09,148.36
26-Aug-09,145.74
27-Aug-09,145.38
28-Aug-09,145.45
31-Aug-09,146.77
1-Sep-09,144.29
2-Sep-09,143.56
3-Sep-09,143.22
4-Sep-09,145.1
7-Sep-09,146.41
8-Sep-09,145.36
9-Sep-09,147.22
10-Sep-09,148.23
11-Sep-09,148.79
14-Sep-09,149.05
15-Sep-09,151.09
16-Sep-09,151.34
17-Sep-09,153.15
18-Sep-09,152.11
22-Sep-09,154.29
23-Sep-09,156.61
24-Sep-09,162.02
25-Sep-09,160.5
29-Sep-09,160.78
30-Sep-09,164.68
1-Oct-09,164.06
5-Oct-09,163.04
6-Oct-09,165.6
7-Oct-09,167.4
8-Oct-09,168.36
9-Oct-09,167.19
12-Oct-09,169.85
14-Oct-09,169.84
15-Oct-09,171.85
16-Oct-09,171.58
17-Oct-09,169.94
20-Oct-09,168.75
21-Oct-09,165.74
22-Oct-09,166.23
23-Oct-09,168.81
26-Oct-09,168.91
27-Oct-09,166.64
28-Oct-09,161.6
29-Oct-09,160.96
30-Oct-09,161.71
3-Nov-09,159.69
4-Nov-09,162.03
5-Nov-09,161.97
6-Nov-09,163.64
9-Nov-09,170.37
10-Nov-09,169.97
11-Nov-09,173.2
12-Nov-09,171.27
13-Nov-09,171.84
16-Nov-09,171.98
17-Nov-09,174.58
18-Nov-09,174.57
19-Nov-09,171.57
20-Nov-09,175.01
23-Nov-09,176.15
24-Nov-09,177.3
25-Nov-09,179.87
26-Nov-09,175.73
27-Nov-09,174.65
30-Nov-09,176.23
1-Dec-09,178.57
2-Dec-09,180.31
3-Dec-09,180.29
4-Dec-09,178.56
7-Dec-09,179.34
8-Dec-09,182.92
9-Dec-09,180.03
10-Dec-09,178.11
11-Dec-09,178.12
14-Dec-09,175.34
15-Dec-09,169.7
16-Dec-09,168.96
17-Dec-09,166.78
18-Dec-09,166.04
21-Dec-09,164.91
22-Dec-09,164.29
23-Dec-09,168.66
24-Dec-09,170.69
29-Dec-09,169.32
30-Dec-09,168.87
31-Dec-09,169.85
4-Jan-10,170.19
5-Jan-10,170.34
6-Jan-10,170.46
7-Jan-10,170.9
8-Jan-10,171.12
11-Jan-10,170.44
12-Jan-10,169.14
13-Jan-10,168.55
14-Jan-10,168.01
15-Jan-10,169.04
18-Jan-10,176.27
19-Jan-10,177.52
20-Jan-10,175.22
21-Jan-10,170.78
22-Jan-10,167.34
25-Jan-10,165.3
27-Jan-10,159.37
28-Jan-10,158.97
29-Jan-10,162.74
1-Feb-10,159.62
2-Feb-10,157.56
3-Feb-10,161.91
4-Feb-10,161.32
5-Feb-10,156.99
6-Feb-10,157.23
8-Feb-10,156.39
9-Feb-10,156.82
10-Feb-10,159
11-Feb-10,159.45
15-Feb-10,161.02
16-Feb-10,160.28
17-Feb-10,165.23
18-Feb-10,168
19-Feb-10,169.01
22-Feb-10,169.28
23-Feb-10,169.72
24-Feb-10,169.67
25-Feb-10,168.73
26-Feb-10,170.1
2-Mar-10,174.11
3-Mar-10,177.27
4-Mar-10,177.72
5-Mar-10,178
8-Mar-10,178.02
9-Mar-10,180.72
10-Mar-10,181.04
11-Mar-10,182.29
12-Mar-10,179.72
15-Mar-10,180.85
16-Mar-10,180.06
17-Mar-10,180.37
18-Mar-10,179.69
19-Mar-10,181.58
22-Mar-10,183.3
23-Mar-10,187.98
25-Mar-10,192.19
26-Mar-10,194.71
29-Mar-10,196.07
30-Mar-10,190.26
31-Mar-10,192.92
1-Apr-10,193.49
5-Apr-10,194.42
6-Apr-10,192.86
7-Apr-10,192.75
8-Apr-10,189.86
9-Apr-10,194.5
12-Apr-10,194.99
13-Apr-10,194.74
15-Apr-10,195.27
16-Apr-10,195.99
19-Apr-10,192.98
20-Apr-10,194.02
21-Apr-10,193.67
22-Apr-10,192.99
23-Apr-10,194.75
26-Apr-10,198.52
27-Apr-10,197.52
28-Apr-10,196.38
29-Apr-10,198.13
30-Apr-10,199.6
3-May-10,196.54
4-May-10,193.27
5-May-10,191.21
6-May-10,189.13
7-May-10,184.39
10-May-10,192.99
11-May-10,194.4
12-May-10,197.05
13-May-10,196.1
14-May-10,194.74
17-May-10,192.46
18-May-10,189.16
19-May-10,186.44
20-May-10,184.68
21-May-10,182.25
24-May-10,182.05
25-May-10,179.97
26-May-10,182.37
27-May-10,189.24
28-May-10,189.26
31-May-10,188.43
1-Jun-10,185.1
2-Jun-10,184.89
3-Jun-10,190.14
4-Jun-10,188.15
7-Jun-10,187.25
8-Jun-10,185.86
9-Jun-10,187.67
10-Jun-10,191.19
11-Jun-10,194.2
14-Jun-10,196.88
15-Jun-10,195.95
16-Jun-10,197.17
17-Jun-10,199.17
18-Jun-10,198.73
21-Jun-10,199.44
22-Jun-10,198.26
23-Jun-10,199.43
24-Jun-10,199.72
25-Jun-10,194.33
28-Jun-10,194.64
29-Jun-10,190.02
30-Jun-10,191.47
1-Jul-10,190.32
2-Jul-10,190.86
5-Jul-10,191.09
6-Jul-10,195.96
7-Jul-10,193.3
8-Jul-10,194.14
9-Jul-10,199.83
12-Jul-10,204.49
13-Jul-10,206.79
14-Jul-10,208.17
15-Jul-10,205.8
16-Jul-10,203.44
19-Jul-10,204.33
20-Jul-10,203.99
21-Jul-10,202.85
22-Jul-10,205.27
23-Jul-10,203.41
26-Jul-10,204.73
27-Jul-10,206.22
28-Jul-10,208.15
29-Jul-10,209.59
30-Jul-10,212.22
2-Aug-10,213.16
3-Aug-10,211.77
4-Aug-10,211.01
5-Aug-10,209.56
6-Aug-10,208.61
9-Aug-10,207.74
10-Aug-10,209.05
11-Aug-10,208.49
12-Aug-10,206.85
13-Aug-10,208.29
16-Aug-10,207.94
17-Aug-10,211.63
18-Aug-10,218.71
19-Aug-10,222.52
20-Aug-10,222.63
23-Aug-10,219.17
24-Aug-10,220.37
25-Aug-10,218.74
26-Aug-10,217.35
27-Aug-10,213.44
30-Aug-10,212.7
31-Aug-10,212.95
1-Sep-10,214.45
2-Sep-10,218.26
3-Sep-10,218.91
6-Sep-10,219.94
7-Sep-10,219.42
8-Sep-10,217.48
9-Sep-10,223.99
13-Sep-10,227.74
14-Sep-10,232.9
15-Sep-10,237.02
16-Sep-10,239
17-Sep-10,239.53
20-Sep-10,244.08
21-Sep-10,246.53
22-Sep-10,247.61
23-Sep-10,245.84
24-Sep-10,248.97
27-Sep-10,243.3
28-Sep-10,244.5
29-Sep-10,243.74
30-Sep-10,248.38
1-Oct-10,249.52
4-Oct-10,248.85
5-Oct-10,244.24
6-Oct-10,245.13
7-Oct-10,242.81
8-Oct-10,240.04
11-Oct-10,238.32
12-Oct-10,237.5
13-Oct-10,243.58
14-Oct-10,241.9
15-Oct-10,238.1
18-Oct-10,239.31
19-Oct-10,236.36
20-Oct-10,233.04
21-Oct-10,235.98
22-Oct-10,232.15
25-Oct-10,229.96
26-Oct-10,229.63
27-Oct-10,224.93
28-Oct-10,226.17
29-Oct-10,227.48
1-Nov-10,234.4
2-Nov-10,234.51
3-Nov-10,235.7
4-Nov-10,238.39
5-Nov-10,238.81
8-Nov-10,233.02
9-Nov-10,239.32
10-Nov-10,239.05
11-Nov-10,234.81
12-Nov-10,230.98
15-Nov-10,238.06
16-Nov-10,236.73
18-Nov-10,233.52
19-Nov-10,229.85
22-Nov-10,237.46
23-Nov-10,236.65
24-Nov-10,230.63
25-Nov-10,231.79
26-Nov-10,229.28
29-Nov-10,229.28
30-Nov-10,228.03
1-Dec-10,236.18
2-Dec-10,238.64
3-Dec-10,239.03
6-Dec-10,237.8
7-Dec-10,234.64
8-Dec-10,227.54
9-Dec-10,222.7
10-Dec-10,221.74
13-Dec-10,223.4
14-Dec-10,223.33
15-Dec-10,215.81
16-Dec-10,219.59
20-Dec-10,216.77
21-Dec-10,220.92
22-Dec-10,217.4
23-Dec-10,218.61
24-Dec-10,221.35
27-Dec-10,220.88
28-Dec-10,225.11
29-Dec-10,232.26
30-Dec-10,230.04
31-Dec-10,234.11
3-Jan-11,238.52
4-Jan-11,234.03
5-Jan-11,230.31
6-Jan-11,232.26
7-Jan-11,226.44
10-Jan-11,214.75
11-Jan-11,214.18
12-Jan-11,220.04
13-Jan-11,213.82
14-Jan-11,204.5
17-Jan-11,206.35
18-Jan-11,210.47
19-Jan-11,207.08
20-Jan-11,211.28
21-Jan-11,208.95
24-Jan-11,214.38
25-Jan-11,207.97
27-Jan-11,204.63
28-Jan-11,204.97
31-Jan-11,204.28
1-Feb-11,203.51
2-Feb-11,201.54
3-Feb-11,205.64
4-Feb-11,201.33
7-Feb-11,203.43
8-Feb-11,199.84
9-Feb-11,201.78
10-Feb-11,201.14
11-Feb-11,205.47
14-Feb-11,210.08
15-Feb-11,210.23
16-Feb-11,209.02
17-Feb-11,218.07
18-Feb-11,217.13
21-Feb-11,219.68
22-Feb-11,213.37
23-Feb-11,210.94
24-Feb-11,205.45
25-Feb-11,203.76
28-Feb-11,204.77
1-Mar-11,213.42
3-Mar-11,218.83
4-Mar-11,221.33
7-Mar-11,216.83
8-Mar-11,220.16
9-Mar-11,220.12
10-Mar-11,220.35
11-Mar-11,218.15
14-Mar-11,220.98
15-Mar-11,217.98
16-Mar-11,217.89
17-Mar-11,217.67
18-Mar-11,214.45
21-Mar-11,214.97
22-Mar-11,214.68
23-Mar-11,215.94
24-Mar-11,218.79
25-Mar-11,226
28-Mar-11,229.16
29-Mar-11,230
30-Mar-11,233.63
31-Mar-11,234.06
1-Apr-11,232.86
4-Apr-11,239.55
5-Apr-11,239.04
6-Apr-11,237.07
7-Apr-11,234.95
8-Apr-11,234.72
11-Apr-11,229.1
13-Apr-11,236.37
15-Apr-11,235.79
18-Apr-11,230.67
19-Apr-11,234.23
20-Apr-11,236.67
21-Apr-11,240.53
25-Apr-11,238.57
26-Apr-11,235.46
27-Apr-11,234.8
28-Apr-11,233.26
29-Apr-11,229.05
2-May-11,228.51
3-May-11,223.07
4-May-11,225.64
5-May-11,221.55
6-May-11,229.21
9-May-11,227.38
10-May-11,224.14
11-May-11,225.6
12-May-11,223.52
13-May-11,224.61
16-May-11,224.8
17-May-11,224.74
18-May-11,226.23
19-May-11,226.87
20-May-11,231.06
23-May-11,225.97
24-May-11,225.03
25-May-11,224.97
26-May-11,225.92
27-May-11,229.85
30-May-11,230.25
31-May-11,239.42
1-Jun-11,239.29
2-Jun-11,235.51
3-Jun-11,235.15
6-Jun-11,237.6
7-Jun-11,237.12
8-Jun-11,235
9-Jun-11,235.76
10-Jun-11,235.72
13-Jun-11,236.73
14-Jun-11,237.72
15-Jun-11,236.75
16-Jun-11,233.78
17-Jun-11,234.41
20-Jun-11,229.39
21-Jun-11,232.04
22-Jun-11,231.75
23-Jun-11,232.86
24-Jun-11,237.79
27-Jun-11,241.08
28-Jun-11,241.77
29-Jun-11,248.36
30-Jun-11,251
1-Jul-11,249.57
4-Jul-11,252.66
5-Jul-11,253.55
6-Jul-11,253.96
7-Jul-11,256.01
8-Jul-11,255.35
11-Jul-11,251.87
12-Jul-11,247.42
13-Jul-11,251.41
14-Jul-11,252.41
15-Jul-11,253.91
18-Jul-11,256.95
19-Jul-11,254.86
20-Jul-11,250.99
21-Jul-11,247.6
22-Jul-11,250.22
25-Jul-11,252.04
26-Jul-11,248.52
27-Jul-11,250.47
28-Jul-11,243.11
29-Jul-11,242.86
1-Aug-11,243.46
2-Aug-11,240.89
3-Aug-11,240.49
4-Aug-11,237.7
5-Aug-11,236
8-Aug-11,230.54
9-Aug-11,231.71
10-Aug-11,239.42
11-Aug-11,239.44
12-Aug-11,233.51
16-Aug-11,227.72
17-Aug-11,233.23
18-Aug-11,230.69
19-Aug-11,229.91
22-Aug-11,226.02
23-Aug-11,229.19
24-Aug-11,227.49
25-Aug-11,221.33
26-Aug-11,218.99
29-Aug-11,227.72
30-Aug-11,235.45
2-Sep-11,235.87
5-Sep-11,234.6
6-Sep-11,235.87
7-Sep-11,243.51
8-Sep-11,241.31
9-Sep-11,236.1
12-Sep-11,234.15
13-Sep-11,233.33
14-Sep-11,238.92
15-Sep-11,241.79
16-Sep-11,241.31
19-Sep-11,241.84
20-Sep-11,245.13
21-Sep-11,246.7
22-Sep-11,235.63
23-Sep-11,227.69
26-Sep-11,224.55
27-Sep-11,228.22
28-Sep-11,228.49
29-Sep-11,234.78
30-Sep-11,233.31
3-Oct-11,227.52
4-Oct-11,223.95
5-Oct-11,218.86
7-Oct-11,224.5
10-Oct-11,226.85
11-Oct-11,228.24
12-Oct-11,233.06
13-Oct-11,234.8
14-Oct-11,236.42
17-Oct-11,238.49
18-Oct-11,238.54
19-Oct-11,245.38
20-Oct-11,244.23
21-Oct-11,242.96
24-Oct-11,241.64
25-Oct-11,233.48
26-Oct-11,235.48
28-Oct-11,240.79
31-Oct-11,244.46
1-Nov-11,240.61
2-Nov-11,241.01
3-Nov-11,240.39
4-Nov-11,240.96
8-Nov-11,241.59
9-Nov-11,238.1
11-Nov-11,231.51
14-Nov-11,235.18
15-Nov-11,235.6
16-Nov-11,232.33
17-Nov-11,229.16
18-Nov-11,228.64
21-Nov-11,221.83
22-Nov-11,221.53
23-Nov-11,212.58
24-Nov-11,214.35
25-Nov-11,214.97
28-Nov-11,219.94
29-Nov-11,217.12
30-Nov-11,220.76
1-Dec-11,226.25
2-Dec-11,232.48
5-Dec-11,230.66
7-Dec-11,233.03
8-Dec-11,226.37
9-Dec-11,221.38
12-Dec-11,215.55
13-Dec-11,218.71
14-Dec-11,216.69
15-Dec-11,215.2
16-Dec-11,207.19
19-Dec-11,202.55
20-Dec-11,206.64
21-Dec-11,217.24
22-Dec-11,220.93
23-Dec-11,218.29
26-Dec-11,221.36
27-Dec-11,219.36
28-Dec-11,219.41
29-Dec-11,214.32
30-Dec-11,212.95
2-Jan-12,212.95
3-Jan-12,219.09
4-Jan-12,221.16
5-Jan-12,221.33
6-Jan-12,226.15
7-Jan-12,224.97
9-Jan-12,227.34
10-Jan-12,229.34
11-Jan-12,230.81
12-Jan-12,232.81
13-Jan-12,234.28
16-Jan-12,229.74
17-Jan-12,233.68
18-Jan-12,240.41
19-Jan-12,242.86
20-Jan-12,244.73
23-Jan-12,241.46
24-Jan-12,243.86
25-Jan-12,244.56
27-Jan-12,241.56
30-Jan-12,238.99
31-Jan-12,245.5
1-Feb-12,248.02
2-Feb-12,248.4
3-Feb-12,252.56
6-Feb-12,253.29
7-Feb-12,254.08
8-Feb-12,253.66
9-Feb-12,260.69
10-Feb-12,258.18
13-Feb-12,260.4
14-Feb-12,258.37
15-Feb-12,265.93
16-Feb-12,262.64
17-Feb-12,263.56
21-Feb-12,265.43
22-Feb-12,265.13
23-Feb-12,265.98
24-Feb-12,261.74
27-Feb-12,257.23
28-Feb-12,264.66
29-Feb-12,257.98
1-Mar-12,256.43
2-Mar-12,258.8
3-Mar-12,259.07
5-Mar-12,254.91
6-Mar-12,253.14
7-Mar-12,257.25
9-Mar-12,261.02
12-Mar-12,258.9
13-Mar-12,261.62
14-Mar-12,263.51
15-Mar-12,254.83
16-Mar-12,253.36
19-Mar-12,248.87
20-Mar-12,252.14
21-Mar-12,257.25
22-Mar-12,251.57
23-Mar-12,256.4
26-Mar-12,255.26
27-Mar-12,258.85
28-Mar-12,256.15
29-Mar-12,254.48
30-Mar-12,259.35
2-Apr-12,263.59
3-Apr-12,264.51
4-Apr-12,262.69
9-Apr-12,260.3
10-Apr-12,261.84
11-Apr-12,262.64
12-Apr-12,264.61
13-Apr-12,264.09
16-Apr-12,264.29
17-Apr-12,264.54
18-Apr-12,268.23
19-Apr-12,276.41
20-Apr-12,274.94
23-Apr-12,272.07
24-Apr-12,270.32
25-Apr-12,272.72
26-Apr-12,269.65
27-Apr-12,269.97
28-Apr-12,271.17
30-Apr-12,270.65
2-May-12,274.34
3-May-12,276.41
4-May-12,268.15
7-May-12,265.53
8-May-12,257.1
9-May-12,255.76
10-May-12,258.18
11-May-12,254.71
14-May-12,249.72
15-May-12,249
16-May-12,247.05
17-May-12,248.35
18-May-12,249.72
21-May-12,248.17
22-May-12,244.08
23-May-12,243.06
24-May-12,249.3
25-May-12,249.44
28-May-12,253.81
29-May-12,251.91
30-May-12,249.77
31-May-12,252.54
1-Jun-12,244.66
4-Jun-12,247.27
5-Jun-12,250.19
6-Jun-12,259.37
7-Jun-12,268.3
8-Jun-12,268.95
11-Jun-12,270.37
12-Jun-12,274.19
13-Jun-12,270.27
14-Jun-12,266.61
15-Jun-12,273.17
18-Jun-12,266.88
19-Jun-12,267.63
20-Jun-12,266.51
21-Jun-12,270.85
22-Jun-12,271.57
25-Jun-12,267.75
26-Jun-12,271.12
27-Jun-12,273.89
28-Jun-12,273.64
29-Jun-12,281.15
2-Jul-12,286.34
3-Jul-12,287.29
4-Jul-12,288.36
5-Jul-12,291.4
6-Jul-12,290.1
9-Jul-12,288.43
10-Jul-12,293.67
11-Jul-12,292.85
12-Jul-12,289.41
13-Jul-12,292.87
16-Jul-12,290.68
17-Jul-12,290.98
18-Jul-12,292.85
19-Jul-12,294.05
20-Jul-12,290.65
23-Jul-12,285.86
24-Jul-12,286.39
25-Jul-12,287.39
26-Jul-12,282.27
27-Jul-12,291.65
30-Jul-12,292.97
31-Jul-12,293.22
1-Aug-12,292.6
2-Aug-12,290.6
3-Aug-12,293.45
6-Aug-12,299.46
7-Aug-12,299.38
8-Aug-12,298.78
9-Aug-12,301.65
10-Aug-12,300.41
13-Aug-12,303.05
14-Aug-12,303.4
16-Aug-12,299.36
17-Aug-12,296.89
21-Aug-12,297.54
22-Aug-12,297.79
23-Aug-12,298.19
24-Aug-12,297.49
27-Aug-12,296.51
28-Aug-12,294.02
29-Aug-12,293.62
30-Aug-12,297.29
31-Aug-12,297.01
3-Sep-12,294.57
4-Sep-12,294.39
5-Sep-12,295.39
6-Sep-12,293.42
7-Sep-12,294.54
8-Sep-12,294.87
10-Sep-12,294.92
11-Sep-12,296.54
12-Sep-12,298.93
13-Sep-12,298.93
14-Sep-12,305.69
17-Sep-12,303.47
18-Sep-12,302.05
20-Sep-12,302.78
21-Sep-12,311.88
24-Sep-12,316.79
25-Sep-12,317.74
26-Sep-12,314.67
27-Sep-12,314.7
28-Sep-12,313.88
1-Oct-12,310.73
3-Oct-12,309.04
4-Oct-12,314.95
5-Oct-12,310.51
8-Oct-12,309.66
9-Oct-12,312.18
10-Oct-12,308.29
11-Oct-12,311.73
12-Oct-12,314.87
15-Oct-12,316.37
16-Oct-12,314.5
17-Oct-12,313.35
18-Oct-12,317.39
19-Oct-12,313.55
22-Oct-12,318.79
23-Oct-12,316.35
25-Oct-12,317.97
26-Oct-12,317.87
29-Oct-12,319.59
30-Oct-12,316.12
31-Oct-12,316.4
1-Nov-12,313.6
2-Nov-12,314.45
5-Nov-12,316.79
6-Nov-12,319.06
7-Nov-12,319.31
8-Nov-12,318.79
9-Nov-12,318.97
12-Nov-12,324.93
13-Nov-12,322.81
15-Nov-12,322.41
16-Nov-12,320.41
19-Nov-12,322.66
20-Nov-12,326.2
21-Nov-12,331.11
22-Nov-12,333.81
23-Nov-12,334.13
26-Nov-12,330.21
27-Nov-12,339.49
29-Nov-12,349.15
30-Nov-12,351.19
3-Dec-12,342.71
4-Dec-12,341.81
5-Dec-12,345.53
6-Dec-12,346.6
7-Dec-12,345.78
10-Dec-12,345.73
11-Dec-12,344.66
12-Dec-12,346.15
13-Dec-12,344.76
14-Dec-12,343.61
17-Dec-12,337.5
18-Dec-12,337.22
19-Dec-12,343.24
20-Dec-12,340.94
21-Dec-12,337.25
24-Dec-12,337.3
26-Dec-12,339.39
27-Dec-12,339.29
28-Dec-12,338.07
31-Dec-12,338.55
1-Jan-13,341.49
2-Jan-13,342.91
3-Jan-13,340.92
4-Jan-13,338.92
7-Jan-13,333.36
8-Jan-13,334.38
9-Jan-13,333.01
10-Jan-13,337.15
11-Jan-13,333.91
14-Jan-13,333.91
15-Jan-13,333.41
16-Jan-13,329.52
17-Jan-13,332.66
18-Jan-13,330.69
21-Jan-13,328.54
22-Jan-13,326.15
23-Jan-13,327.57
24-Jan-13,329.42
25-Jan-13,331.79
28-Jan-13,334.43
29-Jan-13,325.5
30-Jan-13,327.6
31-Jan-13,320.81
1-Feb-13,319.36
4-Feb-13,322.73
5-Feb-13,321.36
6-Feb-13,319.04
7-Feb-13,320.04
8-Feb-13,324.3
11-Feb-13,327.75
12-Feb-13,331.86
13-Feb-13,331.36
14-Feb-13,336.65
15-Feb-13,337.62
18-Feb-13,337.25
19-Feb-13,336.65
20-Feb-13,337.72
21-Feb-13,332.39
22-Feb-13,328.92
25-Feb-13,327.5
26-Feb-13,324.9
27-Feb-13,320.66
28-Feb-13,311.98
1-Mar-13,310.56
4-Mar-13,313.13
5-Mar-13,315.77
6-Mar-13,314.55
7-Mar-13,320.19
8-Mar-13,327.92
11-Mar-13,326.9
12-Mar-13,321.28
13-Mar-13,316.74
14-Mar-13,323.9
15-Mar-13,318.99
18-Mar-13,320.94
19-Mar-13,315.07
20-Mar-13,312.06
21-Mar-13,302.83
22-Mar-13,301.95
25-Mar-13,304.02
26-Mar-13,306.57
28-Mar-13,311.98
1-Apr-13,311.23
2-Apr-13,314.25
3-Apr-13,311.13
4-Apr-13,307.39
5-Apr-13,309.79
8-Apr-13,311.53
9-Apr-13,309.61
10-Apr-13,315.3
11-Apr-13,318.92
12-Apr-13,321.14
15-Apr-13,320.06
16-Apr-13,330.94
17-Apr-13,329.32
18-Apr-13,336.05
22-Apr-13,348.37
23-Apr-13,343.73
25-Apr-13,344.01
26-Apr-13,343.78
29-Apr-13,346.8
30-Apr-13,340.39
2-May-13,345.48
3-May-13,339.72
6-May-13,337
7-May-13,343.26
8-May-13,347.8
9-May-13,344.26
10-May-13,350.89
11-May-13,350.62
13-May-13,345.61
14-May-13,343.76
15-May-13,356.63
16-May-13,360.6
17-May-13,358.65
20-May-13,356.46
21-May-13,353.11
22-May-13,350.94
23-May-13,348.52
24-May-13,349.9
27-May-13,356.73
28-May-13,355.86
29-May-13,357.18
30-May-13,361.77
31-May-13,349.47
3-Jun-13,343.81
4-Jun-13,340.77
5-Jun-13,343.21
6-Jun-13,340.34
7-Jun-13,337.32
10-Jun-13,337.42
11-Jun-13,331.71
12-Jun-13,331.24
13-Jun-13,326.82
14-Jun-13,331.79
17-Jun-13,332.93
18-Jun-13,327.99
19-Jun-13,331.86
20-Jun-13,317.59
21-Jun-13,316.92
24-Jun-13,311.98
25-Jun-13,316.3
26-Jun-13,310.73
27-Jun-13,322.53
28-Jun-13,334.01
1-Jul-13,333.63
2-Jul-13,327.55
3-Jul-13,324.6
4-Jul-13,326.85
5-Jul-13,333.13
8-Jul-13,329.49
9-Jul-13,334.41
10-Jul-13,328.92
11-Jul-13,340.87
12-Jul-13,347.1
15-Jul-13,346.95
16-Jul-13,338.6
17-Jul-13,330.71
18-Jul-13,341.29
19-Jul-13,339.24
22-Jul-13,340.27
23-Jul-13,341.04
24-Jul-13,329.24
25-Jul-13,326.2
26-Jul-13,321.33
29-Jul-13,315.55
30-Jul-13,311.98
31-Jul-13,304.2
1-Aug-13,315.4
2-Aug-13,314.92
5-Aug-13,315.65
6-Aug-13,303.65
7-Aug-13,299.93
8-Aug-13,304.57
12-Aug-13,300.43
13-Aug-13,309.56
14-Aug-13,309.98
16-Aug-13,293.3
19-Aug-13,291.7
20-Aug-13,291.73
21-Aug-13,296.02
22-Aug-13,293.7
23-Aug-13,303.1
26-Aug-13,304.97
27-Aug-13,280.33
28-Aug-13,280.35
29-Aug-13,285.39
30-Aug-13,296.34
2-Sep-13,294.1
3-Sep-13,280.65
4-Sep-13,281.4
5-Sep-13,304.07
6-Sep-13,307.42
10-Sep-13,318.29
11-Sep-13,322.91
12-Sep-13,316.27
13-Sep-13,313.9
16-Sep-13,320.69
17-Sep-13,320.41
18-Sep-13,324.53
19-Sep-13,340.84
20-Sep-13,328.79
23-Sep-13,320.26
24-Sep-13,318.52
25-Sep-13,309.61
26-Sep-13,309.89
27-Sep-13,303.77
30-Sep-13,295.87
1-Oct-13,305.15
3-Oct-13,317.39
4-Oct-13,319.51
7-Oct-13,316.45
8-Oct-13,315.62
9-Oct-13,323.85
10-Oct-13,319.81
11-Oct-13,329.92
14-Oct-13,333.01
15-Oct-13,325.5
17-Oct-13,326.37
18-Oct-13,337.55
21-Oct-13,334.88
22-Oct-13,333.76
23-Oct-13,329.37
24-Oct-13,333.91
25-Oct-13,335.53
28-Oct-13,333.21
29-Oct-13,342.49
30-Oct-13,338.92
31-Oct-13,339.64
1-Nov-13,341.14
3-Nov-13,339.47
5-Nov-13,337.37
6-Nov-13,333.71
7-Nov-13,331.96
8-Nov-13,325.53
11-Nov-13,326.4
12-Nov-13,322.26
13-Nov-13,316.15
14-Nov-13,320.39
18-Nov-13,333.66
19-Nov-13,329.29
20-Nov-13,324.05
21-Nov-13,318.12
22-Nov-13,320.36
25-Nov-13,329.14
26-Nov-13,325.75
27-Nov-13,326.05
28-Nov-13,325.97
29-Nov-13,329.92
2-Dec-13,329.92
3-Dec-13,327.15
4-Dec-13,328.07
5-Dec-13,343.29
6-Dec-13,340.59
9-Dec-13,347.55
10-Dec-13,347.58
11-Dec-13,347
12-Dec-13,346.83
13-Dec-13,344.21
16-Dec-13,341.42
17-Dec-13,328.07
18-Dec-13,332.39
19-Dec-13,325.55
20-Dec-13,331.56
23-Dec-13,331.49
24-Dec-13,327.92
26-Dec-13,333.78
27-Dec-13,334.08
30-Dec-13,334.01
31-Dec-13,332.19
1-Jan-14,331.84
2-Jan-14,327.77
3-Jan-14,330.81
6-Jan-14,330.12
7-Jan-14,331.46
8-Jan-14,331.61
9-Jan-14,330.74
10-Jan-14,330.29
13-Jan-14,335.68
14-Jan-14,335.4
15-Jan-14,339.52
16-Jan-14,335.78
17-Jan-14,331.76
20-Jan-14,334.28
21-Jan-14,337.3
22-Jan-14,337.8
23-Jan-14,339
24-Jan-14,335.95
27-Jan-14,323.88
28-Jan-14,321.51
29-Jan-14,322.01
30-Jan-14,315.2
31-Jan-14,313.55
3-Feb-14,312.55
4-Feb-14,314.6
5-Feb-14,318.02
6-Feb-14,322.78
7-Feb-14,323.16
10-Feb-14,321.23
11-Feb-14,321.68
12-Feb-14,322.01
13-Feb-14,315.55
14-Feb-14,320.19
17-Feb-14,324.48
18-Feb-14,329.47
19-Feb-14,334.28
20-Feb-14,330.64
21-Feb-14,331.46
24-Feb-14,334.75
25-Feb-14,334.8
26-Feb-14,337.95
28-Feb-14,334.06
3-Mar-14,332.36
4-Mar-14,335.1
5-Mar-14,334.13
6-Mar-14,337.05
7-Mar-14,354.93
10-Mar-14,366.41
11-Mar-14,361.77
12-Mar-14,361.97
13-Mar-14,370.35
14-Mar-14,365.26
18-Mar-14,366.18
19-Mar-14,368.4
20-Mar-14,364.29
21-Mar-14,366.11
22-Mar-14,365.39
24-Mar-14,374.49
25-Mar-14,374.24
26-Mar-14,372.2
27-Mar-14,372.55
28-Mar-14,371.65
31-Mar-14,373.57
1-Apr-14,368.23
2-Apr-14,365.14
3-Apr-14,363.59
4-Apr-14,361.92
7-Apr-14,361.87
9-Apr-14,370.1
10-Apr-14,368.88
11-Apr-14,368.26
15-Apr-14,361.17
16-Apr-14,362.17
17-Apr-14,358.55
21-Apr-14,357.43
22-Apr-14,362.97
23-Apr-14,365.69
25-Apr-14,362.39
28-Apr-14,361.79
29-Apr-14,357.11
30-Apr-14,359.85
2-May-14,357.75
5-May-14,357.55
6-May-14,359.3
7-May-14,357.01
8-May-14,358.35
9-May-14,377.56
12-May-14,395.2
13-May-14,393.2
14-May-14,386.86
15-May-14,393.3
16-May-14,401.46
19-May-14,405.05
20-May-14,407.12
21-May-14,403.85
22-May-14,400.41
23-May-14,393.95
26-May-14,397.69
27-May-14,401.56
28-May-14,410.81
29-May-14,404.23
30-May-14,395.49
2-Jun-14,408.79
3-Jun-14,411.26
4-Jun-14,407.44
5-Jun-14,401.83
6-Jun-14,406.72
9-Jun-14,408.82
10-Jun-14,407.42
11-Jun-14,409.34
12-Jun-14,418.99
13-Jun-14,416.77
16-Jun-14,418.57
17-Jun-14,422.33
18-Jun-14,416.5
19-Jun-14,411.96
20-Jun-14,410.06
23-Jun-14,409.81
24-Jun-14,413.58
25-Jun-14,411.13
26-Jun-14,405.3
27-Jun-14,407.19
30-Jun-14,409.86
1-Jul-14,410.74
2-Jul-14,419.02
3-Jul-14,417.47
4-Jul-14,427.37
7-Jul-14,419.29
8-Jul-14,413.7
9-Jul-14,414.23
10-Jul-14,410.76
11-Jul-14,405
14-Jul-14,407.82
15-Jul-14,412.48
16-Jul-14,416.95
17-Jul-14,414.98
18-Jul-14,415.3
21-Jul-14,412.81
22-Jul-14,418.99
23-Jul-14,417.22
24-Jul-14,420.19
25-Jul-14,416.82
28-Jul-14,413.85
30-Jul-14,418.47
31-Jul-14,416.07
1-Aug-14,406.82
4-Aug-14,405.6
5-Aug-14,409.19
6-Aug-14,404.1
7-Aug-14,404.85
8-Aug-14,397.19
11-Aug-14,395.59
12-Aug-14,402.7
13-Aug-14,405.3
14-Aug-14,412.43
18-Aug-14,415.25
19-Aug-14,411.01
20-Aug-14,409.36
21-Aug-14,415.33
22-Aug-14,422.43
25-Aug-14,420.79
26-Aug-14,420.31
27-Aug-14,417.37
28-Aug-14,420.84
1-Sep-14,419.67
2-Sep-14,428.65
3-Sep-14,427.37
4-Sep-14,424.98
5-Sep-14,423.28
8-Sep-14,431.41
9-Sep-14,431.84
10-Sep-14,427.7
11-Sep-14,426.23
12-Sep-14,426.9
15-Sep-14,429.22
16-Sep-14,424.55
17-Sep-14,422.26
18-Sep-14,428.12
19-Sep-14,429.17
22-Sep-14,427.47
23-Sep-14,423.48
24-Sep-14,426.78
25-Sep-14,424.03
26-Sep-14,434.86
29-Sep-14,431.59
30-Sep-14,435.36
1-Oct-14,433.04
7-Oct-14,430.27
8-Oct-14,432.84
9-Oct-14,442.81
10-Oct-14,432.69
13-Oct-14,437.43
14-Oct-14,433.21
16-Oct-14,428.47
17-Oct-14,441.64
20-Oct-14,445.91
21-Oct-14,446.78
22-Oct-14,445.83
23-Oct-14,447.23
27-Oct-14,447.63
28-Oct-14,446.66
29-Oct-14,444.78
30-Oct-14,447.33
31-Oct-14,454.91
3-Nov-14,454.34
5-Nov-14,455.39
7-Nov-14,448.73
10-Nov-14,451.32
11-Nov-14,452.94
12-Nov-14,454.86
13-Nov-14,456.96
14-Nov-14,464.02
17-Nov-14,458.45
18-Nov-14,465.06
19-Nov-14,462.25
20-Nov-14,458.08
21-Nov-14,465.39
24-Nov-14,471.55
25-Nov-14,475.72
26-Nov-14,474.59
27-Nov-14,473.02
28-Nov-14,477.51
1-Dec-14,473.95
2-Dec-14,470.6
3-Dec-14,465.51
4-Dec-14,469.65
5-Dec-14,470.33
8-Dec-14,462.55
9-Dec-14,462.35
10-Dec-14,464.67
11-Dec-14,465.76
12-Dec-14,464.72
15-Dec-14,469.7
16-Dec-14,461.85
17-Dec-14,459.9
18-Dec-14,465.99
19-Dec-14,469.68
22-Dec-14,480.78
23-Dec-14,478.81
24-Dec-14,471.58
26-Dec-14,473.27
29-Dec-14,474.79
30-Dec-14,477.16
31-Dec-14,474.74
1-Jan-15,474.97
2-Jan-15,481.58
5-Jan-15,477.51
6-Jan-15,470.08
7-Jan-15,471.45
8-Jan-15,481.35
9-Jan-15,486.74
12-Jan-15,482.45
13-Jan-15,480.61
14-Jan-15,480.88
15-Jan-15,495.47
16-Jan-15,499.56
19-Jan-15,501.16
20-Jan-15,509.34
21-Jan-15,508.84
22-Jan-15,509.49
23-Jan-15,520.24
27-Jan-15,535.83
28-Jan-15,528
29-Jan-15,546.28
30-Jan-15,537.48
2-Feb-15,539.6
3-Feb-15,530.87
4-Feb-15,532.66
5-Feb-15,537.05
6-Feb-15,525.58
9-Feb-15,518.89
10-Feb-15,526.05
11-Feb-15,528.02
12-Feb-15,536.81
13-Feb-15,531.72
16-Feb-15,532.59
18-Feb-15,536.21
19-Feb-15,538.7
20-Feb-15,535.33
23-Feb-15,532.56
24-Feb-15,532.64
25-Feb-15,525.06
26-Feb-15,517.92
27-Feb-15,525.83
28-Feb-15,534.41
2-Mar-15,540.07
3-Mar-15,540.47
4-Mar-15,531.47
5-Mar-15,541.34
9-Mar-15,528.32
10-Mar-15,525.11
11-Mar-15,527.05
12-Mar-15,526.13
13-Mar-15,520.17
16-Mar-15,524.61
17-Mar-15,527.85
18-Mar-15,530.59
19-Mar-15,524.93
20-Mar-15,526.78
23-Mar-15,522.71
24-Mar-15,517.82
25-Mar-15,515.98
26-Mar-15,502.36
27-Mar-15,506.2
30-Mar-15,517.3
31-Mar-15,510.21
1-Apr-15,515.48
6-Apr-15,514.83
7-Apr-15,515.23
8-Apr-15,516.63
9-Apr-15,526.88
10-Apr-15,520.17
13-Apr-15,518.25
15-Apr-15,514.68
16-Apr-15,513.68
17-Apr-15,507.99
20-Apr-15,501.43
21-Apr-15,500.39
22-Apr-15,505.42
23-Apr-15,505.62
24-Apr-15,502.11
27-Apr-15,501.61
28-Apr-15,501.16
29-Apr-15,495.47
30-Apr-15,493.3
4-May-15,499.36
5-May-15,492.73
6-May-15,484.22
7-May-15,474.59
8-May-15,489.91
11-May-15,494.05
12-May-15,484.9
13-May-15,494.03
14-May-15,494.42
15-May-15,493.95
18-May-15,503.8
19-May-15,502.66
20-May-15,510.89
21-May-15,511.21
22-May-15,511.01
25-May-15,510.64
26-May-15,512.56
27-May-15,517.92
28-May-15,513.56
29-May-15,524.11
1-Jun-15,516.95
2-Jun-15,503.28
3-Jun-15,501.66
4-Jun-15,506.35
5-Jun-15,504.75
8-Jun-15,500.61
9-Jun-15,499.81
10-Jun-15,506.67
11-Jun-15,498.99
12-Jun-15,503.45
15-Jun-15,501.48
16-Jun-15,503.08
17-Jun-15,501.23
18-Jun-15,508.67
19-Jun-15,514.11
22-Jun-15,522.41
23-Jun-15,524.88
24-Jun-15,521.74
25-Jun-15,531.32
26-Jun-15,530.24
29-Jun-15,527.15
30-Jun-15,532.39
1-Jul-15,534.98
2-Jul-15,527.92
3-Jul-15,535.93
6-Jul-15,540.55
7-Jul-15,542.22
8-Jul-15,533.24
9-Jul-15,535.83
10-Jul-15,544.16
13-Jul-15,546.86
14-Jul-15,544.71
15-Jul-15,547.13
16-Jul-15,556.11
17-Jul-15,554.04
20-Jul-15,556.39
21-Jul-15,547.81
22-Jul-15,555.96
23-Jul-15,552.72
24-Jul-15,552.69
27-Jul-15,546.71
28-Jul-15,553.02
29-Jul-15,552.94
30-Jul-15,554.04
31-Jul-15,554.59
3-Aug-15,546.48
4-Aug-15,542.02
5-Aug-15,544.89
6-Aug-15,546.76
7-Aug-15,545.11
10-Aug-15,546.11
11-Aug-15,546.13
12-Aug-15,534.04
13-Aug-15,537.58
14-Aug-15,549.68
17-Aug-15,544.54
18-Aug-15,541.97
19-Aug-15,539.72
20-Aug-15,536.16
21-Aug-15,529.47
24-Aug-15,508.39
25-Aug-15,508.09
26-Aug-15,505.62
27-Aug-15,509.91
28-Aug-15,512.83
31-Aug-15,512.58
1-Sep-15,498.94
2-Sep-15,496.47
3-Sep-15,504.03
4-Sep-15,496.92
7-Sep-15,491.13
8-Sep-15,500.91
9-Sep-15,507.02
10-Sep-15,504.38
11-Sep-15,504.13
14-Sep-15,508.72
15-Sep-15,505.45
16-Sep-15,510.54
18-Sep-15,523.71
21-Sep-15,525.31
22-Sep-15,514.18
23-Sep-15,523.43
24-Sep-15,524.53
28-Sep-15,522.04
29-Sep-15,531.22
30-Sep-15,533.21
1-Oct-15,532.64
5-Oct-15,547.96
6-Oct-15,541.77
7-Oct-15,542.67
8-Oct-15,540.35
9-Oct-15,541.87
12-Oct-15,539.08
13-Oct-15,536.98
14-Oct-15,541.17
15-Oct-15,540.87
16-Oct-15,548.8
19-Oct-15,547.68
20-Oct-15,546.23
21-Oct-15,546.28
23-Oct-15,553.02
26-Oct-15,549.53
27-Oct-15,554.22
28-Oct-15,554.52
29-Oct-15,550.55
30-Oct-15,548.58
2-Nov-15,540.35
3-Nov-15,541.25
4-Nov-15,539.65
5-Nov-15,538.73
6-Nov-15,539.25
9-Nov-15,531.22
10-Nov-15,526.13
11-Nov-15,526.03
13-Nov-15,524.86
16-Nov-15,529.3
17-Nov-15,529.22
18-Nov-15,523.14
19-Nov-15,533.26
20-Nov-15,534.24
23-Nov-15,531.84
24-Nov-15,530.99
26-Nov-15,530.79
27-Nov-15,538.5
30-Nov-15,537.68
1-Dec-15,540.3
2-Dec-15,537.7
3-Dec-15,537.18
4-Dec-15,528.27
7-Dec-15,529.8
8-Dec-15,523.46
9-Dec-15,522.56
10-Dec-15,529.12
11-Dec-15,522.01
14-Dec-15,526.35
15-Dec-15,528.55
16-Dec-15,532.46
17-Dec-15,538.93
18-Dec-15,535.31
21-Dec-15,536.51
22-Dec-15,532.04
23-Dec-15,535.86
24-Dec-15,535.81
28-Dec-15,537.43
29-Dec-15,537.78
30-Dec-15,535.96
31-Dec-15,539.87
1-Jan-16,543.17
4-Jan-16,534.06
5-Jan-16,530.02
6-Jan-16,532.36
7-Jan-16,526.93
8-Jan-16,530
11-Jan-16,528.12
12-Jan-16,522.31
13-Jan-16,528.9
14-Jan-16,523.71
15-Jan-16,519.92
18-Jan-16,511.79
19-Jan-16,516.75
20-Jan-16,508.02
21-Jan-16,510.36
22-Jan-16,514.01
25-Jan-16,519.42
27-Jan-16,516.67
28-Jan-16,514.7
29-Jan-16,523.76
1-Feb-16,528.7
2-Feb-16,525.73
3-Feb-16,520.77
4-Feb-16,523.43
5-Feb-16,526.45
8-Feb-16,516.77
9-Feb-16,511.89
10-Feb-16,505.35
11-Feb-16,486.57
12-Feb-16,484.62
15-Feb-16,485.72
16-Feb-16,485.64
17-Feb-16,486.37
18-Feb-16,493.63
19-Feb-16,493.55
22-Feb-16,493.28
23-Feb-16,483.95
24-Feb-16,473.75
25-Feb-16,470.28
26-Feb-16,479.43
29-Feb-16,484.85
1-Mar-16,490.98
2-Mar-16,502.48
3-Mar-16,506.8
4-Mar-16,509.14
8-Mar-16,505.95
9-Mar-16,511.26
10-Mar-16,509.49
11-Mar-16,513.21
14-Mar-16,512.63
15-Mar-16,512.21
16-Mar-16,514.08
17-Mar-16,508.07
18-Mar-16,513.06
21-Mar-16,521.64
22-Mar-16,525.75
23-Mar-16,523.51
28-Mar-16,522.59
29-Mar-16,525.73
30-Mar-16,531.29
31-Mar-16,534.39
1-Apr-16,531.04
4-Apr-16,533.34
5-Apr-16,527.55
6-Apr-16,529.57
7-Apr-16,526.58
8-Apr-16,528.5
11-Apr-16,534.29
12-Apr-16,530.32
13-Apr-16,539.67
18-Apr-16,542.69
20-Apr-16,547.71
21-Apr-16,544.36
22-Apr-16,544.86
25-Apr-16,545.41
26-Apr-16,555.69
27-Apr-16,560.85
28-Apr-16,555.74
29-Apr-16,564.92
2-May-16,557.58
3-May-16,557.76
4-May-16,562.42
5-May-16,564.89
6-May-16,558.58
9-May-16,569.43
10-May-16,571.18
11-May-16,568.14
12-May-16,573.27
13-May-16,569.18
16-May-16,580.11
17-May-16,575.44
18-May-16,569.06
19-May-16,568.38
20-May-16,569.18
23-May-16,567.11
24-May-16,568.71
25-May-16,585.35
26-May-16,590.31
27-May-16,592.08
30-May-16,588.56
31-May-16,589.64
1-Jun-16,586.27
2-Jun-16,586.17
3-Jun-16,584.57
6-Jun-16,584.25
7-Jun-16,585.55
8-Jun-16,580.01
9-Jun-16,578.41
10-Jun-16,579.39
13-Jun-16,575.17
14-Jun-16,574.65
15-Jun-16,583.48
16-Jun-16,579.78
17-Jun-16,583.7
20-Jun-16,584.72
21-Jun-16,582.03
22-Jun-16,584.45
23-Jun-16,593.73
24-Jun-16,579.66
27-Jun-16,578.69
28-Jun-16,582.18
29-Jun-16,582.85
30-Jun-16,586.92
1-Jul-16,585.95
4-Jul-16,585.1
5-Jul-16,581.51
7-Jul-16,591.51
8-Jul-16,586.12
11-Jul-16,598.54
12-Jul-16,599.74
13-Jul-16,597.54
14-Jul-16,598.84
15-Jul-16,610.49
18-Jul-16,612.36
19-Jul-16,607.82
20-Jul-16,614.73
21-Jul-16,612.94
22-Jul-16,614.03
25-Jul-16,622.09
26-Jul-16,618.02
27-Jul-16,617.1
28-Jul-16,622.84
29-Jul-16,621.72
1-Aug-16,619.77
2-Aug-16,620.27
3-Aug-16,618.85
4-Aug-16,619.12
5-Aug-16,623.24
8-Aug-16,623.41
9-Aug-16,622.21
10-Aug-16,612.09
11-Aug-16,612.76
12-Aug-16,612.99
16-Aug-16,612.29
17-Aug-16,616.08
18-Aug-16,624.86
19-Aug-16,622.17
22-Aug-16,623.76
23-Aug-16,624.34
24-Aug-16,629.5
25-Aug-16,627.88
26-Aug-16,627.15
29-Aug-16,617.68
30-Aug-16,632.92
31-Aug-16,644.17
1-Sep-16,640.42
2-Sep-16,641.12
6-Sep-16,648.76
7-Sep-16,641.95
8-Sep-16,643.27
9-Sep-16,643.77
12-Sep-16,638.53
14-Sep-16,633.32
15-Sep-16,638.38
16-Sep-16,647.48
19-Sep-16,643.64
20-Sep-16,642.79
21-Sep-16,645.06
22-Sep-16,652
23-Sep-16,654.89
26-Sep-16,646.64
27-Sep-16,647.58
28-Sep-16,646.19
29-Sep-16,637.33
30-Sep-16,635.01
3-Oct-16,642.17
4-Oct-16,643.34
5-Oct-16,641.62
6-Oct-16,639.55
7-Oct-16,638.88
10-Oct-16,640.75
13-Oct-16,629.97
14-Oct-16,629.5
17-Oct-16,617.48
18-Oct-16,627.53
19-Oct-16,627.78
20-Oct-16,626.36
21-Oct-16,633.94
24-Oct-16,630.37
25-Oct-16,623.76
26-Oct-16,618.27
27-Oct-16,624.66
28-Oct-16,628.13
30-Oct-16,625.26
1-Nov-16,628.5
2-Nov-16,621.69
3-Nov-16,626.08
4-Nov-16,620.47
7-Nov-16,623.34
8-Nov-16,625.76
9-Nov-16,624.24
10-Nov-16,637.86
11-Nov-16,636.48
15-Nov-16,625.98
16-Nov-16,620.79
17-Nov-16,613.73
18-Nov-16,604.35
21-Nov-16,598.02
22-Nov-16,597.69
23-Nov-16,591.06
24-Nov-16,581.46
25-Nov-16,593.33
28-Nov-16,590.91
29-Nov-16,588.07
30-Nov-16,598.47
1-Dec-16,597.3
2-Dec-16,593.23
5-Dec-16,596.85
6-Dec-16,595.9
7-Dec-16,589.49
8-Dec-16,598.42
9-Dec-16,597.82
12-Dec-16,590.91
13-Dec-16,591.81
14-Dec-16,586.54
15-Dec-16,586.99
16-Dec-16,589.84
19-Dec-16,587.07
20-Dec-16,589.64
21-Dec-16,588.69
22-Dec-16,585.25
23-Dec-16,591.81
26-Dec-16,586.2
27-Dec-16,591.28
28-Dec-16,592.06
29-Dec-16,601.26
30-Dec-16,601.76
2-Jan-17,597.22
3-Jan-17,593.63
4-Jan-17,591.43
5-Jan-17,591.78
6-Jan-17,595.5
9-Jan-17,596.27
10-Jan-17,605.83
11-Jan-17,615.63
12-Jan-17,616.13
13-Jan-17,614.88
16-Jan-17,622.44
17-Jan-17,617.87
18-Jan-17,619.92
19-Jan-17,616.78
20-Jan-17,616.8
23-Jan-17,620.94
24-Jan-17,632.37
25-Jan-17,643.87
27-Jan-17,644.52
30-Jan-17,641.05
31-Jan-17,641.9
1-Feb-17,651.4
2-Feb-17,647.91
3-Feb-17,654.07
6-Feb-17,655.59
7-Feb-17,652.12
8-Feb-17,651.38
9-Feb-17,647.38
10-Feb-17,650.35
13-Feb-17,653.65
14-Feb-17,654.09
15-Feb-17,659.63
16-Feb-17,662.48
17-Feb-17,687
20-Feb-17,702.99
21-Feb-17,706.2
22-Feb-17,698.02
23-Feb-17,695.6
27-Feb-17,695.25
28-Feb-17,693.51
1-Mar-17,694.28
2-Mar-17,688.52
3-Mar-17,686.97
6-Mar-17,688.84
7-Mar-17,691.56
8-Mar-17,694.55
9-Mar-17,695.55
10-Mar-17,698.5
14-Mar-17,703.78
15-Mar-17,706.73
16-Mar-17,707.1
17-Mar-17,711.34
20-Mar-17,716.46
21-Mar-17,718.87
22-Mar-17,713.86
23-Mar-17,713.86
24-Mar-17,710.59
27-Mar-17,703.36
28-Mar-17,708.52
29-Mar-17,712.71
30-Mar-17,731.47
31-Mar-17,719.67
3-Apr-17,715.01
5-Apr-17,714.58
6-Apr-17,717.65
7-Apr-17,717.83
10-Apr-17,715.48
11-Apr-17,718.15
12-Apr-17,720.25
13-Apr-17,718.55
17-Apr-17,716.8
18-Apr-17,722.04
19-Apr-17,722.89
20-Apr-17,729.45
21-Apr-17,746.64
24-Apr-17,764.82
25-Apr-17,766.82
26-Apr-17,773.6
27-Apr-17,782.56
28-Apr-17,771.53
2-May-17,768.59
3-May-17,770.44
4-May-17,765.7
5-May-17,764.4
8-May-17,765.7
9-May-17,766.17
10-May-17,774.18
11-May-17,771.48
12-May-17,774.1
15-May-17,774.97
16-May-17,778.09
17-May-17,776.85
18-May-17,776.82
19-May-17,778.89
22-May-17,786.25
23-May-17,782.81
24-May-17,781.64
25-May-17,806.78
26-May-17,811.19
29-May-17,814.14
30-May-17,812.72
31-May-17,816.28
1-Jun-17,812.49
2-Jun-17,815.31
5-Jun-17,815.96
6-Jun-17,817.65
7-Jun-17,818.58
8-Jun-17,820.55
9-Jun-17,831.55
12-Jun-17,832.52
13-Jun-17,836.49
14-Jun-17,833.74
15-Jun-17,830.33
16-Jun-17,832.77
19-Jun-17,844.57
20-Jun-17,841.4
21-Jun-17,847.46
22-Jun-17,847.11
23-Jun-17,837.46
27-Jun-17,831.97
28-Jun-17,831.37
29-Jun-17,829.68
30-Jun-17,824.19
3-Jul-17,827.46
4-Jul-17,824.84
5-Jul-17,822.54
6-Jul-17,827.23
7-Jul-17,831.75
10-Jul-17,836.31
11-Jul-17,838.33
12-Jul-17,838.76
13-Jul-17,839.91
14-Jul-17,838.11
17-Jul-17,839.31
18-Jul-17,839.91
19-Jul-17,844.27
20-Jul-17,853.55
21-Jul-17,849.63
24-Jul-17,865.62
25-Jul-17,867.89
26-Jul-17,871.83
27-Jul-17,892.84
28-Jul-17,887.27
31-Jul-17,890.22
1-Aug-17,896.6
2-Aug-17,893.84
3-Aug-17,888
4-Aug-17,893.14
7-Aug-17,892.29
8-Aug-17,886.98
9-Aug-17,880.27
10-Aug-17,878.27
11-Aug-17,872.58
14-Aug-17,876.65
16-Aug-17,888.65
17-Aug-17,880.74
18-Aug-17,874.13
21-Aug-17,869.66
22-Aug-17,871.56
23-Aug-17,884.26
24-Aug-17,879.29
28-Aug-17,879.17
29-Aug-17,871.14
30-Aug-17,882.31
31-Aug-17,886.25
1-Sep-17,881.84
4-Sep-17,873.51
5-Sep-17,875.73
6-Sep-17,878
7-Sep-17,881.31
8-Sep-17,891.84
11-Sep-17,909.65
12-Sep-17,915.56
13-Sep-17,918.88
14-Sep-17,917.66
15-Sep-17,922.42
18-Sep-17,928.16
19-Sep-17,922.8
20-Sep-17,922.37
21-Sep-17,917.51
22-Sep-17,910.02
25-Sep-17,897.88
26-Sep-17,894.16
27-Sep-17,886.28
28-Sep-17,895.66
29-Sep-17,900.84
3-Oct-17,902.42
4-Oct-17,896.5
5-Oct-17,897.3
6-Oct-17,898.05
9-Oct-17,895.76
10-Oct-17,899.35
11-Oct-17,893.09
12-Oct-17,907.38
13-Oct-17,923.34
16-Oct-17,926.51
17-Oct-17,923.57
18-Oct-17,932.18
19-Oct-17,922.15
23-Oct-17,929.58
24-Oct-17,931.48
25-Oct-17,895.56
26-Oct-17,895.68
27-Oct-17,893.54
30-Oct-17,905.48
31-Oct-17,902.24
1-Nov-17,908.58
2-Nov-17,909.03
3-Nov-17,913.32
6-Nov-17,912.27
7-Nov-17,909.82
8-Nov-17,910.95
9-Nov-17,911.9
10-Nov-17,908.98
13-Nov-17,904.76
14-Nov-17,899.17
15-Nov-17,898.13
16-Nov-17,901.84
17-Nov-17,910.75
20-Nov-17,917.03
21-Nov-17,921.07
22-Nov-17,925.56
23-Nov-17,919.38
24-Nov-17,923.64
27-Nov-17,926.71
28-Nov-17,930.6
29-Nov-17,934.57
30-Nov-17,924.79
1-Dec-17,922.05
4-Dec-17,915.01
5-Dec-17,908.2
6-Dec-17,899.65
7-Dec-17,902.82
8-Dec-17,918.16
11-Dec-17,921.15
12-Dec-17,907.93
13-Dec-17,908.65
14-Dec-17,916.98
15-Dec-17,934.64
18-Dec-17,937.39
19-Dec-17,940.16
20-Dec-17,932
21-Dec-17,932.08
22-Dec-17,936.24
26-Dec-17,932.1
27-Dec-17,926.31
28-Dec-17,936.94
29-Dec-17,934.12
1-Jan-18,925.19
2-Jan-18,934.1
3-Jan-18,924.27
4-Jan-18,927.88
5-Jan-18,929.73
8-Jan-18,928.23
9-Jan-18,929.78
10-Jan-18,930.03
11-Jan-18,934.2
12-Jan-18,930.58
15-Jan-18,946.77
16-Jan-18,947.96
17-Jan-18,943.15
18-Jan-18,965
19-Jan-18,973.93
22-Jan-18,979.49
23-Jan-18,973.48
24-Jan-18,976.65
25-Jan-18,985.28
29-Jan-18,997.6
30-Jan-18,995.53
31-Jan-18,1000.62
1-Feb-18,993.36
2-Feb-18,971.84
5-Feb-18,954.8
6-Feb-18,946.29
7-Feb-18,934.32
8-Feb-18,938.39
9-Feb-18,922.7
12-Feb-18,936.24
14-Feb-18,939.48
15-Feb-18,938.86
16-Feb-18,937.21
19-Feb-18,937.01
20-Feb-18,929.53
21-Feb-18,926.64
22-Feb-18,924.54
23-Feb-18,938.19
26-Feb-18,953.65
27-Feb-18,949.16
28-Feb-18,940.01
1-Mar-18,935.09
5-Mar-18,932.9
6-Mar-18,921.07
7-Mar-18,914.26
8-Mar-18,924.37
9-Mar-18,923.47
12-Mar-18,931.55
13-Mar-18,928.06
14-Mar-18,930.18
15-Mar-18,938.31
16-Mar-18,924.44
19-Mar-18,921.57
20-Mar-18,917.71
21-Mar-18,927.39
22-Mar-18,931.8
23-Mar-18,918.73
26-Mar-18,944.62
27-Mar-18,944.2
28-Mar-18,940.96
2-Apr-18,963.46
3-Apr-18,955.82
4-Apr-18,939.53
5-Apr-18,952.33
6-Apr-18,959.56
9-Apr-18,967.37
10-Apr-18,958.29
11-Apr-18,957.29
12-Apr-18,962.26
13-Apr-18,960.36
16-Apr-18,968.89
17-Apr-18,972.09
18-Apr-18,964.15
19-Apr-18,967.35
20-Apr-18,975.78
23-Apr-18,965.73
24-Apr-18,965.35
25-Apr-18,958.24
26-Apr-18,962.98
27-Apr-18,959.56
30-Apr-18,969.99
2-May-18,982.56
3-May-18,981.76
4-May-18,992.04
7-May-18,986.5
8-May-18,981.34
9-May-18,987
10-May-18,994.14
11-May-18,1003.64
14-May-18,1008.63
15-May-18,1016.64
16-May-18,1009.43
17-May-18,1011.62
18-May-18,1003.84
21-May-18,994.31
22-May-18,992.74
23-May-18,981.57
24-May-18,990.79
25-May-18,1002.12
28-May-18,1018.83
29-May-18,1014.04
30-May-18,1021.9
31-May-18,1067.35
1-Jun-18,1052.96
4-Jun-18,1020.83
5-Jun-18,1029.51
6-Jun-18,1026.39
7-Jun-18,1028.81
8-Jun-18,1022.4
11-Jun-18,1018.88
12-Jun-18,1019.66
13-Jun-18,1013.47
14-Jun-18,1016.44
15-Jun-18,1012.55
18-Jun-18,1007.33
19-Jun-18,1009.5
20-Jun-18,1025.79
21-Jun-18,1026.52
22-Jun-18,1039.36
25-Jun-18,1045.15
26-Jun-18,1044.52
27-Jun-18,1053.95
28-Jun-18,1063.06
29-Jun-18,1051.88
2-Jul-18,1034.32
3-Jul-18,1032.8
4-Jul-18,1049.44
5-Jul-18,1059.52
6-Jul-18,1055.23
9-Jul-18,1060.46
10-Jul-18,1070.82
11-Jul-18,1071.74
12-Jul-18,1080.57
13-Jul-18,1088.03
16-Jul-18,1082.02
17-Jul-18,1085.96
18-Jul-18,1085.68
19-Jul-18,1090.62
20-Jul-18,1092.09
23-Jul-18,1075.83
24-Jul-18,1077.48
25-Jul-18,1082.76
26-Jul-18,1093.87
27-Jul-18,1098.63
30-Jul-18,1082.54
31-Jul-18,1087.33
1-Aug-18,1076.95
2-Aug-18,1062.73
3-Aug-18,1058.47
6-Aug-18,1054.8
7-Aug-18,1063.08
8-Aug-18,1065.8
9-Aug-18,1056.9
10-Aug-18,1054.88
13-Aug-18,1043.5
14-Aug-18,1042.23
16-Aug-18,1035.54
17-Aug-18,1036.37
20-Aug-18,1045.77
21-Aug-18,1045.7
23-Aug-18,1037.64
24-Aug-18,1032.63
27-Aug-18,1037.91
28-Aug-18,1045.1
29-Aug-18,1036.94
30-Aug-18,1030.76
31-Aug-18,1028.31
3-Sep-18,1035.22
4-Sep-18,1023.62
5-Sep-18,1020.65
6-Sep-18,1023.82
7-Sep-18,1026.19
10-Sep-18,1018.31
11-Sep-18,997.98
12-Sep-18,1003.69
14-Sep-18,1012.55
17-Sep-18,993.89
18-Sep-18,992.39
19-Sep-18,978.5
21-Sep-18,982.94
24-Sep-18,960.71
25-Sep-18,974.03
26-Sep-18,981.91
27-Sep-18,985.88
28-Sep-18,1000.8
1-Oct-18,1015.46
3-Oct-18,1013.32
4-Oct-18,976.7
5-Oct-18,980.47
8-Oct-18,970.34
9-Oct-18,968.14
10-Oct-18,981.39
11-Oct-18,966.62
12-Oct-18,988.72
15-Oct-18,1001.8
16-Oct-18,994.16
17-Oct-18,985.11
19-Oct-18,981.69
22-Oct-18,997.23
23-Oct-18,990.22
24-Oct-18,993.91
25-Oct-18,982.21
26-Oct-18,978.42
29-Oct-18,961.01
30-Oct-18,954.25
31-Oct-18,953.75
1-Nov-18,953.98
2-Nov-18,972.56
5-Nov-18,975.83
6-Nov-18,971.11
7-Nov-18,976.8
9-Nov-18,970.54
12-Nov-18,958.39
13-Nov-18,961.73
14-Nov-18,976.7
15-Nov-18,985.38
16-Nov-18,999.92
19-Nov-18,1004.71
20-Nov-18,1003.99
21-Nov-18,1007.13
22-Nov-18,1000.52
26-Nov-18,1022.62
27-Nov-18,1029.71
28-Nov-18,1042.3
29-Nov-18,1063.16
30-Nov-18,1061.86
3-Dec-18,1054.3
4-Dec-18,1040.46
5-Dec-18,1047.27
6-Dec-18,1046.2
7-Dec-18,1051.46
10-Dec-18,1042.06
11-Dec-18,1027.49
12-Dec-18,1040.33
13-Dec-18,1048.32
14-Dec-18,1045.52
17-Dec-18,1062.73
18-Dec-18,1065.35
19-Dec-18,1059.37
20-Dec-18,1066.35
21-Dec-18,1053.23
24-Dec-18,1038.01
26-Dec-18,1058.82
27-Dec-18,1050.19
28-Dec-18,1059.09
31-Dec-18,1058.49
1-Jan-19,1071.66
2-Jan-19,1061.89
3-Jan-19,1053.55
4-Jan-19,1056.37
7-Jan-19,1057.97
8-Jan-19,1049.16
9-Jan-19,1056.05
10-Jan-19,1051.91
11-Jan-19,1053.6
14-Jan-19,1048.49
15-Jan-19,1058.59
16-Jan-19,1057.75
17-Jan-19,1063.78
18-Jan-19,1062.76
21-Jan-19,1071.69
22-Jan-19,1065.55
23-Jan-19,1050.36
24-Jan-19,1048.79
25-Jan-19,1045.67
28-Jan-19,1039.76
29-Jan-19,1026.52
30-Jan-19,1015.09
31-Jan-19,1037.67
1-Feb-19,1042.9
4-Feb-19,1050.11
5-Feb-19,1054.68
6-Feb-19,1058.97
7-Feb-19,1056.27
8-Feb-19,1058.97
11-Feb-19,1067.45
12-Feb-19,1062.48
13-Feb-19,1069.34
14-Feb-19,1052.76
15-Feb-19,1047.99
18-Feb-19,1042.63
19-Feb-19,1039.71
20-Feb-19,1051.83
21-Feb-19,1055.6
22-Feb-19,1043.4
25-Feb-19,1060.34
26-Feb-19,1052.98
27-Feb-19,1043.8
28-Feb-19,1036.47
1-Mar-19,1039.36
5-Mar-19,1051.21
6-Mar-19,1049.79
7-Mar-19,1060.89
8-Mar-19,1061.74
11-Mar-19,1061.86
12-Mar-19,1083.09
13-Mar-19,1110.8
14-Mar-19,1109.9
15-Mar-19,1124
18-Mar-19,1128.21
19-Mar-19,1131.36
20-Mar-19,1146.95
22-Mar-19,1135.55
25-Mar-19,1138.12
26-Mar-19,1153.11
27-Mar-19,1147.17
28-Mar-19,1148.84
29-Mar-19,1156.87
1-Apr-19,1153.33
2-Apr-19,1144.88
3-Apr-19,1143.83
4-Apr-19,1139.44
5-Apr-19,1150.24
8-Apr-19,1142.16
9-Apr-19,1141.09
10-Apr-19,1116.19
11-Apr-19,1126.24
12-Apr-19,1130.11
15-Apr-19,1141.86
16-Apr-19,1149.97
18-Apr-19,1144.28
22-Apr-19,1131.83
23-Apr-19,1120.16
24-Apr-19,1137.34
25-Apr-19,1129.21
26-Apr-19,1137.94
30-Apr-19,1156.15
2-May-19,1175.28
3-May-19,1181.35
6-May-19,1161.64
7-May-19,1158.6
8-May-19,1151.06
9-May-19,1142.91
10-May-19,1145.7
13-May-19,1141.06
14-May-19,1141.41
15-May-19,1140.81
16-May-19,1152.76
17-May-19,1178.43
20-May-19,1213.47
21-May-19,1199.18
22-May-19,1200.2
23-May-19,1163.46
24-May-19,1184.04
27-May-19,1201.5
28-May-19,1205.42
29-May-19,1205.77
30-May-19,1217.07
31-May-19,1209.98
3-Jun-19,1225.82
4-Jun-19,1223.43
6-Jun-19,1208.98
7-Jun-19,1221.11
10-Jun-19,1217.39
11-Jun-19,1221.48
12-Jun-19,1210.83
13-Jun-19,1219.64
14-Jun-19,1214.85
17-Jun-19,1208.31
18-Jun-19,1205.94
19-Jun-19,1211.48
20-Jun-19,1210.48
21-Jun-19,1204.42
24-Jun-19,1206.29
25-Jun-19,1211.65
26-Jun-19,1231.21
27-Jun-19,1228.42
28-Jun-19,1219.16
1-Jul-19,1240.01
2-Jul-19,1244.73
3-Jul-19,1242.06
4-Jul-19,1239.14
5-Jul-19,1233.45
8-Jul-19,1202.12
9-Jul-19,1186.93
10-Jul-19,1191.72
11-Jul-19,1200.9
12-Jul-19,1194.29
15-Jul-19,1194.72
16-Jul-19,1192.94
17-Jul-19,1196.06
18-Jul-19,1203.27
19-Jul-19,1185.19
22-Jul-19,1146.07
23-Jul-19,1129.24
24-Jul-19,1137.92
25-Jul-19,1140.49
26-Jul-19,1136.12
29-Jul-19,1119.66
30-Jul-19,1123.62
31-Jul-19,1123.32
1-Aug-19,1110.9
2-Aug-19,1107.17
5-Aug-19,1089.62
6-Aug-19,1094.55
7-Aug-19,1092
8-Aug-19,1116.58
9-Aug-19,1141
13-Aug-19,1110.17
14-Aug-19,1114.72
16-Aug-19,1113.85
19-Aug-19,1103.42
20-Aug-19,1110.3
21-Aug-19,1112.92
22-Aug-19,1087.05
23-Aug-19,1081.35
26-Aug-19,1128.08
27-Aug-19,1129.97
28-Aug-19,1123.75
29-Aug-19,1113.47
30-Aug-19,1113.97
3-Sep-19,1105.47
4-Sep-19,1123.88
5-Sep-19,1117.58
6-Sep-19,1122.95
9-Sep-19,1124.8
11-Sep-19,1125.65
12-Sep-19,1135.42
13-Sep-19,1128.72
16-Sep-19,1122.08
17-Sep-19,1105.67
18-Sep-19,1093.88
19-Sep-19,1101.05
20-Sep-19,1199.6
23-Sep-19,1257.25
24-Sep-19,1253.8
25-Sep-19,1239.7
26-Sep-19,1242.5
27-Sep-19,1244.2
30-Sep-19,1227.45
1-Oct-19,1248.8
3-Oct-19,1223.55
4-Oct-19,1189.7
7-Oct-19,1186.9
9-Oct-19,1228.15
10-Oct-19,1200.55
11-Oct-19,1198.8
14-Oct-19,1204.4
15-Oct-19,1223.05
16-Oct-19,1221.1
17-Oct-19,1220
18-Oct-19,1229
22-Oct-19,1239.3
23-Oct-19,1241.6
24-Oct-19,1236.1
25-Oct-19,1229
27-Oct-19,1237.7
29-Oct-19,1242.5
30-Oct-19,1248.35
31-Oct-19,1230.35
1-Nov-19,1240.05
4-Nov-19,1236.85
5-Nov-19,1239.5
6-Nov-19,1256.65
7-Nov-19,1263.7
8-Nov-19,1255.6
11-Nov-19,1264.75
13-Nov-19,1257.55
14-Nov-19,1274.85
