14-Oct-04,130.91
15-Oct-04,125.94
18-Oct-04,129.68
19-Oct-04,131.74
20-Oct-04,130.77
21-Oct-04,132.37
25-Oct-04,131.08
26-Oct-04,128.27
27-Oct-04,131.97
28-Oct-04,127.95
29-Oct-04,128.08
1-Nov-04,125.97
2-Nov-04,129.93
3-Nov-04,133.79
4-Nov-04,134.05
5-Nov-04,133.54
8-Nov-04,135.94
9-Nov-04,140.98
10-Nov-04,139.13
11-Nov-04,138
12-Nov-04,138.71
16-Nov-04,137.98
17-Nov-04,137.42
18-Nov-04,141.5
19-Nov-04,143.12
22-Nov-04,145.29
23-Nov-04,146.16
24-Nov-04,150.23
25-Nov-04,153.55
29-Nov-04,153.92
30-Nov-04,160.15
1-Dec-04,153.86
2-Dec-04,160.74
3-Dec-04,153.85
6-Dec-04,155.25
7-Dec-04,153.97
8-Dec-04,150.95
9-Dec-04,155.43
10-Dec-04,152.82
13-Dec-04,155.95
14-Dec-04,157.45
15-Dec-04,159.05
16-Dec-04,158.96
17-Dec-04,155.44
20-Dec-04,156.53
21-Dec-04,155.93
22-Dec-04,153.83
23-Dec-04,151.61
24-Dec-04,152.2
27-Dec-04,152.24
28-Dec-04,151.61
29-Dec-04,152.24
30-Dec-04,151.31
31-Dec-04,153.81
3-Jan-05,153.32
4-Jan-05,152.97
5-Jan-05,149.4
6-Jan-05,147.47
7-Jan-05,145.27
10-Jan-05,146.09
11-Jan-05,144.3
12-Jan-05,144.42
13-Jan-05,143.94
14-Jan-05,146.71
17-Jan-05,150.33
18-Jan-05,155.73
19-Jan-05,155.31
20-Jan-05,152.58
24-Jan-05,149.05
25-Jan-05,149.91
27-Jan-05,150.94
28-Jan-05,150.81
31-Jan-05,155.62
1-Feb-05,155.1
2-Feb-05,154.67
3-Feb-05,157.43
4-Feb-05,163.4
7-Feb-05,158.99
8-Feb-05,163.27
9-Feb-05,162.66
10-Feb-05,158.24
11-Feb-05,156.96
14-Feb-05,156.54
15-Feb-05,155.94
16-Feb-05,154.49
17-Feb-05,155.16
18-Feb-05,156.34
21-Feb-05,155.24
22-Feb-05,155.7
23-Feb-05,155.33
24-Feb-05,154.17
25-Feb-05,151.51
28-Feb-05,155.75
1-Mar-05,156.43
2-Mar-05,154.05
3-Mar-05,154.71
4-Mar-05,157.38
7-Mar-05,160.49
8-Mar-05,158.89
9-Mar-05,160.25
10-Mar-05,164.01
11-Mar-05,160.4
14-Mar-05,160.16
15-Mar-05,157.65
16-Mar-05,156.64
17-Mar-05,156.03
18-Mar-05,152.22
21-Mar-05,150.52
22-Mar-05,147.73
23-Mar-05,141.62
24-Mar-05,138.21
28-Mar-05,141.77
29-Mar-05,137.88
30-Mar-05,146.96
31-Mar-05,145.8
1-Apr-05,143.33
4-Apr-05,145.08
5-Apr-05,145.13
6-Apr-05,142.99
7-Apr-05,143.52
8-Apr-05,142.5
11-Apr-05,140.26
12-Apr-05,141.68
13-Apr-05,144.56
15-Apr-05,140.53
18-Apr-05,138.3
19-Apr-05,141.07
20-Apr-05,143.57
21-Apr-05,145.3
22-Apr-05,145.34
25-Apr-05,146.07
26-Apr-05,144.05
27-Apr-05,145.22
28-Apr-05,150.49
29-Apr-05,146.24
2-May-05,147.31
3-May-05,149.56
4-May-05,150.75
5-May-05,148.77
6-May-05,148.6
9-May-05,148.42
10-May-05,147.18
11-May-05,147.02
12-May-05,150.66
13-May-05,153.3
16-May-05,152.96
17-May-05,153.27
18-May-05,152.37
19-May-05,152.43
20-May-05,152.29
23-May-05,151.51
24-May-05,150.96
25-May-05,151.43
26-May-05,154.21
27-May-05,153
30-May-05,152
31-May-05,152.72
1-Jun-05,153.82
2-Jun-05,152.94
3-Jun-05,152.78
4-Jun-05,153.94
6-Jun-05,156.34
7-Jun-05,161.49
8-Jun-05,165.32
9-Jun-05,167.78
10-Jun-05,168.45
13-Jun-05,166.3
14-Jun-05,164.4
15-Jun-05,163.54
16-Jun-05,168.84
17-Jun-05,171.97
20-Jun-05,170.02
21-Jun-05,169.12
22-Jun-05,174.52
23-Jun-05,172.02
24-Jun-05,169.97
27-Jun-05,170.4
28-Jun-05,172.88
29-Jun-05,170.38
30-Jun-05,178.17
1-Jul-05,174.05
4-Jul-05,176.12
5-Jul-05,180.36
6-Jul-05,186.13
7-Jul-05,180.36
8-Jul-05,182.07
11-Jul-05,185.46
12-Jul-05,179.88
13-Jul-05,177.58
14-Jul-05,175.64
15-Jul-05,178.18
18-Jul-05,178.2
19-Jul-05,180.09
20-Jul-05,176.01
21-Jul-05,178.52
22-Jul-05,178.97
25-Jul-05,181.01
26-Jul-05,181.48
27-Jul-05,181.52
29-Jul-05,185.16
1-Aug-05,185.05
2-Aug-05,185.95
3-Aug-05,185.49
4-Aug-05,183.64
5-Aug-05,181.2
8-Aug-05,178.67
9-Aug-05,179.58
10-Aug-05,181.83
11-Aug-05,190.19
12-Aug-05,187.49
16-Aug-05,187.86
17-Aug-05,187.95
18-Aug-05,185.52
19-Aug-05,185.52
22-Aug-05,182.7
23-Aug-05,181.85
24-Aug-05,179.95
25-Aug-05,177.08
26-Aug-05,178.61
29-Aug-05,174.34
30-Aug-05,179.65
31-Aug-05,180.76
1-Sep-05,183.7
2-Sep-05,180.7
5-Sep-05,180.73
6-Sep-05,180.36
8-Sep-05,187.46
9-Sep-05,183.54
12-Sep-05,186.52
13-Sep-05,192.29
14-Sep-05,197.43
15-Sep-05,200.22
16-Sep-05,212.96
19-Sep-05,210.46
20-Sep-05,205.97
21-Sep-05,198.07
22-Sep-05,193.35
23-Sep-05,191.17
26-Sep-05,197.79
27-Sep-05,200.35
28-Sep-05,207.57
29-Sep-05,203.95
30-Sep-05,207.88
3-Oct-05,203.69
4-Oct-05,204.71
5-Oct-05,206.08
6-Oct-05,200.18
7-Oct-05,198.91
10-Oct-05,196.76
11-Oct-05,198.38
13-Oct-05,196.32
14-Oct-05,197.17
17-Oct-05,195.88
18-Oct-05,196.65
19-Oct-05,194.78
20-Oct-05,190.17
21-Oct-05,184.74
24-Oct-05,182.58
25-Oct-05,182.12
26-Oct-05,185.36
27-Oct-05,188.87
28-Oct-05,187.79
31-Oct-05,193.58
1-Nov-05,193.93
2-Nov-05,200.06
7-Nov-05,200.89
8-Nov-05,208.15
9-Nov-05,209.78
10-Nov-05,205.41
11-Nov-05,209.97
14-Nov-05,215.5
16-Nov-05,213.58
17-Nov-05,209.22
18-Nov-05,208.59
21-Nov-05,213.97
22-Nov-05,209.63
23-Nov-05,210.58
24-Nov-05,217.17
25-Nov-05,223.25
26-Nov-05,223.72
28-Nov-05,227.78
29-Nov-05,227.62
30-Nov-05,225.59
1-Dec-05,228.73
2-Dec-05,229.04
5-Dec-05,222.57
6-Dec-05,225.23
7-Dec-05,224.16
8-Dec-05,220.56
9-Dec-05,222.2
12-Dec-05,225.58
13-Dec-05,234.27
14-Dec-05,238.32
15-Dec-05,239.08
16-Dec-05,246.43
19-Dec-05,248.26
20-Dec-05,248.3
21-Dec-05,253.7
22-Dec-05,258.07
23-Dec-05,240.66
26-Dec-05,234.9
27-Dec-05,233.81
28-Dec-05,237.78
29-Dec-05,243.7
30-Dec-05,241.4
2-Jan-06,238.26
3-Jan-06,246
4-Jan-06,248.26
5-Jan-06,248.15
6-Jan-06,253.5
9-Jan-06,254.91
10-Jan-06,244.99
12-Jan-06,239.99
13-Jan-06,236.15
16-Jan-06,234.37
17-Jan-06,231.56
18-Jan-06,229.61
19-Jan-06,236.31
20-Jan-06,250.1
23-Jan-06,242.3
24-Jan-06,247.48
25-Jan-06,256.15
27-Jan-06,260.49
30-Jan-06,263.63
31-Jan-06,267.94
1-Feb-06,277.56
2-Feb-06,271.74
3-Feb-06,260.78
6-Feb-06,267.52
7-Feb-06,268.75
8-Feb-06,268.31
10-Feb-06,272.71
13-Feb-06,272.6
14-Feb-06,274.12
15-Feb-06,267.6
16-Feb-06,268.07
17-Feb-06,260.03
20-Feb-06,263.65
21-Feb-06,266.43
22-Feb-06,275.42
23-Feb-06,275.58
24-Feb-06,272.98
27-Feb-06,276.99
28-Feb-06,273.13
1-Mar-06,270.96
2-Mar-06,271.05
3-Mar-06,263.39
6-Mar-06,267.1
7-Mar-06,268.42
8-Mar-06,259.3
9-Mar-06,255.76
10-Mar-06,265.39
13-Mar-06,261.02
14-Mar-06,264.13
16-Mar-06,269.89
17-Mar-06,267.61
20-Mar-06,267.74
21-Mar-06,262.03
22-Mar-06,263.73
23-Mar-06,263.77
24-Mar-06,262.85
27-Mar-06,263.07
28-Mar-06,267.8
29-Mar-06,267.49
30-Mar-06,271.68
31-Mar-06,267.36
3-Apr-06,268
4-Apr-06,269.62
5-Apr-06,270.34
7-Apr-06,267.16
10-Apr-06,265.91
12-Apr-06,257.27
13-Apr-06,251.6
17-Apr-06,254.72
18-Apr-06,256.43
19-Apr-06,259.81
20-Apr-06,255.09
21-Apr-06,254.53
24-Apr-06,252.31
25-Apr-06,250.91
26-Apr-06,259.29
27-Apr-06,259.29
28-Apr-06,259.93
29-Apr-06,262.35
2-May-06,261.6
3-May-06,259.65
4-May-06,258.66
5-May-06,257.43
8-May-06,268.19
9-May-06,271
10-May-06,272.56
11-May-06,278.14
12-May-06,276.15
15-May-06,270.71
16-May-06,268.67
17-May-06,270.87
18-May-06,258.46
19-May-06,251.06
22-May-06,242.07
23-May-06,249.31
24-May-06,234.93
25-May-06,230.66
26-May-06,235.2
29-May-06,240.68
30-May-06,235.82
31-May-06,224.71
1-Jun-06,221.03
2-Jun-06,235.7
5-Jun-06,239.8
6-Jun-06,232.69
7-Jun-06,232.17
8-Jun-06,221.93
9-Jun-06,241.55
12-Jun-06,223.46
13-Jun-06,203.34
14-Jun-06,199.61
15-Jun-06,211.95
16-Jun-06,208.89
19-Jun-06,210.63
20-Jun-06,202.79
21-Jun-06,204.06
22-Jun-06,224.74
23-Jun-06,221.09
25-Jun-06,220.6
26-Jun-06,208.64
27-Jun-06,217.81
28-Jun-06,210.37
29-Jun-06,217.49
30-Jun-06,227.96
3-Jul-06,226.31
4-Jul-06,232.11
5-Jul-06,242.99
6-Jul-06,244.22
7-Jul-06,233.3
10-Jul-06,239.77
11-Jul-06,239.92
12-Jul-06,240.83
13-Jul-06,232.97
14-Jul-06,228.64
17-Jul-06,216.26
18-Jul-06,212.83
19-Jul-06,212.65
20-Jul-06,216.05
21-Jul-06,214.27
24-Jul-06,215.48
25-Jul-06,219.43
26-Jul-06,227.03
27-Jul-06,238.26
28-Jul-06,237.05
31-Jul-06,235.48
1-Aug-06,238.83
2-Aug-06,238.32
3-Aug-06,245.07
4-Aug-06,248.42
7-Aug-06,247.06
8-Aug-06,249.21
9-Aug-06,248.03
10-Aug-06,254.81
11-Aug-06,253.49
14-Aug-06,260.33
16-Aug-06,257.14
17-Aug-06,258.9
18-Aug-06,261.21
21-Aug-06,258.26
22-Aug-06,264.87
23-Aug-06,255.68
24-Aug-06,255.52
25-Aug-06,255.63
28-Aug-06,252.5
29-Aug-06,258.14
30-Aug-06,260.14
31-Aug-06,262.03
1-Sep-06,264
4-Sep-06,263.93
5-Sep-06,264.91
6-Sep-06,263.28
7-Sep-06,271.04
8-Sep-06,267.8
11-Sep-06,267.14
12-Sep-06,265.96
13-Sep-06,270.6
14-Sep-06,267.06
15-Sep-06,266.61
18-Sep-06,275.38
19-Sep-06,269.62
20-Sep-06,274.78
21-Sep-06,281.17
22-Sep-06,281.76
25-Sep-06,279.42
26-Sep-06,283.7
27-Sep-06,289.53
28-Sep-06,299.68
29-Sep-06,306.63
3-Oct-06,296.06
4-Oct-06,286.98
5-Oct-06,289.62
6-Oct-06,286.46
9-Oct-06,278.64
10-Oct-06,283.96
11-Oct-06,287.96
12-Oct-06,300.23
13-Oct-06,305.4
16-Oct-06,309.43
17-Oct-06,302.38
18-Oct-06,295.98
19-Oct-06,291.27
20-Oct-06,290.15
21-Oct-06,289.37
23-Oct-06,286.14
26-Oct-06,289.81
27-Oct-06,295.73
30-Oct-06,290.63
31-Oct-06,292.78
1-Nov-06,285.15
2-Nov-06,288.9
3-Nov-06,295.8
6-Nov-06,305.23
7-Nov-06,312.26
8-Nov-06,304.31
9-Nov-06,301.29
10-Nov-06,299.65
13-Nov-06,310.22
14-Nov-06,309.14
15-Nov-06,305.16
16-Nov-06,311.18
17-Nov-06,321.05
20-Nov-06,331.92
21-Nov-06,328.9
22-Nov-06,327.69
23-Nov-06,330.59
24-Nov-06,329.88
27-Nov-06,329.93
28-Nov-06,325.35
29-Nov-06,326.25
30-Nov-06,329.39
1-Dec-06,328.19
4-Dec-06,324.36
5-Dec-06,321.2
6-Dec-06,317.88
7-Dec-06,313.19
8-Dec-06,310.28
11-Dec-06,309.03
12-Dec-06,299.66
13-Dec-06,300
14-Dec-06,306.02
15-Dec-06,310.73
18-Dec-06,311.26
19-Dec-06,310.63
20-Dec-06,314.31
21-Dec-06,316.39
22-Dec-06,315.81
26-Dec-06,320.07
27-Dec-06,325.23
28-Dec-06,326.29
29-Dec-06,325.38
2-Jan-07,323.91
3-Jan-07,321.6
4-Jan-07,315.74
5-Jan-07,323.63
8-Jan-07,319.01
9-Jan-07,312.48
10-Jan-07,305.65
11-Jan-07,304.51
12-Jan-07,315.74
15-Jan-07,319.3
16-Jan-07,311.92
17-Jan-07,309.3
18-Jan-07,319.9
19-Jan-07,320.03
22-Jan-07,322.37
23-Jan-07,320.51
24-Jan-07,328.22
25-Jan-07,337.35
29-Jan-07,333.91
31-Jan-07,334.77
1-Feb-07,334.99
2-Feb-07,348.73
5-Feb-07,364.07
6-Feb-07,359.42
7-Feb-07,360.61
8-Feb-07,361.39
9-Feb-07,363.35
12-Feb-07,351.79
13-Feb-07,344.71
14-Feb-07,336.61
15-Feb-07,338.5
19-Feb-07,339.17
20-Feb-07,330.6
21-Feb-07,334.56
22-Feb-07,332.41
23-Feb-07,320.78
26-Feb-07,321.27
27-Feb-07,321.19
28-Feb-07,301.45
1-Mar-07,302.27
2-Mar-07,306.77
5-Mar-07,299.44
6-Mar-07,298.4
7-Mar-07,306.51
8-Mar-07,309.36
9-Mar-07,312.73
12-Mar-07,316.5
13-Mar-07,321.06
14-Mar-07,311.2
15-Mar-07,302.57
16-Mar-07,300.83
19-Mar-07,306.82
20-Mar-07,313.45
21-Mar-07,309.1
22-Mar-07,314.8
23-Mar-07,318.78
26-Mar-07,314.81
28-Mar-07,303.68
29-Mar-07,307.57
30-Mar-07,303.96
2-Apr-07,286.95
3-Apr-07,285.33
4-Apr-07,299.38
5-Apr-07,305.42
9-Apr-07,311.44
10-Apr-07,321.39
11-Apr-07,316.37
12-Apr-07,307.85
13-Apr-07,312.61
16-Apr-07,315.19
17-Apr-07,316.33
18-Apr-07,318.61
19-Apr-07,312.38
20-Apr-07,330.11
23-Apr-07,333.51
24-Apr-07,342.24
25-Apr-07,351.12
26-Apr-07,347.54
27-Apr-07,337.3
30-Apr-07,333.27
3-May-07,335.89
4-May-07,326.68
7-May-07,325.79
8-May-07,320.82
9-May-07,318.35
10-May-07,336.69
11-May-07,330.93
14-May-07,335.18
15-May-07,334.34
16-May-07,339.62
17-May-07,342.19
18-May-07,340.48
21-May-07,343.63
22-May-07,358.56
23-May-07,360.89
24-May-07,351.47
25-May-07,363.33
28-May-07,369.17
29-May-07,362.56
30-May-07,365.46
31-May-07,376.52
1-Jun-07,372.68
4-Jun-07,378.91
5-Jun-07,379.53
6-Jun-07,366.62
7-Jun-07,363.94
8-Jun-07,349.92
11-Jun-07,351.69
12-Jun-07,355.89
13-Jun-07,350.25
14-Jun-07,364.91
15-Jun-07,357.14
18-Jun-07,353.24
19-Jun-07,354.23
20-Jun-07,362.91
21-Jun-07,370.39
22-Jun-07,376.18
25-Jun-07,380.06
26-Jun-07,377.49
27-Jun-07,373
28-Jun-07,391.99
29-Jun-07,406.74
2-Jul-07,406.4
3-Jul-07,400.11
4-Jul-07,396.47
5-Jul-07,390.05
6-Jul-07,383.31
9-Jul-07,384.47
10-Jul-07,383.08
11-Jul-07,380.87
12-Jul-07,390.82
13-Jul-07,397.51
16-Jul-07,399.05
17-Jul-07,392.54
18-Jul-07,390.02
19-Jul-07,391.56
20-Jul-07,393.26
23-Jul-07,398.37
24-Jul-07,394.6
25-Jul-07,393.28
26-Jul-07,405.77
27-Jul-07,381.52
30-Jul-07,381.49
31-Jul-07,403.42
1-Aug-07,388.51
2-Aug-07,389.09
3-Aug-07,397.91
6-Aug-07,388.19
7-Aug-07,394.64
8-Aug-07,414.46
9-Aug-07,403.95
10-Aug-07,389.75
13-Aug-07,396.66
14-Aug-07,388.22
16-Aug-07,376.65
17-Aug-07,379.92
20-Aug-07,383.14
21-Aug-07,380.64
22-Aug-07,380.35
23-Aug-07,381.55
24-Aug-07,381.72
27-Aug-07,394.41
28-Aug-07,395.57
29-Aug-07,391.1
30-Aug-07,398.11
31-Aug-07,395.5
3-Sep-07,399.66
4-Sep-07,412.11
5-Sep-07,410.33
6-Sep-07,422.53
7-Sep-07,425.39
10-Sep-07,421.54
11-Sep-07,429.65
12-Sep-07,434.19
13-Sep-07,441.41
14-Sep-07,444.33
17-Sep-07,436.06
18-Sep-07,436.12
19-Sep-07,470.36
20-Sep-07,467.83
21-Sep-07,473.77
24-Sep-07,476.11
25-Sep-07,478.48
26-Sep-07,495.32
27-Sep-07,500.64
28-Sep-07,505.58
1-Oct-07,505.31
3-Oct-07,518.3
4-Oct-07,498.75
5-Oct-07,490.13
8-Oct-07,493.9
9-Oct-07,501.89
10-Oct-07,501.79
11-Oct-07,504.92
12-Oct-07,495.55
15-Oct-07,512.33
16-Oct-07,514.9
17-Oct-07,497.28
18-Oct-07,490.02
19-Oct-07,482.56
22-Oct-07,511.79
23-Oct-07,513.73
24-Oct-07,508.55
25-Oct-07,505.66
26-Oct-07,514.35
29-Oct-07,562.6
30-Oct-07,552.21
31-Oct-07,554.31
1-Nov-07,539.45
2-Nov-07,530.1
5-Nov-07,522.02
6-Nov-07,517.46
7-Nov-07,514.24
8-Nov-07,513.1
9-Nov-07,504.78
12-Nov-07,503.41
13-Nov-07,516.32
14-Nov-07,552.19
15-Nov-07,540.2
16-Nov-07,540.25
19-Nov-07,538.79
20-Nov-07,528.08
21-Nov-07,521.88
22-Nov-07,513.03
23-Nov-07,533.89
26-Nov-07,542.48
27-Nov-07,540.02
28-Nov-07,541.03
29-Nov-07,541.51
30-Nov-07,556.28
3-Dec-07,547.67
4-Dec-07,547.44
5-Dec-07,547.99
6-Dec-07,562.86
7-Dec-07,584.48
10-Dec-07,575.34
11-Dec-07,588.99
12-Dec-07,622.42
13-Dec-07,633.88
14-Dec-07,612.15
17-Dec-07,573.91
18-Dec-07,562.35
19-Dec-07,549.78
20-Dec-07,544.59
24-Dec-07,579.71
26-Dec-07,578.36
27-Dec-07,582.04
28-Dec-07,585.27
31-Dec-07,575.55
1-Jan-08,584.52
2-Jan-08,611.76
3-Jan-08,609
4-Jan-08,625.3
7-Jan-08,623.26
8-Jan-08,616.1
9-Jan-08,636.03
10-Jan-08,626.33
11-Jan-08,611.74
14-Jan-08,595.78
15-Jan-08,583.71
16-Jan-08,569
17-Jan-08,570.37
18-Jan-08,562
21-Jan-08,537.02
22-Jan-08,502.05
23-Jan-08,506.68
24-Jan-08,521.84
25-Jan-08,542.85
28-Jan-08,557.01
29-Jan-08,572.8
30-Jan-08,576.83
31-Jan-08,567.82
1-Feb-08,599.98
4-Feb-08,603.78
5-Feb-08,614.01
6-Feb-08,595.64
7-Feb-08,589.69
8-Feb-08,558.57
11-Feb-08,525.52
12-Feb-08,523.5
13-Feb-08,543.7
14-Feb-08,573.02
15-Feb-08,585.09
18-Feb-08,580.48
19-Feb-08,570.68
20-Feb-08,550.13
21-Feb-08,529.97
22-Feb-08,514.9
25-Feb-08,517.64
26-Feb-08,516.11
27-Feb-08,538.1
28-Feb-08,549.63
29-Feb-08,559.27
3-Mar-08,514.28
4-Mar-08,526.19
5-Mar-08,553.33
7-Mar-08,525.04
10-Mar-08,510.77
11-Mar-08,500.46
12-Mar-08,506.7
13-Mar-08,500.03
14-Mar-08,500.46
17-Mar-08,445.31
18-Mar-08,442.18
19-Mar-08,442.8
24-Mar-08,475.94
25-Mar-08,519.08
26-Mar-08,534.03
27-Mar-08,533.14
28-Mar-08,522.79
31-Mar-08,475.95
1-Apr-08,472.39
2-Apr-08,494.58
3-Apr-08,488.99
4-Apr-08,454.94
7-Apr-08,460.27
8-Apr-08,462.04
9-Apr-08,480.73
10-Apr-08,477.74
11-Apr-08,476.02
15-Apr-08,475.29
16-Apr-08,477.46
17-Apr-08,496.75
21-Apr-08,497.91
22-Apr-08,517.07
23-Apr-08,512.68
24-Apr-08,518.9
25-Apr-08,538.95
28-Apr-08,544.05
29-Apr-08,577.76
30-Apr-08,560
2-May-08,554.96
5-May-08,542.26
6-May-08,544.58
7-May-08,546.48
8-May-08,544.51
9-May-08,528.9
12-May-08,540.05
13-May-08,530.27
14-May-08,547.74
15-May-08,560.36
16-May-08,552.4
20-May-08,556.27
21-May-08,538
22-May-08,525.53
23-May-08,534.98
26-May-08,513.4
27-May-08,503.97
28-May-08,502.9
29-May-08,486.6
30-May-08,514.57
2-Jun-08,504.28
3-Jun-08,491.4
4-Jun-08,480.54
5-Jun-08,478.56
6-Jun-08,469.89
9-Jun-08,441.43
10-Jun-08,420.78
11-Jun-08,437.12
12-Jun-08,434.85
13-Jun-08,425.84
16-Jun-08,432.12
17-Jun-08,459.44
18-Jun-08,462.94
19-Jun-08,446.56
20-Jun-08,434.52
23-Jun-08,442.77
24-Jun-08,452.85
25-Jun-08,433.74
26-Jun-08,447.25
27-Jun-08,410.48
30-Jun-08,392.97
1-Jul-08,367.75
2-Jul-08,407.37
3-Jul-08,388.16
4-Jul-08,411.48
7-Jul-08,411.91
8-Jul-08,402.19
9-Jul-08,419.31
10-Jul-08,423.27
11-Jul-08,399.64
14-Jul-08,386.71
15-Jul-08,359.91
16-Jul-08,343.66
17-Jul-08,377.72
18-Jul-08,413.31
21-Jul-08,417.1
22-Jul-08,428.16
23-Jul-08,475.28
24-Jul-08,470.53
25-Jul-08,442.96
28-Jul-08,444.7
29-Jul-08,421.6
30-Jul-08,454.62
31-Jul-08,455.47
1-Aug-08,480.35
4-Aug-08,474.6
5-Aug-08,493
6-Aug-08,478.27
7-Aug-08,495.52
8-Aug-08,503.22
11-Aug-08,515.35
12-Aug-08,493.35
13-Aug-08,481.37
14-Aug-08,457.67
18-Aug-08,472.74
19-Aug-08,456.93
20-Aug-08,463.18
21-Aug-08,441.57
22-Aug-08,456.02
25-Aug-08,472.95
26-Aug-08,468.4
27-Aug-08,459.28
28-Aug-08,449.26
29-Aug-08,468.7
1-Sep-08,467.88
2-Sep-08,489.52
4-Sep-08,483.82
5-Sep-08,456.37
8-Sep-08,475.98
9-Sep-08,475.96
10-Sep-08,463.97
11-Sep-08,452.2
12-Sep-08,436.4
15-Sep-08,440.7
16-Sep-08,435.11
17-Sep-08,433.63
18-Sep-08,426.1
19-Sep-08,463.47
22-Sep-08,466.46
23-Sep-08,439.45
24-Sep-08,435.74
25-Sep-08,433.08
26-Sep-08,418.23
29-Sep-08,406.36
30-Sep-08,428.79
1-Oct-08,441.41
3-Oct-08,415.91
6-Oct-08,392.21
7-Oct-08,390.43
8-Oct-08,377.64
10-Oct-08,344.36
13-Oct-08,362.37
14-Oct-08,366.68
15-Oct-08,342.01
16-Oct-08,360.95
17-Oct-08,356.41
20-Oct-08,376.6
21-Oct-08,395.03
22-Oct-08,380.99
23-Oct-08,352.76
24-Oct-08,315.01
27-Oct-08,293.48
28-Oct-08,308.33
29-Oct-08,300.9
31-Oct-08,352.94
3-Nov-08,378.87
4-Nov-08,383.79
5-Nov-08,349.96
6-Nov-08,331.46
7-Nov-08,340.31
10-Nov-08,355.3
11-Nov-08,331.86
12-Nov-08,327.23
14-Nov-08,311.73
17-Nov-08,299.46
18-Nov-08,283.97
19-Nov-08,273.23
20-Nov-08,257.42
21-Nov-08,279.21
24-Nov-08,274.39
25-Nov-08,270.12
26-Nov-08,283.04
28-Nov-08,293.89
1-Dec-08,288.75
2-Dec-08,277.48
3-Dec-08,282.1
4-Dec-08,302.35
5-Dec-08,286.06
8-Dec-08,302.39
10-Dec-08,323.71
11-Dec-08,321.2
12-Dec-08,326.86
15-Dec-08,322.55
16-Dec-08,309.24
17-Dec-08,307.66
18-Dec-08,306.91
19-Dec-08,304.76
22-Dec-08,299.25
23-Dec-08,296.01
24-Dec-08,292.71
26-Dec-08,289.81
29-Dec-08,299.61
30-Dec-08,306.53
31-Dec-08,297.28
1-Jan-09,301.07
2-Jan-09,309.03
5-Jan-09,326.03
6-Jan-09,336.09
7-Jan-09,325.85
9-Jan-09,328.74
12-Jan-09,323.36
13-Jan-09,310.64
14-Jan-09,317.27
15-Jan-09,306.97
16-Jan-09,313.1
19-Jan-09,309.22
20-Jan-09,297.16
21-Jan-09,274.71
22-Jan-09,280.65
23-Jan-09,277.82
27-Jan-09,289.12
28-Jan-09,300.91
29-Jan-09,306.04
30-Jan-09,306.32
2-Feb-09,284.3
3-Feb-09,286.26
4-Feb-09,287.71
5-Feb-09,277.58
6-Feb-09,282.4
9-Feb-09,298.41
10-Feb-09,302.04
11-Feb-09,306.39
12-Feb-09,305.01
13-Feb-09,308.08
16-Feb-09,299.71
17-Feb-09,286.72
18-Feb-09,272.47
19-Feb-09,278.56
20-Feb-09,270.48
24-Feb-09,258.34
25-Feb-09,250.95
26-Feb-09,242.41
27-Feb-09,254.9
2-Mar-09,248.09
3-Mar-09,240.26
4-Mar-09,232.18
5-Mar-09,230.25
6-Mar-09,244.05
9-Mar-09,251.16
12-Mar-09,258.04
13-Mar-09,275.5
16-Mar-09,278.57
17-Mar-09,272.92
18-Mar-09,270.8
19-Mar-09,277.59
20-Mar-09,282.16
23-Mar-09,305.58
24-Mar-09,312.97
25-Mar-09,318.8
26-Mar-09,331.29
27-Mar-09,317.08
30-Mar-09,289.36
31-Mar-09,282.44
1-Apr-09,301.16
2-Apr-09,315.38
6-Apr-09,339.67
8-Apr-09,341.7
9-Apr-09,341.02
13-Apr-09,337.73
15-Apr-09,354.16
16-Apr-09,350.86
17-Apr-09,359.91
20-Apr-09,350.34
21-Apr-09,350.14
22-Apr-09,348.43
23-Apr-09,351.6
24-Apr-09,361.08
27-Apr-09,361.59
28-Apr-09,333.01
29-Apr-09,345.39
4-May-09,393.01
5-May-09,370.17
6-May-09,348.14
7-May-09,363.49
8-May-09,347.28
11-May-09,342.23
12-May-09,368.94
13-May-09,381.14
14-May-09,372.18
15-May-09,387.71
18-May-09,474.84
19-May-09,474.06
20-May-09,440.11
21-May-09,418.73
22-May-09,423.4
25-May-09,417.23
26-May-09,416.66
27-May-09,434.17
28-May-09,436.65
29-May-09,435.92
1-Jun-09,460.55
2-Jun-09,480.56
3-Jun-09,475.95
4-Jun-09,486.5
5-Jun-09,485.14
8-Jun-09,465.95
9-Jun-09,471.82
10-Jun-09,469.93
11-Jun-09,469.3
12-Jun-09,456.43
15-Jun-09,456.69
16-Jun-09,461.87
17-Jun-09,456.18
18-Jun-09,455.14
19-Jun-09,458.21
22-Jun-09,461.26
23-Jun-09,473.07
24-Jun-09,462.09
25-Jun-09,475.45
26-Jun-09,487.03
29-Jun-09,474.64
30-Jun-09,468.95
1-Jul-09,469.11
2-Jul-09,480.94
3-Jul-09,517.26
6-Jul-09,471.18
7-Jul-09,472.29
8-Jul-09,465.21
9-Jul-09,461.37
10-Jul-09,439.7
13-Jul-09,442.29
14-Jul-09,474.33
15-Jul-09,485.24
16-Jul-09,475.61
17-Jul-09,504.56
20-Jul-09,501.37
21-Jul-09,505.02
22-Jul-09,480.4
23-Jul-09,490.23
24-Jul-09,482.7
27-Jul-09,471.34
28-Jul-09,475.48
29-Jul-09,473.5
30-Jul-09,494.69
31-Jul-09,507.21
3-Aug-09,506.76
4-Aug-09,500.94
5-Aug-09,493.85
6-Aug-09,482.16
7-Aug-09,476.38
10-Aug-09,467.16
11-Aug-09,461.58
12-Aug-09,457.76
13-Aug-09,472.63
14-Aug-09,463.2
17-Aug-09,449.97
18-Aug-09,464.63
19-Aug-09,471.02
20-Aug-09,478.53
21-Aug-09,488.14
24-Aug-09,505.1
25-Aug-09,501.72
26-Aug-09,502.94
27-Aug-09,500.25
28-Aug-09,502.23
31-Aug-09,494.87
1-Sep-09,482.78
2-Sep-09,478.88
3-Sep-09,476.42
4-Sep-09,492.53
7-Sep-09,504.16
8-Sep-09,500.17
9-Sep-09,507.04
10-Sep-09,498.21
11-Sep-09,504.62
14-Sep-09,500.87
15-Sep-09,511.17
16-Sep-09,507.36
17-Sep-09,512.26
18-Sep-09,507.35
22-Sep-09,533.24
23-Sep-09,530.35
24-Sep-09,549.53
25-Sep-09,549.67
29-Sep-09,555.42
30-Sep-09,557.91
1-Oct-09,540.5
5-Oct-09,538.79
6-Oct-09,546.84
7-Oct-09,545.5
8-Oct-09,546.75
9-Oct-09,538.7
12-Oct-09,551.21
14-Oct-09,560.13
15-Oct-09,552.91
16-Oct-09,567.28
17-Oct-09,562.6
20-Oct-09,558
21-Oct-09,538.16
22-Oct-09,535.5
23-Oct-09,544.22
26-Oct-09,554.72
27-Oct-09,551.53
28-Oct-09,531.81
29-Oct-09,534.22
30-Oct-09,531.68
3-Nov-09,520.27
4-Nov-09,530.07
5-Nov-09,530
6-Nov-09,540.27
9-Nov-09,554.52
10-Nov-09,551.26
11-Nov-09,562.08
12-Nov-09,547.71
13-Nov-09,551.4
16-Nov-09,552.27
17-Nov-09,549.82
18-Nov-09,547.02
19-Nov-09,548.95
20-Nov-09,562.39
23-Nov-09,567.81
24-Nov-09,563.13
25-Nov-09,561.4
26-Nov-09,551.38
27-Nov-09,541.14
30-Nov-09,553.35
1-Dec-09,560.89
2-Dec-09,550.08
3-Dec-09,546.27
4-Dec-09,544.24
7-Dec-09,552.46
8-Dec-09,559.92
9-Dec-09,545.06
10-Dec-09,544.35
11-Dec-09,539.05
14-Dec-09,535.96
15-Dec-09,523.47
16-Dec-09,521.87
17-Dec-09,521.3
18-Dec-09,515.07
21-Dec-09,512.85
22-Dec-09,512.56
23-Dec-09,529.01
24-Dec-09,531.83
29-Dec-09,537.96
30-Dec-09,535.44
31-Dec-09,535.16
4-Jan-10,534.87
5-Jan-10,536.69
6-Jan-10,539.27
7-Jan-10,529.23
8-Jan-10,520.01
11-Jan-10,520.02
12-Jan-10,511.93
13-Jan-10,508.78
14-Jan-10,504.99
15-Jan-10,504.3
18-Jan-10,511.49
19-Jan-10,502.1
20-Jan-10,505.45
21-Jan-10,487.4
22-Jan-10,481.74
25-Jan-10,476.39
27-Jan-10,461.11
28-Jan-10,469.37
29-Jan-10,476.77
1-Feb-10,477.34
2-Feb-10,484.01
3-Feb-10,503.13
4-Feb-10,483.7
5-Feb-10,477.96
6-Feb-10,479.32
8-Feb-10,478.7
9-Feb-10,479.46
10-Feb-10,476.07
11-Feb-10,476.5
15-Feb-10,478.18
16-Feb-10,485.64
17-Feb-10,492.79
18-Feb-10,496.19
19-Feb-10,496
22-Feb-10,496.92
23-Feb-10,503.74
24-Feb-10,498.57
25-Feb-10,492.5
26-Feb-10,500.06
2-Mar-10,512.06
3-Mar-10,520.93
4-Mar-10,519.24
5-Mar-10,517.67
8-Mar-10,522.25
9-Mar-10,531.85
10-Mar-10,541.15
11-Mar-10,540.31
12-Mar-10,543.14
15-Mar-10,535.05
16-Mar-10,537.77
17-Mar-10,545.35
18-Mar-10,547.59
19-Mar-10,538.89
22-Mar-10,524.97
23-Mar-10,524.31
25-Mar-10,517.23
26-Mar-10,522.6
29-Mar-10,532.22
30-Mar-10,527.74
31-Mar-10,543.44
1-Apr-10,556.51
5-Apr-10,559.01
6-Apr-10,564.99
7-Apr-10,561.31
8-Apr-10,545.18
9-Apr-10,568.61
12-Apr-10,565.56
13-Apr-10,549.66
15-Apr-10,537.94
16-Apr-10,534.92
19-Apr-10,538.63
20-Apr-10,540.57
21-Apr-10,540.96
22-Apr-10,547.33
23-Apr-10,545.48
26-Apr-10,565.95
27-Apr-10,570.58
28-Apr-10,561.28
29-Apr-10,566.53
30-Apr-10,562.79
3-May-10,560.32
4-May-10,564.52
5-May-10,560.23
6-May-10,550.56
7-May-10,545.36
10-May-10,557.87
11-May-10,554.66
12-May-10,555.81
13-May-10,561.75
14-May-10,555.36
17-May-10,551.89
18-May-10,548
19-May-10,534.74
20-May-10,542.1
21-May-10,542.04
24-May-10,532.82
25-May-10,522.02
26-May-10,539.01
27-May-10,552.76
28-May-10,558.03
31-May-10,557.95
1-Jun-10,541.36
2-Jun-10,542.12
3-Jun-10,547.04
4-Jun-10,549.78
7-Jun-10,534.2
8-Jun-10,540.44
9-Jun-10,541.03
10-Jun-10,549.98
11-Jun-10,561.78
14-Jun-10,567.48
15-Jun-10,571.81
16-Jun-10,582.58
17-Jun-10,586.55
18-Jun-10,586.09
21-Jun-10,597.09
22-Jun-10,595.85
23-Jun-10,598.73
24-Jun-10,604.46
25-Jun-10,587.08
28-Jun-10,591.75
29-Jun-10,580.53
30-Jun-10,588.84
1-Jul-10,583.08
2-Jul-10,583.25
5-Jul-10,587.87
6-Jul-10,589
7-Jul-10,581.01
8-Jul-10,588.34
9-Jul-10,593.28
12-Jul-10,600.67
13-Jul-10,612.86
14-Jul-10,615.37
15-Jul-10,608.93
16-Jul-10,603.97
19-Jul-10,611.91
20-Jul-10,602.72
21-Jul-10,594.08
22-Jul-10,603.54
23-Jul-10,598.69
26-Jul-10,591.71
27-Jul-10,587.8
28-Jul-10,579.11
29-Jul-10,595.38
30-Jul-10,596.05
2-Aug-10,604.81
3-Aug-10,610.3
4-Aug-10,612
5-Aug-10,605.76
6-Aug-10,613.84
9-Aug-10,623.11
10-Aug-10,614.64
11-Aug-10,599.75
12-Aug-10,597.12
13-Aug-10,599.18
16-Aug-10,594.78
17-Aug-10,601.79
18-Aug-10,621.2
19-Aug-10,645.05
20-Aug-10,639.95
23-Aug-10,629.6
24-Aug-10,624.25
25-Aug-10,620.05
26-Aug-10,628.45
27-Aug-10,623.15
30-Aug-10,627.85
31-Aug-10,627
1-Sep-10,623.1
2-Sep-10,632.55
3-Sep-10,630.85
6-Sep-10,636.3
7-Sep-10,633
8-Sep-10,630.55
9-Sep-10,629.95
13-Sep-10,665.4
14-Sep-10,672.5
15-Sep-10,683.9
16-Sep-10,691.65
17-Sep-10,683.65
20-Sep-10,706.3
21-Sep-10,721.6
22-Sep-10,733.7
23-Sep-10,729.3
24-Sep-10,732.9
27-Sep-10,728.45
28-Sep-10,712.45
29-Sep-10,707
30-Sep-10,733.2
1-Oct-10,743.35
4-Oct-10,760.35
5-Oct-10,741.35
6-Oct-10,745.05
7-Oct-10,725.8
8-Oct-10,717.35
11-Oct-10,721.1
12-Oct-10,708.05
13-Oct-10,739.9
14-Oct-10,733.35
15-Oct-10,727.15
18-Oct-10,724.4
19-Oct-10,720.65
20-Oct-10,697.9
21-Oct-10,704.75
22-Oct-10,691.95
25-Oct-10,706.5
26-Oct-10,696.35
27-Oct-10,678.05
28-Oct-10,692.2
29-Oct-10,687.7
1-Nov-10,710.7
2-Nov-10,702.8
3-Nov-10,715.95
4-Nov-10,739.7
5-Nov-10,738.15
8-Nov-10,726.2
9-Nov-10,725.45
10-Nov-10,725.35
11-Nov-10,712.1
12-Nov-10,716.05
15-Nov-10,710.2
16-Nov-10,698.4
18-Nov-10,700.35
19-Nov-10,695.35
22-Nov-10,719.1
23-Nov-10,699.65
24-Nov-10,688.3
25-Nov-10,695.95
26-Nov-10,684.95
29-Nov-10,694.85
30-Nov-10,686.65
1-Dec-10,697.75
2-Dec-10,705.5
3-Dec-10,695.3
6-Dec-10,704.85
7-Dec-10,700.8
8-Dec-10,684.75
9-Dec-10,671.95
10-Dec-10,668.6
13-Dec-10,693.75
14-Dec-10,692.75
15-Dec-10,685.45
16-Dec-10,688.5
20-Dec-10,692.3
21-Dec-10,699.1
22-Dec-10,697.75
23-Dec-10,701.8
24-Dec-10,698.9
27-Dec-10,696.05
28-Dec-10,700.4
29-Dec-10,717.4
30-Dec-10,729.2
31-Dec-10,728.35
3-Jan-11,728.2
4-Jan-11,731.75
5-Jan-11,708.1
6-Jan-11,706.9
7-Jan-11,683.9
10-Jan-11,653.6
11-Jan-11,659.35
12-Jan-11,680.65
13-Jan-11,667.35
14-Jan-11,641.75
17-Jan-11,663.65
18-Jan-11,658.35
19-Jan-11,653.1
20-Jan-11,660.6
21-Jan-11,651.2
24-Jan-11,669.45
25-Jan-11,670.2
27-Jan-11,667.1
28-Jan-11,645.25
31-Jan-11,628.35
1-Feb-11,633.25
2-Feb-11,617.45
3-Feb-11,624.3
4-Feb-11,604.15
7-Feb-11,590.65
8-Feb-11,589.15
9-Feb-11,608.3
10-Feb-11,595.85
11-Feb-11,623.15
14-Feb-11,642.8
15-Feb-11,646.6
16-Feb-11,626.9
17-Feb-11,650.05
18-Feb-11,643.85
21-Feb-11,648.1
22-Feb-11,641.1
23-Feb-11,647
24-Feb-11,616.8
25-Feb-11,623.6
28-Feb-11,629.2
1-Mar-11,650.75
3-Mar-11,672.1
4-Mar-11,681.5
7-Mar-11,667
8-Mar-11,675.15
9-Mar-11,672.7
10-Mar-11,666.8
11-Mar-11,660.4
14-Mar-11,671.45
15-Mar-11,663.1
16-Mar-11,659.85
17-Mar-11,637
18-Mar-11,620.3
21-Mar-11,626.45
22-Mar-11,637.8
23-Mar-11,640.2
24-Mar-11,644.1
25-Mar-11,663.7
28-Mar-11,667.9
29-Mar-11,683.05
30-Mar-11,698.45
31-Mar-11,701.2
1-Apr-11,708.2
4-Apr-11,705.55
5-Apr-11,698.35
6-Apr-11,698.9
7-Apr-11,715.7
8-Apr-11,710.65
11-Apr-11,690.15
13-Apr-11,718
15-Apr-11,706.7
18-Apr-11,692.1
19-Apr-11,694.6
20-Apr-11,715
21-Apr-11,732.2
25-Apr-11,731.05
26-Apr-11,722.85
27-Apr-11,722.1
28-Apr-11,717.35
29-Apr-11,706.8
2-May-11,699.4
3-May-11,684.35
4-May-11,662.5
5-May-11,655.05
6-May-11,664.8
9-May-11,664.55
10-May-11,661.1
11-May-11,666.1
12-May-11,647.2
13-May-11,644.7
16-May-11,634
17-May-11,631.6
18-May-11,646.05
19-May-11,643.85
20-May-11,658.85
23-May-11,646.55
24-May-11,649.4
25-May-11,644.25
26-May-11,643.15
27-May-11,656.3
30-May-11,668.55
31-May-11,684.05
1-Jun-11,689.1
2-Jun-11,680
3-Jun-11,660.05
6-Jun-11,670.65
7-Jun-11,669.2
8-Jun-11,658.3
9-Jun-11,654.8
10-Jun-11,651.5
13-Jun-11,657
14-Jun-11,648.4
15-Jun-11,648.2
16-Jun-11,648.1
17-Jun-11,638.65
20-Jun-11,630.05
21-Jun-11,643.05
22-Jun-11,644.65
23-Jun-11,638.95
24-Jun-11,668
27-Jun-11,674.55
28-Jun-11,689.75
29-Jun-11,696.05
30-Jun-11,706.3
1-Jul-11,703.3
4-Jul-11,700.75
5-Jul-11,700.2
6-Jul-11,710.9
7-Jul-11,724.4
8-Jul-11,714.2
11-Jul-11,709.1
12-Jul-11,689.75
13-Jul-11,694.2
14-Jul-11,703.6
15-Jul-11,693.8
18-Jul-11,700.7
19-Jul-11,703.7
20-Jul-11,697.25
21-Jul-11,698.55
22-Jul-11,707.85
25-Jul-11,708.2
26-Jul-11,693.95
27-Jul-11,703.3
28-Jul-11,688.35
29-Jul-11,689
1-Aug-11,694.6
2-Aug-11,685
3-Aug-11,679.95
4-Aug-11,676.45
5-Aug-11,664.8
8-Aug-11,646.75
9-Aug-11,659
10-Aug-11,666.15
11-Aug-11,683.7
12-Aug-11,668.75
16-Aug-11,644.5
17-Aug-11,660.6
18-Aug-11,640.65
19-Aug-11,639.2
22-Aug-11,641.15
23-Aug-11,645.85
24-Aug-11,646.3
25-Aug-11,628.2
26-Aug-11,621.8
29-Aug-11,645.2
30-Aug-11,662.65
2-Sep-11,660.95
5-Sep-11,650.05
6-Sep-11,655.2
7-Sep-11,667.5
8-Sep-11,659.25
9-Sep-11,661.55
12-Sep-11,654.2
13-Sep-11,646.65
14-Sep-11,645.1
15-Sep-11,654.8
16-Sep-11,662.35
19-Sep-11,653
20-Sep-11,675.05
21-Sep-11,674.1
22-Sep-11,643.5
23-Sep-11,625
26-Sep-11,622.35
27-Sep-11,641.15
28-Sep-11,636.95
29-Sep-11,652.45
30-Sep-11,640.9
3-Oct-11,634.45
4-Oct-11,620.8
5-Oct-11,624.95
7-Oct-11,645.4
10-Oct-11,662.55
11-Oct-11,666.75
12-Oct-11,669.9
13-Oct-11,664.4
14-Oct-11,666.8
17-Oct-11,673.45
18-Oct-11,673.8
19-Oct-11,673.95
20-Oct-11,644.95
21-Oct-11,633.4
24-Oct-11,640.5
25-Oct-11,669.2
26-Oct-11,667.2
28-Oct-11,688.7
31-Oct-11,688.85
1-Nov-11,684.35
2-Nov-11,682.7
3-Nov-11,683.45
4-Nov-11,683.9
8-Nov-11,679.85
9-Nov-11,682.4
11-Nov-11,666.7
14-Nov-11,672.75
15-Nov-11,657.55
16-Nov-11,645.4
17-Nov-11,635.05
18-Nov-11,645.6
21-Nov-11,623.35
22-Nov-11,637.95
23-Nov-11,624.15
24-Nov-11,626.1
25-Nov-11,613.75
28-Nov-11,646.65
29-Nov-11,635.65
30-Nov-11,641.7
1-Dec-11,656.1
2-Dec-11,667.6
5-Dec-11,662.2
7-Dec-11,675.55
8-Dec-11,669.3
9-Dec-11,655.4
12-Dec-11,647.35
13-Dec-11,646.35
14-Dec-11,630.35
15-Dec-11,636.4
16-Dec-11,626.35
19-Dec-11,618.25
20-Dec-11,623.4
21-Dec-11,655.45
22-Dec-11,662.45
23-Dec-11,660.9
26-Dec-11,665.75
27-Dec-11,667.85
28-Dec-11,660.85
29-Dec-11,656.6
30-Dec-11,652.05
2-Jan-12,650.4
3-Jan-12,665.2
4-Jan-12,660.95
5-Jan-12,670.3
6-Jan-12,670.4
7-Jan-12,668.55
9-Jan-12,663.25
10-Jan-12,684
11-Jan-12,680.95
12-Jan-12,687.4
13-Jan-12,681.55
16-Jan-12,674.2
17-Jan-12,675.35
18-Jan-12,682.8
19-Jan-12,693.7
20-Jan-12,692.1
23-Jan-12,695.5
24-Jan-12,700.55
25-Jan-12,709.2
27-Jan-12,699.8
30-Jan-12,688.1
31-Jan-12,697.85
1-Feb-12,688.9
2-Feb-12,685.75
3-Feb-12,696.65
6-Feb-12,699.2
7-Feb-12,685.35
8-Feb-12,696.9
9-Feb-12,697.15
10-Feb-12,693.9
13-Feb-12,695.15
14-Feb-12,697.75
15-Feb-12,713.65
16-Feb-12,718
17-Feb-12,716.8
21-Feb-12,714.35
22-Feb-12,701.7
23-Feb-12,701.3
24-Feb-12,676.4
27-Feb-12,664.75
28-Feb-12,670.05
29-Feb-12,663.15
1-Mar-12,669.4
2-Mar-12,672.65
3-Mar-12,668.65
5-Mar-12,657.15
6-Mar-12,651.1
7-Mar-12,654
9-Mar-12,680.5
12-Mar-12,671.1
13-Mar-12,681.85
14-Mar-12,677.5
15-Mar-12,661.3
16-Mar-12,666.45
19-Mar-12,650.25
20-Mar-12,657.5
21-Mar-12,667.5
22-Mar-12,659.2
23-Mar-12,660.55
26-Mar-12,651.25
27-Mar-12,667.55
28-Mar-12,660.95
29-Mar-12,666.8
30-Mar-12,673.3
2-Apr-12,683.15
3-Apr-12,687.45
4-Apr-12,679.65
9-Apr-12,666.05
10-Apr-12,671.75
11-Apr-12,674.05
12-Apr-12,679.4
13-Apr-12,680.7
16-Apr-12,677.8
17-Apr-12,683.8
18-Apr-12,680.35
19-Apr-12,690.65
20-Apr-12,684.7
23-Apr-12,683.4
24-Apr-12,683
25-Apr-12,676.85
26-Apr-12,674.1
27-Apr-12,674.45
28-Apr-12,677.25
30-Apr-12,673.6
2-May-12,672.2
3-May-12,666.8
4-May-12,659.95
7-May-12,663.65
8-May-12,657.3
9-May-12,650.05
10-May-12,651.4
11-May-12,645.8
14-May-12,645
15-May-12,645.3
16-May-12,620.9
17-May-12,633.85
18-May-12,635.3
21-May-12,641.25
22-May-12,642.6
23-May-12,635.5
24-May-12,663.8
25-May-12,656.55
28-May-12,664.1
29-May-12,660.65
30-May-12,655.9
31-May-12,654.65
1-Jun-12,643.25
4-Jun-12,639.6
5-Jun-12,643.95
6-Jun-12,650.65
7-Jun-12,656.45
8-Jun-12,655.95
11-Jun-12,656.6
12-Jun-12,658.45
13-Jun-12,655.85
14-Jun-12,644.3
15-Jun-12,646.25
18-Jun-12,638.7
19-Jun-12,642.2
20-Jun-12,642.5
21-Jun-12,647.85
22-Jun-12,640.05
25-Jun-12,644
26-Jun-12,643
27-Jun-12,644.6
28-Jun-12,645.1
29-Jun-12,653.2
2-Jul-12,662.35
3-Jul-12,674.55
4-Jul-12,675.6
5-Jul-12,676.5
6-Jul-12,684.35
9-Jul-12,676.25
10-Jul-12,682.4
11-Jul-12,678.8
12-Jul-12,675.85
13-Jul-12,676.35
16-Jul-12,680.45
17-Jul-12,683.75
18-Jul-12,687.15
19-Jul-12,693.8
20-Jul-12,684.75
23-Jul-12,677
24-Jul-12,674.3
25-Jul-12,675.1
26-Jul-12,670.1
27-Jul-12,673.8
30-Jul-12,678.1
31-Jul-12,691.15
1-Aug-12,699.85
2-Aug-12,695.7
3-Aug-12,699.35
6-Aug-12,710.4
7-Aug-12,719.55
8-Aug-12,721.6
9-Aug-12,694.9
10-Aug-12,690.15
13-Aug-12,716.35
14-Aug-12,702.85
16-Aug-12,710.15
17-Aug-12,713.3
21-Aug-12,732.5
22-Aug-12,726.4
23-Aug-12,719.75
24-Aug-12,722.5
27-Aug-12,721.95
28-Aug-12,723.25
29-Aug-12,715.05
30-Aug-12,726.6
31-Aug-12,735.3
3-Sep-12,734.65
4-Sep-12,722.55
5-Sep-12,724.65
6-Sep-12,722.4
7-Sep-12,729.4
8-Sep-12,731
10-Sep-12,741.2
11-Sep-12,759.55
12-Sep-12,756.55
13-Sep-12,750.35
14-Sep-12,770.45
17-Sep-12,779.9
18-Sep-12,774.6
20-Sep-12,760.9
21-Sep-12,780.2
24-Sep-12,759.35
25-Sep-12,768.8
26-Sep-12,760.9
27-Sep-12,761.25
28-Sep-12,774.4
1-Oct-12,768.95
3-Oct-12,776.3
4-Oct-12,789.05
5-Oct-12,749.95
8-Oct-12,750.6
9-Oct-12,747.95
10-Oct-12,741.2
11-Oct-12,748.1
12-Oct-12,740.25
15-Oct-12,740.2
16-Oct-12,744.2
17-Oct-12,752.85
18-Oct-12,761.65
19-Oct-12,753.3
22-Oct-12,750.75
23-Oct-12,750.55
25-Oct-12,765.75
26-Oct-12,758.3
29-Oct-12,756.95
30-Oct-12,750.65
31-Oct-12,762.35
1-Nov-12,763.5
2-Nov-12,766.25
5-Nov-12,770
6-Nov-12,783.75
7-Nov-12,799.65
8-Nov-12,793.8
9-Nov-12,793.95
12-Nov-12,791.6
13-Nov-12,784.55
15-Nov-12,793.15
16-Nov-12,774.85
19-Nov-12,764.85
20-Nov-12,782.05
21-Nov-12,778.75
22-Nov-12,775.15
23-Nov-12,779.35
26-Nov-12,775.65
27-Nov-12,799.2
29-Nov-12,821.8
30-Nov-12,843.5
3-Dec-12,836.2
4-Dec-12,841.55
5-Dec-12,837.95
6-Dec-12,844.15
7-Dec-12,837.75
10-Dec-12,865.8
11-Dec-12,874.95
12-Dec-12,859.7
13-Dec-12,854.3
14-Dec-12,852.3
17-Dec-12,836.85
18-Dec-12,846.85
19-Dec-12,830.75
20-Dec-12,831
21-Dec-12,830.2
24-Dec-12,828.7
26-Dec-12,834.7
27-Dec-12,828.45
28-Dec-12,834.4
31-Dec-12,828.85
1-Jan-13,832.95
2-Jan-13,846.6
3-Jan-13,845.5
4-Jan-13,837.7
7-Jan-13,822.95
8-Jan-13,840.3
9-Jan-13,830
10-Jan-13,825.5
11-Jan-13,809.5
14-Jan-13,827.05
15-Jan-13,825.5
16-Jan-13,818.85
17-Jan-13,807.6
18-Jan-13,822.7
21-Jan-13,812.5
22-Jan-13,813.35
23-Jan-13,820.85
24-Jan-13,807.65
25-Jan-13,805.85
28-Jan-13,801.7
29-Jan-13,802.5
30-Jan-13,797.15
31-Jan-13,786.55
1-Feb-13,777.95
4-Feb-13,798.25
5-Feb-13,797.4
6-Feb-13,807.75
7-Feb-13,810.65
8-Feb-13,808.8
11-Feb-13,800.2
12-Feb-13,800.4
13-Feb-13,815
14-Feb-13,816.2
15-Feb-13,812.1
18-Feb-13,824.45
19-Feb-13,823.45
20-Feb-13,819.6
21-Feb-13,815.05
22-Feb-13,799.85
25-Feb-13,802.05
26-Feb-13,771.55
27-Feb-13,779.35
28-Feb-13,757.65
1-Mar-13,777.5
4-Mar-13,773.8
5-Mar-13,773.1
6-Mar-13,774.3
7-Mar-13,782.05
8-Mar-13,813.25
11-Mar-13,831.65
12-Mar-13,823.8
13-Mar-13,809.2
14-Mar-13,814.1
15-Mar-13,817.3
18-Mar-13,810.1
19-Mar-13,784.55
20-Mar-13,780.4
21-Mar-13,797.9
22-Mar-13,796.4
25-Mar-13,806.2
26-Mar-13,824.2
28-Mar-13,826.25
1-Apr-13,825.2
2-Apr-13,817.25
3-Apr-13,811.65
4-Apr-13,792.35
5-Apr-13,770.8
8-Apr-13,758.2
9-Apr-13,752.95
10-Apr-13,783.15
11-Apr-13,763.6
12-Apr-13,764.8
15-Apr-13,774.9
16-Apr-13,803.7
17-Apr-13,790.4
18-Apr-13,818.25
22-Apr-13,835.6
23-Apr-13,838.1
25-Apr-13,862.75
26-Apr-13,872.6
29-Apr-13,864.2
30-Apr-13,847.6
2-May-13,863.45
3-May-13,854.9
6-May-13,852.65
7-May-13,853.75
8-May-13,885
9-May-13,880.35
10-May-13,877.3
11-May-13,874.5
13-May-13,863.5
14-May-13,870.85
15-May-13,910.05
16-May-13,908.35
17-May-13,903.35
20-May-13,898.4
21-May-13,902.05
22-May-13,899.85
23-May-13,903.15
24-May-13,906.05
27-May-13,929.5
28-May-13,919.8
29-May-13,910.55
30-May-13,926.25
31-May-13,890.15
3-Jun-13,869.05
4-Jun-13,854.2
5-Jun-13,843.95
6-Jun-13,845
7-Jun-13,839.35
10-Jun-13,852.6
11-Jun-13,831.15
12-Jun-13,820.75
13-Jun-13,812.2
14-Jun-13,835
17-Jun-13,844.4
18-Jun-13,834
19-Jun-13,842.75
20-Jun-13,817.55
21-Jun-13,820.7
24-Jun-13,824.8
25-Jun-13,817.45
26-Jun-13,815.6
27-Jun-13,837.15
28-Jun-13,879.05
1-Jul-13,889.65
2-Jul-13,875.15
3-Jul-13,853.6
4-Jul-13,852.1
5-Jul-13,850.1
8-Jul-13,824.05
9-Jul-13,830.05
10-Jul-13,827.5
11-Jul-13,854.8
12-Jul-13,851.3
15-Jul-13,848.5
16-Jul-13,816.05
17-Jul-13,817.1
18-Jul-13,829.05
19-Jul-13,803.2
22-Jul-13,830.3
23-Jul-13,826.85
24-Jul-13,803.25
25-Jul-13,800.8
26-Jul-13,805.55
29-Jul-13,806.6
30-Jul-13,807.85
31-Jul-13,800.45
1-Aug-13,817
2-Aug-13,808.35
5-Aug-13,798.95
6-Aug-13,751.85
7-Aug-13,729.7
8-Aug-13,746.95
12-Aug-13,769.75
13-Aug-13,791.95
14-Aug-13,780.7
16-Aug-13,737.9
19-Aug-13,735.5
20-Aug-13,726.25
21-Aug-13,747.25
22-Aug-13,735.9
23-Aug-13,740.85
26-Aug-13,744
27-Aug-13,686
28-Aug-13,652.75
29-Aug-13,695.5
30-Aug-13,718.65
2-Sep-13,738.4
3-Sep-13,702.35
4-Sep-13,709.5
5-Sep-13,750.4
6-Sep-13,760.85
10-Sep-13,809.15
11-Sep-13,811.8
12-Sep-13,814.45
13-Sep-13,807.95
16-Sep-13,814.25
17-Sep-13,803.95
18-Sep-13,799.2
19-Sep-13,834.55
20-Sep-13,810.4
23-Sep-13,776.2
24-Sep-13,788.25
25-Sep-13,779.65
26-Sep-13,792.85
27-Sep-13,784.2
30-Sep-13,764.25
1-Oct-13,785.9
3-Oct-13,802.4
4-Oct-13,798.7
7-Oct-13,797.8
8-Oct-13,791.5
9-Oct-13,802.2
10-Oct-13,808.25
11-Oct-13,810.5
14-Oct-13,803.35
15-Oct-13,801.95
17-Oct-13,795.2
18-Oct-13,819.45
21-Oct-13,821.15
22-Oct-13,810.7
23-Oct-13,809.7
24-Oct-13,812.15
25-Oct-13,809.8
28-Oct-13,820.85
29-Oct-13,839.6
30-Oct-13,849.45
31-Oct-13,855.05
1-Nov-13,855.4
3-Nov-13,852.8
5-Nov-13,859.45
6-Nov-13,838.95
7-Nov-13,841.75
8-Nov-13,809.35
11-Nov-13,805.35
12-Nov-13,794.85
13-Nov-13,791.4
14-Nov-13,793.3
18-Nov-13,814.45
19-Nov-13,818.4
20-Nov-13,807.75
21-Nov-13,781.7
22-Nov-13,793.35
25-Nov-13,818.7
26-Nov-13,807.35
27-Nov-13,808.1
28-Nov-13,814.1
29-Nov-13,823.8
2-Dec-13,827.65
3-Dec-13,822.4
4-Dec-13,812.15
5-Dec-13,827.45
6-Dec-13,813.75
9-Dec-13,820
10-Dec-13,808.95
11-Dec-13,818.2
12-Dec-13,826.95
13-Dec-13,806.8
16-Dec-13,798.55
17-Dec-13,778.45
18-Dec-13,798.25
19-Dec-13,776.25
20-Dec-13,801.85
23-Dec-13,789.8
24-Dec-13,779.9
26-Dec-13,779.3
27-Dec-13,788.4
30-Dec-13,795.65
31-Dec-13,794.65
1-Jan-14,793.5
2-Jan-14,791.1
3-Jan-14,791
6-Jan-14,795.85
7-Jan-14,797.9
8-Jan-14,804.3
9-Jan-14,802.15
10-Jan-14,801.45
13-Jan-14,818.65
14-Jan-14,824.35
15-Jan-14,846.5
16-Jan-14,857.6
17-Jan-14,840.05
20-Jan-14,834.8
21-Jan-14,838.15
22-Jan-14,841.05
23-Jan-14,856.15
24-Jan-14,844.7
27-Jan-14,833
28-Jan-14,831.15
29-Jan-14,825.15
30-Jan-14,829.15
31-Jan-14,808.45
3-Feb-14,788.85
4-Feb-14,788.15
5-Feb-14,784.8
6-Feb-14,785.35
7-Feb-14,783.45
10-Feb-14,765.4
11-Feb-14,774.8
12-Feb-14,785.5
13-Feb-14,766.05
14-Feb-14,770.7
17-Feb-14,779.3
18-Feb-14,803.9
19-Feb-14,805.8
20-Feb-14,791.65
21-Feb-14,800.6
24-Feb-14,810.25
25-Feb-14,811.4
26-Feb-14,819.1
28-Feb-14,819.3
3-Mar-14,812.55
4-Mar-14,821.85
5-Mar-14,827.15
6-Mar-14,837.85
7-Mar-14,848.25
10-Mar-14,850.2
11-Mar-14,853.1
12-Mar-14,854.65
13-Mar-14,865.4
14-Mar-14,856.65
18-Mar-14,852.2
19-Mar-14,867.7
20-Mar-14,847.85
21-Mar-14,843.25
22-Mar-14,841.9
24-Mar-14,860.25
25-Mar-14,871.7
26-Mar-14,866.4
27-Mar-14,875.1
28-Mar-14,875.8
31-Mar-14,883.9
1-Apr-14,888.8
2-Apr-14,899
3-Apr-14,904.15
4-Apr-14,895.1
7-Apr-14,895.85
9-Apr-14,922.7
10-Apr-14,927.25
11-Apr-14,918.65
15-Apr-14,887.5
16-Apr-14,870.2
17-Apr-14,879.8
21-Apr-14,876.95
22-Apr-14,874.85
23-Apr-14,879.55
25-Apr-14,894.1
28-Apr-14,884.35
29-Apr-14,887.4
30-Apr-14,897.95
2-May-14,910.95
5-May-14,886.45
6-May-14,877.55
7-May-14,852.6
8-May-14,850.45
9-May-14,884.6
12-May-14,895.55
13-May-14,906.35
14-May-14,888.85
15-May-14,903.15
16-May-14,885.8
19-May-14,916.95
20-May-14,940.6
21-May-14,940.75
22-May-14,920.15
23-May-14,931.95
26-May-14,927.75
27-May-14,910.25
28-May-14,902.05
29-May-14,896.9
30-May-14,876.8
2-Jun-14,896.35
3-Jun-14,912.75
4-Jun-14,901.55
5-Jun-14,908.75
6-Jun-14,935.15
9-Jun-14,944.95
10-Jun-14,954.45
11-Jun-14,956.9
12-Jun-14,982.05
13-Jun-14,979.7
16-Jun-14,961.65
17-Jun-14,965.6
18-Jun-14,958.45
19-Jun-14,968.45
20-Jun-14,969.05
23-Jun-14,971
24-Jun-14,996.1
25-Jun-14,995.45
26-Jun-14,976.85
27-Jun-14,976.1
30-Jun-14,992.55
1-Jul-14,984.1
2-Jul-14,1007.8
3-Jul-14,1008.15
4-Jul-14,1013.1
7-Jul-14,1020.6
8-Jul-14,1022.2
9-Jul-14,1015.4
10-Jul-14,1022.85
11-Jul-14,989.65
14-Jul-14,983.8
15-Jul-14,977.55
16-Jul-14,976
17-Jul-14,972.35
18-Jul-14,983
21-Jul-14,1010.3
22-Jul-14,1041.05
23-Jul-14,1037.05
24-Jul-14,1036.25
25-Jul-14,1067.75
28-Jul-14,1066.5
30-Jul-14,1087.55
31-Jul-14,1068.4
1-Aug-14,1039.65
4-Aug-14,1027.2
5-Aug-14,1045.45
6-Aug-14,1035.35
7-Aug-14,1026.85
8-Aug-14,1026.95
11-Aug-14,1063.2
12-Aug-14,1116.4
13-Aug-14,1144.1
14-Aug-14,1124.3
18-Aug-14,1112.55
19-Aug-14,1085.05
20-Aug-14,1072.4
21-Aug-14,1064.4
22-Aug-14,1044.6
25-Aug-14,1056.3
26-Aug-14,1061.95
27-Aug-14,1069.65
28-Aug-14,1074.5
1-Sep-14,1058.7
2-Sep-14,1066.25
3-Sep-14,1062.7
4-Sep-14,1080.2
5-Sep-14,1055.05
8-Sep-14,1051.65
9-Sep-14,1050.25
10-Sep-14,1035.05
11-Sep-14,1037.85
12-Sep-14,1050.3
15-Sep-14,1034.1
16-Sep-14,1017.8
17-Sep-14,1018.4
18-Sep-14,1053.05
19-Sep-14,1066.25
22-Sep-14,1079.15
23-Sep-14,1066.15
24-Sep-14,1054.7
25-Sep-14,1056.7
26-Sep-14,1038.2
29-Sep-14,1031.15
30-Sep-14,1055.25
1-Oct-14,1050.35
7-Oct-14,1017.8
8-Oct-14,1014.65
9-Oct-14,1042.65
10-Oct-14,1006.4
13-Oct-14,1017.8
14-Oct-14,1004.05
16-Oct-14,981.3
17-Oct-14,997.15
20-Oct-14,1020.1
21-Oct-14,1021
22-Oct-14,1030.75
23-Oct-14,1031.55
27-Oct-14,1036.75
28-Oct-14,1049.65
29-Oct-14,1048.6
30-Oct-14,1064.7
31-Oct-14,1105.9
3-Nov-14,1120.5
5-Nov-14,1100.55
7-Nov-14,1099.75
10-Nov-14,1113.7
11-Nov-14,1127.55
12-Nov-14,1142.7
13-Nov-14,1129.05
14-Nov-14,1126.85
17-Nov-14,1129.9
18-Nov-14,1105.65
19-Nov-14,1117.2
20-Nov-14,1122.35
21-Nov-14,1134.4
24-Nov-14,1136.7
25-Nov-14,1146.45
26-Nov-14,1158.45
27-Nov-14,1152.6
28-Nov-14,1160.65
1-Dec-14,1137.55
2-Dec-14,1125.1
3-Dec-14,1104.6
4-Dec-14,1113
5-Dec-14,1114.85
8-Dec-14,1107.6
9-Dec-14,1103.2
10-Dec-14,1100.05
11-Dec-14,1092.6
12-Dec-14,1069.5
15-Dec-14,1124.3
16-Dec-14,1086.85
17-Dec-14,1088.95
18-Dec-14,1098.2
19-Dec-14,1114.95
22-Dec-14,1146.3
23-Dec-14,1124.35
24-Dec-14,1099.85
26-Dec-14,1116.15
29-Dec-14,1124.1
30-Dec-14,1129.4
31-Dec-14,1135.9
1-Jan-15,1124
2-Jan-15,1171.9
5-Jan-15,1156.4
6-Jan-15,1101.95
7-Jan-15,1099.25
8-Jan-15,1123.35
9-Jan-15,1113.3
12-Jan-15,1128.55
13-Jan-15,1122.2
14-Jan-15,1120.3
15-Jan-15,1202.55
16-Jan-15,1194.55
19-Jan-15,1181.7
20-Jan-15,1251.55
21-Jan-15,1287.2
22-Jan-15,1279.65
23-Jan-15,1290.1
27-Jan-15,1315.85
28-Jan-15,1344.6
29-Jan-15,1315.55
30-Jan-15,1262.5
2-Feb-15,1269.3
3-Feb-15,1230.15
4-Feb-15,1232.45
5-Feb-15,1246.45
6-Feb-15,1280.55
9-Feb-15,1271.95
10-Feb-15,1246.15
11-Feb-15,1245.8
12-Feb-15,1253.25
13-Feb-15,1268.65
16-Feb-15,1288
18-Feb-15,1328.6
19-Feb-15,1353.45
20-Feb-15,1333.15
23-Feb-15,1311.25
24-Feb-15,1310.4
25-Feb-15,1340.55
26-Feb-15,1345.7
27-Feb-15,1347.4
28-Feb-15,1335.15
2-Mar-15,1339.95
3-Mar-15,1368.05
4-Mar-15,1367.7
5-Mar-15,1394.8
9-Mar-15,1368.35
10-Mar-15,1312.4
11-Mar-15,1322.75
12-Mar-15,1332.85
13-Mar-15,1328.05
16-Mar-15,1305.7
17-Mar-15,1339.45
18-Mar-15,1322.05
19-Mar-15,1327.7
20-Mar-15,1338.45
23-Mar-15,1345.7
24-Mar-15,1358.85
25-Mar-15,1354.55
26-Mar-15,1283.7
27-Mar-15,1262.7
30-Mar-15,1306.2
31-Mar-15,1315.7
1-Apr-15,1337.05
6-Apr-15,1330.6
7-Apr-15,1328.7
8-Apr-15,1299.7
9-Apr-15,1303.05
10-Apr-15,1290.35
13-Apr-15,1305.25
15-Apr-15,1290.45
16-Apr-15,1306.8
17-Apr-15,1306.7
20-Apr-15,1268.65
21-Apr-15,1258.15
22-Apr-15,1277.2
23-Apr-15,1276.05
24-Apr-15,1245.15
27-Apr-15,1211.75
28-Apr-15,1228.25
29-Apr-15,1201.15
30-Apr-15,1170
4-May-15,1202.2
5-May-15,1180.35
6-May-15,1163.6
7-May-15,1154.25
8-May-15,1185.35
11-May-15,1226.1
12-May-15,1191.35
13-May-15,1219.4
14-May-15,1209.7
15-May-15,1234.3
18-May-15,1264.3
19-May-15,1240.55
20-May-15,1270.05
21-May-15,1255.95
22-May-15,1288.05
25-May-15,1252.65
26-May-15,1240.45
27-May-15,1239.9
28-May-15,1229.25
29-May-15,1236.05
1-Jun-15,1247.75
2-Jun-15,1203.1
3-Jun-15,1202.85
4-Jun-15,1216
5-Jun-15,1201.35
8-Jun-15,1176.75
9-Jun-15,1188.8
10-Jun-15,1190.55
11-Jun-15,1164.3
12-Jun-15,1190.4
15-Jun-15,1214.55
16-Jun-15,1199.05
17-Jun-15,1200.9
18-Jun-15,1213.3
19-Jun-15,1236.85
22-Jun-15,1271.55
23-Jun-15,1285.2
24-Jun-15,1283.9
25-Jun-15,1308.85
26-Jun-15,1287.85
29-Jun-15,1285.5
30-Jun-15,1296.45
1-Jul-15,1292.7
2-Jul-15,1285.2
3-Jul-15,1316.05
6-Jul-15,1317.6
7-Jul-15,1337.3
8-Jul-15,1290.05
9-Jul-15,1285.3
10-Jul-15,1283.35
13-Jul-15,1323.75
14-Jul-15,1318.4
15-Jul-15,1340.15
16-Jul-15,1359.7
17-Jul-15,1326.65
20-Jul-15,1315.35
21-Jul-15,1311.6
22-Jul-15,1345.75
23-Jul-15,1350.55
24-Jul-15,1358.75
27-Jul-15,1336
28-Jul-15,1304.4
29-Jul-15,1312.05
30-Jul-15,1335.8
31-Jul-15,1340.4
3-Aug-15,1324.35
4-Aug-15,1302.45
5-Aug-15,1302.45
6-Aug-15,1303.85
7-Aug-15,1298.45
10-Aug-15,1305.5
11-Aug-15,1290.65
12-Aug-15,1261.95
13-Aug-15,1256.95
14-Aug-15,1299.95
17-Aug-15,1279.6
18-Aug-15,1266.1
19-Aug-15,1256.3
20-Aug-15,1249.9
21-Aug-15,1228.35
24-Aug-15,1167.75
25-Aug-15,1145.55
26-Aug-15,1102.35
27-Aug-15,1193.9
28-Aug-15,1201.9
31-Aug-15,1186.15
1-Sep-15,1157.4
2-Sep-15,1123.15
3-Sep-15,1172.05
4-Sep-15,1141.6
7-Sep-15,1155.05
8-Sep-15,1171.05
9-Sep-15,1186.65
10-Sep-15,1162.75
11-Sep-15,1176.35
14-Sep-15,1184.7
15-Sep-15,1179.85
16-Sep-15,1196.35
18-Sep-15,1207.05
21-Sep-15,1207.3
22-Sep-15,1168.6
23-Sep-15,1165.95
24-Sep-15,1181.85
28-Sep-15,1172.15
29-Sep-15,1216.8
30-Sep-15,1212.75
1-Oct-15,1196.6
5-Oct-15,1256.95
6-Oct-15,1265.2
7-Oct-15,1277.45
8-Oct-15,1278.1
9-Oct-15,1291.7
12-Oct-15,1270.25
13-Oct-15,1278.7
14-Oct-15,1294.15
15-Oct-15,1294.7
16-Oct-15,1311.6
19-Oct-15,1315.35
20-Oct-15,1312.5
21-Oct-15,1315.75
23-Oct-15,1337.9
26-Oct-15,1312.7
27-Oct-15,1275.1
28-Oct-15,1266.6
29-Oct-15,1264.65
30-Oct-15,1256.85
2-Nov-15,1221.05
3-Nov-15,1221.4
4-Nov-15,1220.15
5-Nov-15,1205.85
6-Nov-15,1205.4
9-Nov-15,1190.75
10-Nov-15,1171.35
11-Nov-15,1177.4
13-Nov-15,1178.75
16-Nov-15,1178.4
17-Nov-15,1200.75
18-Nov-15,1178.7
19-Nov-15,1214.2
20-Nov-15,1205.75
23-Nov-15,1191.15
24-Nov-15,1218.95
26-Nov-15,1222.65
27-Nov-15,1230.6
30-Nov-15,1211.2
1-Dec-15,1224.7
2-Dec-15,1211.75
3-Dec-15,1200.2
4-Dec-15,1171.6
7-Dec-15,1184.6
8-Dec-15,1171.55
9-Dec-15,1153.25
10-Dec-15,1182.3
11-Dec-15,1174.75
14-Dec-15,1188.05
15-Dec-15,1206.55
16-Dec-15,1219.3
17-Dec-15,1240.95
18-Dec-15,1224.85
21-Dec-15,1232.35
22-Dec-15,1228.25
23-Dec-15,1239.2
24-Dec-15,1229.55
28-Dec-15,1227.65
29-Dec-15,1234.3
30-Dec-15,1233.7
31-Dec-15,1263.75
1-Jan-16,1258.45
4-Jan-16,1216.7
5-Jan-16,1209.4
6-Jan-16,1209.3
7-Jan-16,1179.45
8-Jan-16,1174.4
11-Jan-16,1161.55
12-Jan-16,1151.85
13-Jan-16,1167.65
14-Jan-16,1159.3
15-Jan-16,1149.8
18-Jan-16,1131.8
19-Jan-16,1153
20-Jan-16,1136.65
21-Jan-16,1131.1
22-Jan-16,1158.45
25-Jan-16,1174.6
27-Jan-16,1169.95
28-Jan-16,1147.75
29-Jan-16,1180
1-Feb-16,1180.05
2-Feb-16,1179.8
3-Feb-16,1160.95
4-Feb-16,1168.35
5-Feb-16,1182.95
8-Feb-16,1164.1
9-Feb-16,1159.9
10-Feb-16,1116.55
11-Feb-16,1066.65
12-Feb-16,1083.75
15-Feb-16,1080.45
16-Feb-16,1077.15
17-Feb-16,1076.3
18-Feb-16,1069.1
19-Feb-16,1060.85
22-Feb-16,1058.4
23-Feb-16,1051.1
24-Feb-16,1022.1
25-Feb-16,1042.65
26-Feb-16,1053.7
29-Feb-16,1060.3
1-Mar-16,1069.45
2-Mar-16,1099.55
3-Mar-16,1124.15
4-Mar-16,1129
8-Mar-16,1146.45
9-Mar-16,1128.65
10-Mar-16,1153.15
11-Mar-16,1160.5
14-Mar-16,1158.7
15-Mar-16,1111.35
16-Mar-16,1125.95
17-Mar-16,1108.05
18-Mar-16,1129.3
21-Mar-16,1151.25
22-Mar-16,1168.1
23-Mar-16,1162.75
28-Mar-16,1143.35
29-Mar-16,1125.75
30-Mar-16,1115.3
31-Mar-16,1105.6
1-Apr-16,1113.4
4-Apr-16,1103.7
5-Apr-16,1103.45
6-Apr-16,1102.05
7-Apr-16,1070.85
8-Apr-16,1079.55
11-Apr-16,1079.8
12-Apr-16,1090.5
13-Apr-16,1114.95
18-Apr-16,1132.4
20-Apr-16,1140
21-Apr-16,1150.1
22-Apr-16,1131.9
25-Apr-16,1112
26-Apr-16,1127.3
27-Apr-16,1121.5
28-Apr-16,1085.55
29-Apr-16,1088.45
2-May-16,1091.9
3-May-16,1099.6
4-May-16,1129.9
5-May-16,1162.65
6-May-16,1167.8
9-May-16,1203.6
10-May-16,1218.55
11-May-16,1203.8
12-May-16,1195.85
13-May-16,1166
16-May-16,1186.45
17-May-16,1217.85
18-May-16,1208.2
19-May-16,1175.85
20-May-16,1179.55
23-May-16,1160.25
24-May-16,1172.75
25-May-16,1207.05
26-May-16,1228.25
27-May-16,1255.55
30-May-16,1233.95
31-May-16,1237.7
1-Jun-16,1243.25
2-Jun-16,1260.55
3-Jun-16,1254.9
6-Jun-16,1251.65
7-Jun-16,1251.3
8-Jun-16,1262.5
9-Jun-16,1237.5
10-Jun-16,1230.4
13-Jun-16,1205.35
14-Jun-16,1198.2
15-Jun-16,1205.15
16-Jun-16,1200.95
17-Jun-16,1227.3
20-Jun-16,1227.55
21-Jun-16,1238.15
22-Jun-16,1238.35
23-Jun-16,1245.5
24-Jun-16,1222.75
27-Jun-16,1214.6
28-Jun-16,1228.9
29-Jun-16,1248.55
30-Jun-16,1253.6
1-Jul-16,1242.35
4-Jul-16,1256.25
5-Jul-16,1260.7
7-Jul-16,1290.55
8-Jul-16,1286.9
11-Jul-16,1314.1
12-Jul-16,1333.75
13-Jul-16,1330.45
14-Jul-16,1336.95
15-Jul-16,1364.1
18-Jul-16,1346.35
19-Jul-16,1338.55
20-Jul-16,1334.45
21-Jul-16,1332.9
22-Jul-16,1357
25-Jul-16,1382
26-Jul-16,1367.45
27-Jul-16,1387.7
28-Jul-16,1402.15
29-Jul-16,1374.5
1-Aug-16,1374.3
2-Aug-16,1342.15
3-Aug-16,1325.45
4-Aug-16,1320.15
5-Aug-16,1342.1
8-Aug-16,1367.45
9-Aug-16,1343
10-Aug-16,1337.15
11-Aug-16,1348.45
12-Aug-16,1382.15
16-Aug-16,1358.55
17-Aug-16,1366.9
18-Aug-16,1374.3
19-Aug-16,1369.4
22-Aug-16,1377.55
23-Aug-16,1375.15
24-Aug-16,1382.85
25-Aug-16,1357.5
26-Aug-16,1366.35
29-Aug-16,1375.5
30-Aug-16,1392.1
31-Aug-16,1405.45
1-Sep-16,1424.75
2-Sep-16,1439.15
6-Sep-16,1458.05
7-Sep-16,1427.15
8-Sep-16,1437.8
9-Sep-16,1410.65
12-Sep-16,1399.05
14-Sep-16,1392.2
15-Sep-16,1410.05
16-Sep-16,1397.35
19-Sep-16,1392.8
20-Sep-16,1393.1
21-Sep-16,1392.35
22-Sep-16,1413.25
23-Sep-16,1425.1
26-Sep-16,1412.45
27-Sep-16,1418.9
28-Sep-16,1423.55
29-Sep-16,1401.4
30-Sep-16,1393.45
3-Oct-16,1425.5
4-Oct-16,1432.4
5-Oct-16,1423.15
6-Oct-16,1426
7-Oct-16,1403.7
10-Oct-16,1391.45
13-Oct-16,1338.9
14-Oct-16,1316.05
17-Oct-16,1301.95
18-Oct-16,1355.25
19-Oct-16,1342.15
20-Oct-16,1359.95
21-Oct-16,1336.55
24-Oct-16,1344
25-Oct-16,1340.1
26-Oct-16,1334.65
27-Oct-16,1378.55
28-Oct-16,1391.7
30-Oct-16,1377.5
1-Nov-16,1417.2
2-Nov-16,1404.35
3-Nov-16,1401.6
4-Nov-16,1386.15
7-Nov-16,1381.4
8-Nov-16,1391.35
9-Nov-16,1350.8
10-Nov-16,1324.55
11-Nov-16,1268.35
15-Nov-16,1225.75
16-Nov-16,1255.4
17-Nov-16,1250.2
18-Nov-16,1249.8
21-Nov-16,1221.95
22-Nov-16,1249.7
23-Nov-16,1226.9
24-Nov-16,1217.65
25-Nov-16,1244.05
28-Nov-16,1246.7
29-Nov-16,1255.8
30-Nov-16,1263.1
1-Dec-16,1270
2-Dec-16,1236.8
5-Dec-16,1215.55
6-Dec-16,1243.4
7-Dec-16,1264.95
8-Dec-16,1289.85
9-Dec-16,1268.25
12-Dec-16,1264.5
13-Dec-16,1278.55
14-Dec-16,1266.55
15-Dec-16,1259.2
16-Dec-16,1269.15
19-Dec-16,1247.9
20-Dec-16,1235.55
21-Dec-16,1235.6
22-Dec-16,1217.4
23-Dec-16,1224.85
26-Dec-16,1219.5
27-Dec-16,1232.15
28-Dec-16,1237.95
29-Dec-16,1257.2
30-Dec-16,1262.6
2-Jan-17,1217.1
3-Jan-17,1214
4-Jan-17,1212.1
5-Jan-17,1217.2
6-Jan-17,1222.35
9-Jan-17,1223.55
10-Jan-17,1217.25
11-Jan-17,1230.05
12-Jan-17,1221.1
13-Jan-17,1247.5
16-Jan-17,1256.9
17-Jan-17,1245.8
18-Jan-17,1249.05
19-Jan-17,1242.4
20-Jan-17,1237.3
23-Jan-17,1259.75
24-Jan-17,1280.75
25-Jan-17,1337.4
27-Jan-17,1373.7
30-Jan-17,1371.9
31-Jan-17,1365.85
1-Feb-17,1412.1
2-Feb-17,1401.3
3-Feb-17,1397.45
6-Feb-17,1400.3
7-Feb-17,1407.25
8-Feb-17,1401.1
9-Feb-17,1396.9
10-Feb-17,1388.55
13-Feb-17,1392.05
14-Feb-17,1398.15
15-Feb-17,1399.15
16-Feb-17,1393.55
17-Feb-17,1402.5
20-Feb-17,1393.3
21-Feb-17,1412.45
22-Feb-17,1394.1
23-Feb-17,1385.7
27-Feb-17,1375.7
28-Feb-17,1370.05
1-Mar-17,1400.55
2-Mar-17,1399
3-Mar-17,1371.2
6-Mar-17,1365.95
7-Mar-17,1365.4
8-Mar-17,1367.7
9-Mar-17,1371.5
10-Mar-17,1373.8
14-Mar-17,1424.15
15-Mar-17,1426.1
16-Mar-17,1450.25
17-Mar-17,1451.2
20-Mar-17,1457.75
21-Mar-17,1458.4
22-Mar-17,1442.3
23-Mar-17,1456.65
24-Mar-17,1462.6
27-Mar-17,1474.7
28-Mar-17,1504.1
29-Mar-17,1522.05
30-Mar-17,1519.95
31-Mar-17,1502.1
3-Apr-17,1533.65
5-Apr-17,1490.15
6-Apr-17,1482.6
7-Apr-17,1484.75
10-Apr-17,1467.5
11-Apr-17,1476.85
12-Apr-17,1466.65
13-Apr-17,1474.9
17-Apr-17,1479.55
18-Apr-17,1480.05
19-Apr-17,1490.2
20-Apr-17,1517.1
21-Apr-17,1507.45
24-Apr-17,1530.7
25-Apr-17,1548.4
26-Apr-17,1586
27-Apr-17,1566.5
28-Apr-17,1537.15
2-May-17,1584.75
3-May-17,1571.3
4-May-17,1564.35
5-May-17,1546.85
8-May-17,1529.5
9-May-17,1523.5
10-May-17,1572
11-May-17,1565.3
12-May-17,1549.8
15-May-17,1559.5
16-May-17,1566.55
17-May-17,1552.5
18-May-17,1537.05
19-May-17,1520.6
22-May-17,1519.85
23-May-17,1511.5
24-May-17,1524.85
25-May-17,1539.75
26-May-17,1547.9
29-May-17,1598.85
30-May-17,1579.5
31-May-17,1569.85
1-Jun-17,1583.75
2-Jun-17,1604.65
5-Jun-17,1606.15
6-Jun-17,1605.75
7-Jun-17,1599.35
8-Jun-17,1633.55
9-Jun-17,1647.2
12-Jun-17,1647.5
13-Jun-17,1667.65
14-Jun-17,1651.1
15-Jun-17,1636.85
16-Jun-17,1640.85
19-Jun-17,1654.2
20-Jun-17,1631.5
21-Jun-17,1628.25
22-Jun-17,1653.8
23-Jun-17,1651.35
27-Jun-17,1651.05
28-Jun-17,1629
29-Jun-17,1632.2
30-Jun-17,1614.95
3-Jul-17,1621.65
4-Jul-17,1640.65
5-Jul-17,1629.1
6-Jul-17,1647.9
7-Jul-17,1629.15
10-Jul-17,1638.85
11-Jul-17,1642.75
12-Jul-17,1639.95
13-Jul-17,1656.9
14-Jul-17,1647.7
17-Jul-17,1652.35
18-Jul-17,1653
19-Jul-17,1654.85
20-Jul-17,1651
21-Jul-17,1640.95
24-Jul-17,1632.25
25-Jul-17,1632.05
26-Jul-17,1633.45
27-Jul-17,1728.2
28-Jul-17,1785.35
31-Jul-17,1789.25
1-Aug-17,1779.1
2-Aug-17,1766.4
3-Aug-17,1736.75
4-Aug-17,1731.35
7-Aug-17,1725.4
8-Aug-17,1719.9
9-Aug-17,1731.65
10-Aug-17,1709.8
11-Aug-17,1695.35
14-Aug-17,1713.95
16-Aug-17,1741.75
17-Aug-17,1759.25
18-Aug-17,1735.05
21-Aug-17,1738.15
22-Aug-17,1750.4
23-Aug-17,1765.25
24-Aug-17,1757.35
28-Aug-17,1766.45
29-Aug-17,1727.8
30-Aug-17,1759.05
31-Aug-17,1776.9
1-Sep-17,1759.55
4-Sep-17,1755.4
5-Sep-17,1767.3
6-Sep-17,1775
7-Sep-17,1781.7
8-Sep-17,1779.15
11-Sep-17,1781.7
12-Sep-17,1798.1
13-Sep-17,1778.1
14-Sep-17,1771.8
15-Sep-17,1768.95
18-Sep-17,1771.75
19-Sep-17,1752.6
20-Sep-17,1767.15
21-Sep-17,1788.6
22-Sep-17,1780.95
25-Sep-17,1755.05
26-Sep-17,1741.25
27-Sep-17,1719.35
28-Sep-17,1744.35
29-Sep-17,1742.15
3-Oct-17,1761.6
4-Oct-17,1768.1
5-Oct-17,1751.7
6-Oct-17,1740
9-Oct-17,1749.7
10-Oct-17,1744.75
11-Oct-17,1750.75
12-Oct-17,1755.55
13-Oct-17,1766.45
16-Oct-17,1762.9
17-Oct-17,1759.75
18-Oct-17,1751.55
19-Oct-17,1745.75
23-Oct-17,1722.4
24-Oct-17,1722.3
25-Oct-17,1677.65
26-Oct-17,1692.35
27-Oct-17,1699.05
30-Oct-17,1705.8
31-Oct-17,1707.4
1-Nov-17,1754.3
2-Nov-17,1762.25
3-Nov-17,1776.3
6-Nov-17,1790.2
7-Nov-17,1764.65
8-Nov-17,1747.45
9-Nov-17,1725.85
10-Nov-17,1709.5
13-Nov-17,1670.3
14-Nov-17,1661.4
15-Nov-17,1650.9
16-Nov-17,1664.4
17-Nov-17,1705.5
20-Nov-17,1689.2
21-Nov-17,1694.5
22-Nov-17,1718.15
23-Nov-17,1704.6
24-Nov-17,1711.05
27-Nov-17,1711
28-Nov-17,1725.5
29-Nov-17,1704.15
30-Nov-17,1675.7
1-Dec-17,1658.8
4-Dec-17,1680.4
5-Dec-17,1679.5
6-Dec-17,1648.4
7-Dec-17,1655.55
8-Dec-17,1682.95
11-Dec-17,1709.95
12-Dec-17,1710.8
13-Dec-17,1696.7
14-Dec-17,1704.5
15-Dec-17,1723
18-Dec-17,1719.95
19-Dec-17,1709.15
20-Dec-17,1693.7
21-Dec-17,1701.9
22-Dec-17,1709.35
26-Dec-17,1713.2
27-Dec-17,1707.9
28-Dec-17,1696.15
29-Dec-17,1710.4
1-Jan-18,1683.75
2-Jan-18,1703.25
3-Jan-18,1700.8
4-Jan-18,1703.2
5-Jan-18,1725.2
8-Jan-18,1740.95
9-Jan-18,1735.05
10-Jan-18,1726.45
11-Jan-18,1741.35
12-Jan-18,1760.95
15-Jan-18,1871.2
16-Jan-18,1845.95
17-Jan-18,1858.35
18-Jan-18,1896.8
19-Jan-18,1901.25
22-Jan-18,1872
23-Jan-18,1884.65
24-Jan-18,1911.2
25-Jan-18,1908.3
29-Jan-18,1967.6
30-Jan-18,1937.5
31-Jan-18,1956.3
1-Feb-18,1967.55
2-Feb-18,1903.85
5-Feb-18,1823.35
6-Feb-18,1788.6
7-Feb-18,1785.35
8-Feb-18,1811.8
9-Feb-18,1773.05
12-Feb-18,1805.45
14-Feb-18,1814
15-Feb-18,1829.5
16-Feb-18,1815.5
19-Feb-18,1814.05
20-Feb-18,1811.75
21-Feb-18,1824.8
22-Feb-18,1819.25
23-Feb-18,1824.2
26-Feb-18,1843.25
27-Feb-18,1828.65
28-Feb-18,1808.7
1-Mar-18,1814.15
5-Mar-18,1789.6
6-Mar-18,1782.8
7-Mar-18,1761.75
8-Mar-18,1798.75
9-Mar-18,1818.6
12-Mar-18,1858.05
13-Mar-18,1868.5
14-Mar-18,1844.7
15-Mar-18,1830
16-Mar-18,1791.4
19-Mar-18,1774.5
20-Mar-18,1800.05
21-Mar-18,1817.85
22-Mar-18,1809.55
23-Mar-18,1789.6
26-Mar-18,1830.15
27-Mar-18,1823.15
28-Mar-18,1825.6
2-Apr-18,1838.05
3-Apr-18,1825.7
4-Apr-18,1803.3
5-Apr-18,1824.45
6-Apr-18,1829
9-Apr-18,1836.7
10-Apr-18,1817.5
11-Apr-18,1812.4
12-Apr-18,1829.05
13-Apr-18,1840.6
16-Apr-18,1870.45
17-Apr-18,1889.7
18-Apr-18,1877.7
19-Apr-18,1858.65
20-Apr-18,1834.15
23-Apr-18,1830.85
24-Apr-18,1859.55
25-Apr-18,1849.5
26-Apr-18,1850.45
27-Apr-18,1853.75
30-Apr-18,1883.25
2-May-18,1910.6
3-May-18,1922.7
4-May-18,1910.35
7-May-18,1918.7
8-May-18,1903.35
9-May-18,1897.65
10-May-18,1894.3
11-May-18,1919.8
14-May-18,1930.6
15-May-18,1929.55
16-May-18,1914.55
17-May-18,1875.1
18-May-18,1853
21-May-18,1819.2
22-May-18,1810
23-May-18,1783.65
24-May-18,1806.1
25-May-18,1819.75
28-May-18,1829.55
29-May-18,1809.75
30-May-18,1790.8
31-May-18,1833
1-Jun-18,1844.25
4-Jun-18,1833.15
5-Jun-18,1848.4
6-Jun-18,1858.45
7-Jun-18,1869
8-Jun-18,1840.45
11-Jun-18,1839.45
12-Jun-18,1847.7
13-Jun-18,1832.3
14-Jun-18,1833.75
15-Jun-18,1832.25
18-Jun-18,1823.55
19-Jun-18,1828
20-Jun-18,1847
21-Jun-18,1858.9
22-Jun-18,1906.75
25-Jun-18,1893.8
26-Jun-18,1915.85
27-Jun-18,1904.85
28-Jun-18,1878
29-Jun-18,1908.1
2-Jul-18,1897.1
3-Jul-18,1879.7
4-Jul-18,1922.5
5-Jul-18,1931.05
6-Jul-18,1916.85
9-Jul-18,1904.9
10-Jul-18,1942.55
11-Jul-18,1928.1
12-Jul-18,1962.7
13-Jul-18,1972.5
16-Jul-18,1991.2
17-Jul-18,1989.3
18-Jul-18,2009.45
19-Jul-18,1988.4
20-Jul-18,1973.85
23-Jul-18,1966.85
24-Jul-18,1975.55
25-Jul-18,2000.85
26-Jul-18,2023.4
27-Jul-18,2047.25
30-Jul-18,2028.75
31-Jul-18,1994.85
1-Aug-18,1970.15
2-Aug-18,1931.95
3-Aug-18,1977.5
6-Aug-18,1979.3
7-Aug-18,1978.6
8-Aug-18,1984.6
9-Aug-18,1969.95
10-Aug-18,1974.3
13-Aug-18,1947
14-Aug-18,1941.5
16-Aug-18,1891.2
17-Aug-18,1885.65
20-Aug-18,1920.05
21-Aug-18,1913.35
23-Aug-18,1906.3
24-Aug-18,1919.05
27-Aug-18,1924.85
28-Aug-18,1955.15
29-Aug-18,1956.25
30-Aug-18,1934.15
31-Aug-18,1935.95
3-Sep-18,1944.8
4-Sep-18,1954.8
5-Sep-18,1937.4
6-Sep-18,1956.15
7-Sep-18,1920
10-Sep-18,1883.55
11-Sep-18,1868.05
12-Sep-18,1877.8
14-Sep-18,1925.45
17-Sep-18,1878.85
18-Sep-18,1855.7
19-Sep-18,1830.65
21-Sep-18,1839.4
24-Sep-18,1718.7
25-Sep-18,1773.35
26-Sep-18,1767.45
27-Sep-18,1729
28-Sep-18,1754.5
1-Oct-18,1806.35
3-Oct-18,1797.55
4-Oct-18,1778.45
5-Oct-18,1708.65
8-Oct-18,1667.7
9-Oct-18,1712.75
10-Oct-18,1736.95
11-Oct-18,1684.55
12-Oct-18,1730.3
15-Oct-18,1732.9
16-Oct-18,1756.25
17-Oct-18,1737.8
19-Oct-18,1660.25
22-Oct-18,1658.3
23-Oct-18,1686.75
24-Oct-18,1741.45
25-Oct-18,1694.45
26-Oct-18,1702.1
29-Oct-18,1698.4
30-Oct-18,1671.9
31-Oct-18,1769.25
1-Nov-18,1762
2-Nov-18,1824.4
5-Nov-18,1792.9
6-Nov-18,1805.9
7-Nov-18,1815.85
9-Nov-18,1816.1
12-Nov-18,1795.9
13-Nov-18,1824.7
14-Nov-18,1839.15
15-Nov-18,1853.6
16-Nov-18,1889
19-Nov-18,1899.35
20-Nov-18,1876.8
21-Nov-18,1868.15
22-Nov-18,1873.7
26-Nov-18,1884.65
27-Nov-18,1901.7
28-Nov-18,1928
29-Nov-18,1956.3
30-Nov-18,1989
3-Dec-18,1980.75
4-Dec-18,1939.45
5-Dec-18,1973.3
6-Dec-18,1945.8
7-Dec-18,1951.35
10-Dec-18,1906.5
11-Dec-18,1905.25
12-Dec-18,1940.2
13-Dec-18,1942.05
14-Dec-18,1904.1
17-Dec-18,1960.35
18-Dec-18,1952
19-Dec-18,1981.7
20-Dec-18,1974.7
21-Dec-18,1948.6
24-Dec-18,1902.15
26-Dec-18,1933.35
27-Dec-18,1948.85
28-Dec-18,1979.95
31-Dec-18,1968.35
1-Jan-19,2009
2-Jan-19,1980.65
3-Jan-19,1936.85
4-Jan-19,1972.6
7-Jan-19,1972.9
8-Jan-19,1958.95
9-Jan-19,1994.95
10-Jan-19,1980.1
11-Jan-19,1991.4
14-Jan-19,1969.2
15-Jan-19,1992.15
16-Jan-19,1975
17-Jan-19,2004.55
18-Jan-19,2006.85
21-Jan-19,2004.45
22-Jan-19,1979.4
23-Jan-19,1958.25
24-Jan-19,1971.1
25-Jan-19,1977.8
28-Jan-19,1946.9
29-Jan-19,1922.3
30-Jan-19,1885.8
31-Jan-19,1922.35
1-Feb-19,1961.25
4-Feb-19,1978.5
5-Feb-19,1981.4
6-Feb-19,1987.95
7-Feb-19,1969.65
8-Feb-19,1944.65
11-Feb-19,1948.2
12-Feb-19,1905.05
13-Feb-19,1930.5
14-Feb-19,1900.7
15-Feb-19,1874.9
18-Feb-19,1874.85
19-Feb-19,1853.45
20-Feb-19,1870.5
21-Feb-19,1891.45
22-Feb-19,1887.4
25-Feb-19,1894.5
26-Feb-19,1853.65
27-Feb-19,1841
28-Feb-19,1841.2
1-Mar-19,1859.45
5-Mar-19,1860
6-Mar-19,1885.2
7-Mar-19,1880.2
8-Mar-19,1884.05
11-Mar-19,1897.55
12-Mar-19,1930
13-Mar-19,1950.65
14-Mar-19,1956.95
15-Mar-19,1974.65
18-Mar-19,1962.4
19-Mar-19,1967.85
20-Mar-19,1987.55
22-Mar-19,1981.55
25-Mar-19,1945.65
26-Mar-19,1946.3
27-Mar-19,1919.9
28-Mar-19,1944.45
29-Mar-19,1968.25
1-Apr-19,1959.65
2-Apr-19,1995.95
3-Apr-19,2013.1
4-Apr-19,2042.05
5-Apr-19,2059.2
8-Apr-19,2054.9
9-Apr-19,2069.15
10-Apr-19,2029.25
11-Apr-19,2022.8
12-Apr-19,2024.95
15-Apr-19,2014.25
16-Apr-19,2026.7
18-Apr-19,2003.75
22-Apr-19,1953.9
23-Apr-19,1934.7
24-Apr-19,1980.4
25-Apr-19,1955.15
26-Apr-19,1977.4
30-Apr-19,1995.05
2-May-19,2017.4
3-May-19,2006.4
6-May-19,1965.45
7-May-19,1966.3
8-May-19,1930.75
9-May-19,1914.6
10-May-19,1931.7
13-May-19,1952.9
14-May-19,1965.2
15-May-19,1944.95
16-May-19,1942.1
17-May-19,1993.65
20-May-19,2122.5
21-May-19,2114.5
22-May-19,2138.8
23-May-19,2114.4
24-May-19,2123.4
27-May-19,2165.3
28-May-19,2147.85
29-May-19,2147.45
30-May-19,2184.4
31-May-19,2182.65
3-Jun-19,2230.45
4-Jun-19,2223.95
6-Jun-19,2183.45
7-Jun-19,2210.85
10-Jun-19,2194.05
11-Jun-19,2189.85
12-Jun-19,2181.95
13-Jun-19,2197.5
14-Jun-19,2185.85
17-Jun-19,2173
18-Jun-19,2153
19-Jun-19,2175.4
20-Jun-19,2199.25
21-Jun-19,2140.8
24-Jun-19,2148.9
25-Jun-19,2172.8
26-Jun-19,2168.1
27-Jun-19,2195.45
28-Jun-19,2192.1
1-Jul-19,2245.9
2-Jul-19,2281.25
3-Jul-19,2277.2
4-Jul-19,2280.25
5-Jul-19,2278.9
8-Jul-19,2259.95
9-Jul-19,2232.8
10-Jul-19,2227.75
11-Jul-19,2261.9
12-Jul-19,2257.8
15-Jul-19,2265.35
16-Jul-19,2277.55
17-Jul-19,2286.7
18-Jul-19,2345.15
19-Jul-19,2303.55
22-Jul-19,2186.9
23-Jul-19,2138.5
24-Jul-19,2184.25
25-Jul-19,2195.35
26-Jul-19,2165.75
29-Jul-19,2149
30-Jul-19,2127.25
31-Jul-19,2121.8
1-Aug-19,2086.8
2-Aug-19,2124.8
5-Aug-19,2152.35
6-Aug-19,2189.9
7-Aug-19,2175.2
8-Aug-19,2182.3
9-Aug-19,2211.65
13-Aug-19,2100.1
14-Aug-19,2117.7
16-Aug-19,2100
19-Aug-19,2114.05
20-Aug-19,2090.1
21-Aug-19,2066.9
22-Aug-19,2014.1
23-Aug-19,2043.75
26-Aug-19,2148.35
27-Aug-19,2174.3
28-Aug-19,2187.15
29-Aug-19,2128.45
30-Aug-19,2166.45
3-Sep-19,2089.9
4-Sep-19,2100.1
5-Sep-19,2044.15
6-Sep-19,2041.45
9-Sep-19,2064.25
11-Sep-19,2071.85
12-Sep-19,2082.75
13-Sep-19,2083.85
16-Sep-19,2046.75
17-Sep-19,1996.25
18-Sep-19,1988.3
19-Sep-19,1974.6
20-Sep-19,2049.3
23-Sep-19,2162
24-Sep-19,2130
25-Sep-19,2069.95
26-Sep-19,2063.2
27-Sep-19,2035.9
30-Sep-19,1977.05
1-Oct-19,1995.65
3-Oct-19,1974.55
4-Oct-19,1978.3
7-Oct-19,1969.3
9-Oct-19,2002
10-Oct-19,1987.95
11-Oct-19,2010.15
14-Oct-19,2014.75
15-Oct-19,2013.3
16-Oct-19,2048.7
17-Oct-19,2089.75
18-Oct-19,2094.45
22-Oct-19,2114.9
23-Oct-19,2142.95
24-Oct-19,2144.95
25-Oct-19,2101.55
27-Oct-19,2105.35
29-Oct-19,2113.05
30-Oct-19,2107.45
31-Oct-19,2131.9
1-Nov-19,2128.6
4-Nov-19,2181.3
5-Nov-19,2181.3
6-Nov-19,2220.6
7-Nov-19,2251
8-Nov-19,2233.2
11-Nov-19,2234.55
13-Nov-19,2207.45
14-Nov-19,2231
