14-Oct-04,112.52
15-Oct-04,110.8
18-Oct-04,109.21
19-Oct-04,109.62
20-Oct-04,109.06
21-Oct-04,110.36
25-Oct-04,112.88
26-Oct-04,115.4
27-Oct-04,115.82
28-Oct-04,120.84
29-Oct-04,118.21
1-Nov-04,120.67
2-Nov-04,118.48
3-Nov-04,121.6
4-Nov-04,123.26
5-Nov-04,122.57
8-Nov-04,125.12
9-Nov-04,126.3
10-Nov-04,126.57
11-Nov-04,125.08
12-Nov-04,125.71
16-Nov-04,127.06
17-Nov-04,128.79
18-Nov-04,127.91
19-Nov-04,127.61
22-Nov-04,125.76
23-Nov-04,125.94
24-Nov-04,125.5
25-Nov-04,125.85
29-Nov-04,129.65
30-Nov-04,133.27
1-Dec-04,130.74
2-Dec-04,128.97
3-Dec-04,127.2
6-Dec-04,125.89
7-Dec-04,126.49
8-Dec-04,125.97
9-Dec-04,126.64
10-Dec-04,126.09
13-Dec-04,126.35
14-Dec-04,127.2
15-Dec-04,130.26
16-Dec-04,131.48
17-Dec-04,129.54
20-Dec-04,131.08
21-Dec-04,131.16
22-Dec-04,129.07
23-Dec-04,128.12
24-Dec-04,128.06
27-Dec-04,127.63
28-Dec-04,127.85
29-Dec-04,128.56
30-Dec-04,127.01
31-Dec-04,129.71
3-Jan-05,131.43
4-Jan-05,129.6
5-Jan-05,127.28
6-Jan-05,126.73
7-Jan-05,127.17
10-Jan-05,123.7
11-Jan-05,122.26
12-Jan-05,118.21
13-Jan-05,122.06
14-Jan-05,122.41
17-Jan-05,123.88
18-Jan-05,121.87
19-Jan-05,121.47
20-Jan-05,121.83
24-Jan-05,118.16
25-Jan-05,118.62
27-Jan-05,121.05
28-Jan-05,126.35
31-Jan-05,128.28
1-Feb-05,127.85
2-Feb-05,128.47
3-Feb-05,130.3
4-Feb-05,129.32
7-Feb-05,125.88
8-Feb-05,126.72
9-Feb-05,126.81
10-Feb-05,126.77
11-Feb-05,130.44
14-Feb-05,134.54
15-Feb-05,135.3
16-Feb-05,135.41
17-Feb-05,134.81
18-Feb-05,134.23
21-Feb-05,132.94
22-Feb-05,134
23-Feb-05,132.74
24-Feb-05,134.21
25-Feb-05,135.15
28-Feb-05,138.91
1-Mar-05,135.26
2-Mar-05,135.62
3-Mar-05,137.32
4-Mar-05,138.54
7-Mar-05,139.65
8-Mar-05,140.4
9-Mar-05,139.64
10-Mar-05,138.41
11-Mar-05,137.33
14-Mar-05,138.04
15-Mar-05,137.09
16-Mar-05,135.99
17-Mar-05,135.25
18-Mar-05,136.42
21-Mar-05,138.69
22-Mar-05,137.89
23-Mar-05,134.09
24-Mar-05,133.89
28-Mar-05,135.55
29-Mar-05,134.35
30-Mar-05,134.58
31-Mar-05,139.97
1-Apr-05,138.64
4-Apr-05,138.2
5-Apr-05,137.75
6-Apr-05,138.67
7-Apr-05,135.7
8-Apr-05,131.95
11-Apr-05,128.84
12-Apr-05,131.31
13-Apr-05,130.31
15-Apr-05,121.36
18-Apr-05,118.68
19-Apr-05,118.6
20-Apr-05,120.79
21-Apr-05,120.6
22-Apr-05,123.97
25-Apr-05,123.3
26-Apr-05,121.45
27-Apr-05,118.7
28-Apr-05,118.17
29-Apr-05,117
2-May-05,118.76
3-May-05,117.91
4-May-05,120.15
5-May-05,123.72
6-May-05,125.36
9-May-05,130.01
10-May-05,127.69
11-May-05,128.11
12-May-05,127.81
13-May-05,126.06
16-May-05,128.85
17-May-05,127.99
18-May-05,126.64
19-May-05,130.02
20-May-05,132.73
23-May-05,132.36
24-May-05,133.66
25-May-05,134.64
26-May-05,136.74
27-May-05,138.43
30-May-05,138.16
31-May-05,139.55
1-Jun-05,137.79
2-Jun-05,136.51
3-Jun-05,139.88
4-Jun-05,138.99
6-Jun-05,137.44
7-Jun-05,138.46
8-Jun-05,142.39
9-Jun-05,138.7
10-Jun-05,137.18
13-Jun-05,137.91
14-Jun-05,138.6
15-Jun-05,139.93
16-Jun-05,141.41
17-Jun-05,141.88
20-Jun-05,147.03
21-Jun-05,148.42
22-Jun-05,148.14
23-Jun-05,145.37
24-Jun-05,143.43
27-Jun-05,145
28-Jun-05,142.17
29-Jun-05,144.15
30-Jun-05,146.23
1-Jul-05,145.79
4-Jul-05,148.46
5-Jul-05,144.5
6-Jul-05,145.45
7-Jul-05,143.86
8-Jul-05,144.79
11-Jul-05,143.6
12-Jul-05,137.74
13-Jul-05,136.76
14-Jul-05,132.44
15-Jul-05,136.17
18-Jul-05,140.89
19-Jul-05,139.92
20-Jul-05,138.49
21-Jul-05,136.98
22-Jul-05,138.82
25-Jul-05,138.21
26-Jul-05,138.06
27-Jul-05,138.32
29-Jul-05,140.67
1-Aug-05,140.42
2-Aug-05,142.57
3-Aug-05,146.1
4-Aug-05,143.46
5-Aug-05,142.1
8-Aug-05,140.8
9-Aug-05,140.4
10-Aug-05,143.55
11-Aug-05,142.21
12-Aug-05,140.23
16-Aug-05,139.52
17-Aug-05,143.73
18-Aug-05,142.54
19-Aug-05,142.71
22-Aug-05,143.55
23-Aug-05,141.7
24-Aug-05,140.4
25-Aug-05,140.87
26-Aug-05,140.72
29-Aug-05,142.7
30-Aug-05,145.53
31-Aug-05,147.34
1-Sep-05,150.41
2-Sep-05,147.94
5-Sep-05,146.02
6-Sep-05,146.59
8-Sep-05,150.21
9-Sep-05,149.89
12-Sep-05,150.25
13-Sep-05,151.69
14-Sep-05,151.66
15-Sep-05,151.96
16-Sep-05,151.73
19-Sep-05,151.94
20-Sep-05,155.25
21-Sep-05,152.66
22-Sep-05,149.6
23-Sep-05,148.73
26-Sep-05,154.18
27-Sep-05,153.65
28-Sep-05,153.21
29-Sep-05,156.65
30-Sep-05,155.97
3-Oct-05,158.31
4-Oct-05,162.95
5-Oct-05,163.7
6-Oct-05,161.79
7-Oct-05,159.52
10-Oct-05,162.61
11-Oct-05,166.37
13-Oct-05,162.63
14-Oct-05,161.32
17-Oct-05,160.71
18-Oct-05,156.92
19-Oct-05,155.25
20-Oct-05,157.42
21-Oct-05,158.32
24-Oct-05,155.73
25-Oct-05,156.35
26-Oct-05,155.65
27-Oct-05,152.93
28-Oct-05,149.78
31-Oct-05,156.39
1-Nov-05,157.4
2-Nov-05,160.39
7-Nov-05,163.6
8-Nov-05,163.94
9-Nov-05,161.79
10-Nov-05,164.57
11-Nov-05,166.25
14-Nov-05,164.49
16-Nov-05,169.95
17-Nov-05,167.86
18-Nov-05,168.32
21-Nov-05,166
22-Nov-05,165.97
23-Nov-05,166.38
24-Nov-05,167.49
25-Nov-05,169.94
26-Nov-05,170.21
28-Nov-05,171.05
29-Nov-05,169.66
30-Nov-05,166.46
1-Dec-05,171.64
2-Dec-05,176.18
5-Dec-05,172.85
6-Dec-05,173.25
7-Dec-05,173.74
8-Dec-05,174.95
9-Dec-05,178.19
12-Dec-05,181.44
13-Dec-05,182.74
14-Dec-05,178.93
15-Dec-05,180.92
16-Dec-05,184.93
19-Dec-05,187.5
20-Dec-05,184.18
21-Dec-05,184.43
22-Dec-05,184.96
23-Dec-05,184.86
26-Dec-05,182.98
27-Dec-05,185.68
28-Dec-05,185.33
29-Dec-05,185.25
30-Dec-05,185.83
2-Jan-06,184.75
3-Jan-06,186.46
4-Jan-06,189.46
5-Jan-06,189.43
6-Jan-06,189.33
9-Jan-06,188.25
10-Jan-06,184.49
12-Jan-06,175.97
13-Jan-06,176.39
16-Jan-06,172.4
17-Jan-06,171.28
18-Jan-06,169.9
19-Jan-06,174.92
20-Jan-06,174.47
23-Jan-06,170.2
24-Jan-06,174.99
25-Jan-06,175.35
27-Jan-06,180.01
30-Jan-06,177.52
31-Jan-06,178.61
1-Feb-06,178.34
2-Feb-06,175.37
3-Feb-06,172.81
6-Feb-06,176.26
7-Feb-06,178.13
8-Feb-06,179.99
10-Feb-06,177.62
13-Feb-06,177.48
14-Feb-06,174.99
15-Feb-06,172.15
16-Feb-06,172.46
17-Feb-06,172.73
20-Feb-06,175.39
21-Feb-06,174.72
22-Feb-06,173.66
23-Feb-06,173.29
24-Feb-06,170.99
27-Feb-06,176.76
28-Feb-06,175.42
1-Mar-06,180.15
2-Mar-06,176.99
3-Mar-06,175.14
6-Mar-06,177.04
7-Mar-06,174.84
8-Mar-06,173.7
9-Mar-06,176.29
10-Mar-06,180.67
13-Mar-06,182.01
14-Mar-06,181.84
16-Mar-06,181.18
17-Mar-06,178.46
20-Mar-06,183.98
21-Mar-06,183.53
22-Mar-06,181.07
23-Mar-06,179.24
24-Mar-06,179.6
27-Mar-06,178.54
28-Mar-06,183.55
29-Mar-06,188.3
30-Mar-06,188.7
31-Mar-06,184.88
3-Apr-06,194.84
4-Apr-06,195.5
5-Apr-06,193.14
7-Apr-06,196.38
10-Apr-06,197.77
12-Apr-06,190.72
13-Apr-06,187.2
17-Apr-06,200.29
18-Apr-06,206.86
19-Apr-06,203.32
20-Apr-06,203.18
21-Apr-06,204.74
24-Apr-06,198.73
25-Apr-06,194.83
26-Apr-06,199.98
27-Apr-06,194.26
28-Apr-06,194.69
29-Apr-06,197.03
2-May-06,196.21
3-May-06,196.66
4-May-06,199.13
5-May-06,199.18
8-May-06,200.18
9-May-06,200.73
10-May-06,201.92
11-May-06,201.91
12-May-06,201.05
15-May-06,195.4
16-May-06,195.33
17-May-06,198.94
18-May-06,188.13
19-May-06,184.44
22-May-06,175.1
23-May-06,180.49
24-May-06,177.41
25-May-06,175.4
26-May-06,181.95
29-May-06,184.03
30-May-06,187.67
31-May-06,180.44
1-Jun-06,175.48
2-Jun-06,178.96
5-Jun-06,175.13
6-Jun-06,171.48
7-Jun-06,171.35
8-Jun-06,167.66
9-Jun-06,173.3
12-Jun-06,171.35
13-Jun-06,163.65
14-Jun-06,154.11
15-Jun-06,169.1
16-Jun-06,173.7
19-Jun-06,178.04
20-Jun-06,176.36
21-Jun-06,181.27
22-Jun-06,183.04
23-Jun-06,185.51
25-Jun-06,185.39
26-Jun-06,179.84
27-Jun-06,184.01
28-Jun-06,184.45
29-Jun-06,185.64
30-Jun-06,190.92
3-Jul-06,195.6
4-Jul-06,195.31
5-Jul-06,198.07
6-Jul-06,196.19
7-Jul-06,192.54
10-Jul-06,197.69
11-Jul-06,195.22
12-Jul-06,209.94
13-Jul-06,208.59
14-Jul-06,204.48
17-Jul-06,199.08
18-Jul-06,202.1
19-Jul-06,199
20-Jul-06,204.37
21-Jul-06,198.69
24-Jul-06,199.83
25-Jul-06,199.76
26-Jul-06,204.19
27-Jul-06,205.67
28-Jul-06,202.18
31-Jul-06,205.32
1-Aug-06,205.62
2-Aug-06,206.7
3-Aug-06,207.48
4-Aug-06,208.43
7-Aug-06,207.56
8-Aug-06,208.88
9-Aug-06,211.09
10-Aug-06,211.9
11-Aug-06,216.07
14-Aug-06,217.72
16-Aug-06,217.32
17-Aug-06,217.98
18-Aug-06,218.52
21-Aug-06,223
22-Aug-06,220.9
23-Aug-06,219.25
24-Aug-06,219.13
25-Aug-06,219.11
28-Aug-06,219.86
29-Aug-06,223.95
30-Aug-06,223.38
31-Aug-06,224.03
1-Sep-06,224.54
4-Sep-06,229.15
5-Sep-06,227.57
6-Sep-06,227.56
7-Sep-06,224.09
8-Sep-06,221.92
11-Sep-06,214.99
12-Sep-06,219.71
13-Sep-06,224.41
14-Sep-06,227.12
15-Sep-06,224.56
18-Sep-06,225.39
19-Sep-06,225.27
20-Sep-06,227.01
21-Sep-06,227.96
22-Sep-06,226.96
25-Sep-06,225.29
26-Sep-06,228.18
27-Sep-06,227.91
28-Sep-06,230.45
29-Sep-06,229.39
3-Oct-06,225.49
4-Oct-06,223.23
5-Oct-06,231.32
6-Oct-06,232.36
9-Oct-06,235.16
10-Oct-06,236.41
11-Oct-06,245.56
12-Oct-06,250.53
13-Oct-06,259.08
16-Oct-06,260.48
17-Oct-06,256.81
18-Oct-06,257.13
19-Oct-06,256.53
20-Oct-06,255.99
21-Oct-06,257.19
23-Oct-06,253.19
26-Oct-06,257.14
27-Oct-06,259.52
30-Oct-06,263.88
31-Oct-06,259.88
1-Nov-06,260.87
2-Nov-06,258.55
3-Nov-06,257.33
6-Nov-06,256.72
7-Nov-06,260.73
8-Nov-06,263.65
9-Nov-06,265.05
10-Nov-06,265.38
13-Nov-06,267.9
14-Nov-06,274.15
15-Nov-06,275.65
16-Nov-06,272.84
17-Nov-06,271.16
20-Nov-06,279.52
21-Nov-06,279.85
22-Nov-06,276.01
23-Nov-06,277.44
24-Nov-06,277.25
27-Nov-06,275.05
28-Nov-06,268.49
29-Nov-06,267.47
30-Nov-06,270.33
1-Dec-06,272.23
4-Dec-06,273.74
5-Dec-06,277.69
6-Dec-06,278.91
7-Dec-06,275.79
8-Dec-06,272.29
11-Dec-06,272.2
12-Dec-06,268.41
13-Dec-06,266.6
14-Dec-06,272.36
15-Dec-06,277
18-Dec-06,275.88
19-Dec-06,267.58
20-Dec-06,269.21
21-Dec-06,268.34
22-Dec-06,269.59
26-Dec-06,275.26
27-Dec-06,279.37
28-Dec-06,278.82
29-Dec-06,278.03
2-Jan-07,281.85
3-Jan-07,286.65
4-Jan-07,283.42
5-Jan-07,282.15
8-Jan-07,273.54
9-Jan-07,271.62
10-Jan-07,268.43
11-Jan-07,270.73
12-Jan-07,275.74
15-Jan-07,278.17
16-Jan-07,275.6
17-Jan-07,273.52
18-Jan-07,275.84
19-Jan-07,273.13
22-Jan-07,279.54
23-Jan-07,277.2
24-Jan-07,277.07
25-Jan-07,277.93
29-Jan-07,278.35
31-Jan-07,278.71
1-Feb-07,281.39
2-Feb-07,280.97
5-Feb-07,281.44
6-Feb-07,281.89
7-Feb-07,292.32
8-Feb-07,294.39
9-Feb-07,292.84
12-Feb-07,291.6
13-Feb-07,285.77
14-Feb-07,283.34
15-Feb-07,295.53
19-Feb-07,294.68
20-Feb-07,292.68
21-Feb-07,286.6
22-Feb-07,283.69
23-Feb-07,277.52
26-Feb-07,275.09
27-Feb-07,271.23
28-Feb-07,257.66
1-Mar-07,267.78
2-Mar-07,259.63
5-Mar-07,248.93
6-Mar-07,262.23
7-Mar-07,258.62
8-Mar-07,264.87
9-Mar-07,263.04
12-Mar-07,262.34
13-Mar-07,261.07
14-Mar-07,250.52
15-Mar-07,257.89
16-Mar-07,253.92
19-Mar-07,258.86
20-Mar-07,254.97
21-Mar-07,259.69
22-Mar-07,262.8
23-Mar-07,259.52
26-Mar-07,255.25
28-Mar-07,247.05
29-Mar-07,246.89
30-Mar-07,250.35
2-Apr-07,238.48
3-Apr-07,243.65
4-Apr-07,247.33
5-Apr-07,247.08
9-Apr-07,253.94
10-Apr-07,247.9
11-Apr-07,247.57
12-Apr-07,253.73
13-Apr-07,258.82
16-Apr-07,264
17-Apr-07,258.3
18-Apr-07,257.5
19-Apr-07,252.99
20-Apr-07,254.87
23-Apr-07,256.63
24-Apr-07,255.22
25-Apr-07,250.33
26-Apr-07,250.38
27-Apr-07,248.68
30-Apr-07,254.35
3-May-07,258.17
4-May-07,256.96
7-May-07,253.23
8-May-07,248.32
9-May-07,245.63
10-May-07,244.84
11-May-07,248.11
14-May-07,248.27
15-May-07,244.75
16-May-07,242.05
17-May-07,245.99
18-May-07,245.79
21-May-07,243.13
22-May-07,241.43
23-May-07,238.83
24-May-07,240.23
25-May-07,246.24
28-May-07,244.51
29-May-07,242.3
30-May-07,236.4
31-May-07,238.55
1-Jun-07,240.42
4-Jun-07,237.66
5-Jun-07,240.99
6-Jun-07,240.39
7-Jun-07,242.72
8-Jun-07,241.94
11-Jun-07,245.53
12-Jun-07,246.74
13-Jun-07,246.64
14-Jun-07,250.42
15-Jun-07,249.2
18-Jun-07,246.73
19-Jun-07,242.66
20-Jun-07,242.36
21-Jun-07,242.89
22-Jun-07,241.94
25-Jun-07,240.18
26-Jun-07,238.38
27-Jun-07,240.02
28-Jun-07,238.74
29-Jun-07,239.24
2-Jul-07,241.08
3-Jul-07,241.52
4-Jul-07,239.49
5-Jul-07,237.72
6-Jul-07,244.54
9-Jul-07,247.26
10-Jul-07,250.58
11-Jul-07,239.31
12-Jul-07,238.39
13-Jul-07,240.57
16-Jul-07,240.08
17-Jul-07,240.42
18-Jul-07,241.16
19-Jul-07,247.6
20-Jul-07,246.33
23-Jul-07,241.57
24-Jul-07,244.95
25-Jul-07,246.66
26-Jul-07,252.3
27-Jul-07,249.01
30-Jul-07,246.35
31-Jul-07,245.04
1-Aug-07,239.3
2-Aug-07,235.54
3-Aug-07,237.7
6-Aug-07,231.33
7-Aug-07,232.96
8-Aug-07,243.98
9-Aug-07,239.88
10-Aug-07,243.07
13-Aug-07,241.83
14-Aug-07,242.51
16-Aug-07,237.26
17-Aug-07,230
20-Aug-07,226.86
21-Aug-07,218.44
22-Aug-07,221.83
23-Aug-07,224.67
24-Aug-07,226.41
27-Aug-07,229.15
28-Aug-07,233.19
29-Aug-07,227.85
30-Aug-07,231.32
31-Aug-07,230
3-Sep-07,230.76
4-Sep-07,234.36
5-Sep-07,235.02
6-Sep-07,236.11
7-Sep-07,236.69
10-Sep-07,232.1
11-Sep-07,226.06
12-Sep-07,225.94
13-Sep-07,227.48
14-Sep-07,227.84
17-Sep-07,223.83
18-Sep-07,223.8
19-Sep-07,229.63
20-Sep-07,223.28
21-Sep-07,226.45
24-Sep-07,218.65
25-Sep-07,219.68
26-Sep-07,226.35
27-Sep-07,237.6
28-Sep-07,234.74
1-Oct-07,236.3
3-Oct-07,248.23
4-Oct-07,247.9
5-Oct-07,245.92
8-Oct-07,248.49
9-Oct-07,253.92
10-Oct-07,263.55
11-Oct-07,245.17
12-Oct-07,239.32
15-Oct-07,239.08
16-Oct-07,231.46
17-Oct-07,234.43
18-Oct-07,234.4
19-Oct-07,236.83
22-Oct-07,233.99
23-Oct-07,233.58
24-Oct-07,228.75
25-Oct-07,227.83
26-Oct-07,229.22
29-Oct-07,230.75
30-Oct-07,229.96
31-Oct-07,227.88
1-Nov-07,232.41
2-Nov-07,237.76
5-Nov-07,229.93
6-Nov-07,229.65
7-Nov-07,216.53
8-Nov-07,212.86
9-Nov-07,210.98
12-Nov-07,203.62
13-Nov-07,201.8
14-Nov-07,211.82
15-Nov-07,204.3
16-Nov-07,201.53
19-Nov-07,200.91
20-Nov-07,194.18
21-Nov-07,191.87
22-Nov-07,189.95
23-Nov-07,193.16
26-Nov-07,195.45
27-Nov-07,195.16
28-Nov-07,194.62
29-Nov-07,194.37
30-Nov-07,198.74
3-Dec-07,198.47
4-Dec-07,200.33
5-Dec-07,198.87
6-Dec-07,202.82
7-Dec-07,213.6
10-Dec-07,216.87
11-Dec-07,216.33
12-Dec-07,209.07
13-Dec-07,205.87
14-Dec-07,204.17
17-Dec-07,201.45
18-Dec-07,200.66
19-Dec-07,203.32
20-Dec-07,210.28
24-Dec-07,224.49
26-Dec-07,225.44
27-Dec-07,223.53
28-Dec-07,222.77
31-Dec-07,219.5
1-Jan-08,216.64
2-Jan-08,216.82
3-Jan-08,211.96
4-Jan-08,210.2
7-Jan-08,203
8-Jan-08,206.15
9-Jan-08,205
10-Jan-08,198.75
11-Jan-08,196.17
14-Jan-08,189.69
15-Jan-08,186.29
16-Jan-08,185.45
17-Jan-08,184.84
18-Jan-08,182.11
21-Jan-08,172.52
22-Jan-08,171.26
23-Jan-08,176.36
24-Jan-08,176.42
25-Jan-08,188.49
28-Jan-08,179.38
29-Jan-08,185.11
30-Jan-08,185.19
31-Jan-08,185.91
1-Feb-08,197.76
4-Feb-08,203.4
5-Feb-08,199.58
6-Feb-08,187.26
7-Feb-08,183.84
8-Feb-08,192.52
11-Feb-08,193.22
12-Feb-08,191.64
13-Feb-08,191.66
14-Feb-08,191.83
15-Feb-08,194.14
18-Feb-08,192.87
19-Feb-08,193.04
20-Feb-08,194.57
21-Feb-08,201.85
22-Feb-08,196.03
25-Feb-08,200.31
26-Feb-08,206.23
27-Feb-08,200.78
28-Feb-08,198.35
29-Feb-08,192.01
3-Mar-08,182.05
4-Mar-08,175.99
5-Mar-08,183.4
7-Mar-08,177.42
10-Mar-08,177.48
11-Mar-08,176.9
12-Mar-08,171.79
13-Mar-08,165.9
14-Mar-08,169.93
17-Mar-08,165.91
18-Mar-08,163.04
19-Mar-08,166.65
24-Mar-08,168.72
25-Mar-08,185.07
26-Mar-08,185.97
27-Mar-08,178.81
28-Mar-08,188.66
31-Mar-08,178.58
1-Apr-08,176.49
2-Apr-08,183.9
3-Apr-08,188.82
4-Apr-08,184.22
7-Apr-08,185.04
8-Apr-08,181.93
9-Apr-08,183.54
10-Apr-08,180.15
11-Apr-08,176.34
15-Apr-08,187.32
16-Apr-08,198.46
17-Apr-08,205.76
21-Apr-08,204.11
22-Apr-08,198.26
23-Apr-08,204.38
24-Apr-08,210.34
25-Apr-08,208.89
28-Apr-08,206.33
29-Apr-08,216.98
30-Apr-08,217.42
2-May-08,221.68
5-May-08,221.49
6-May-08,224.16
7-May-08,228.71
8-May-08,221.33
9-May-08,216.95
12-May-08,219.94
13-May-08,216.88
14-May-08,226.32
15-May-08,234.78
16-May-08,232.09
20-May-08,234.11
21-May-08,232
22-May-08,231.13
23-May-08,226.8
26-May-08,233.78
27-May-08,233.54
28-May-08,237.08
29-May-08,233.83
30-May-08,243.43
2-Jun-08,241.94
3-Jun-08,238.4
4-Jun-08,232
5-Jun-08,245.5
6-Jun-08,247.24
9-Jun-08,235.82
10-Jun-08,229.94
11-Jun-08,234.75
12-Jun-08,232.52
13-Jun-08,231.5
16-Jun-08,236.6
17-Jun-08,237.07
18-Jun-08,230.98
19-Jun-08,230.97
20-Jun-08,226.58
23-Jun-08,228.92
24-Jun-08,222.55
25-Jun-08,216.63
26-Jun-08,221.39
27-Jun-08,211.51
30-Jun-08,215.4
1-Jul-08,212.94
2-Jul-08,225.79
3-Jul-08,216.17
4-Jul-08,217.75
7-Jul-08,223.21
8-Jul-08,215.37
9-Jul-08,225.95
10-Jul-08,223.89
11-Jul-08,207.96
14-Jul-08,192.92
15-Jul-08,191.57
16-Jul-08,191.93
17-Jul-08,196.24
18-Jul-08,191.91
21-Jul-08,193.63
22-Jul-08,195.74
23-Jul-08,198.71
24-Jul-08,194.38
25-Jul-08,192.31
28-Jul-08,190.92
29-Jul-08,191.08
30-Jul-08,198.69
31-Jul-08,196.38
1-Aug-08,203.32
4-Aug-08,205.73
5-Aug-08,208.17
6-Aug-08,210.75
7-Aug-08,214.08
8-Aug-08,208.3
11-Aug-08,207.16
12-Aug-08,198.91
13-Aug-08,201.65
14-Aug-08,210.03
18-Aug-08,211.37
19-Aug-08,209.93
20-Aug-08,210.75
21-Aug-08,206.05
22-Aug-08,210.4
25-Aug-08,211.63
26-Aug-08,210.59
27-Aug-08,211.85
28-Aug-08,210.76
29-Aug-08,216.92
1-Sep-08,213.72
2-Sep-08,220.17
4-Sep-08,221.87
5-Sep-08,212.36
8-Sep-08,217.04
9-Sep-08,216.97
10-Sep-08,218.24
11-Sep-08,217.11
12-Sep-08,203.89
15-Sep-08,195.72
16-Sep-08,194.26
17-Sep-08,195.83
18-Sep-08,189.18
19-Sep-08,201.53
22-Sep-08,202.14
23-Sep-08,191.48
24-Sep-08,189.04
25-Sep-08,186.88
26-Sep-08,179.44
29-Sep-08,172.8
30-Sep-08,173.39
1-Oct-08,179.74
3-Oct-08,172.62
6-Oct-08,163.54
7-Oct-08,161.45
8-Oct-08,155.55
10-Oct-08,151.95
13-Oct-08,163.53
14-Oct-08,173.37
15-Oct-08,165.62
16-Oct-08,156.64
17-Oct-08,149.16
20-Oct-08,160.55
21-Oct-08,167.13
22-Oct-08,161.17
23-Oct-08,159.15
24-Oct-08,154.54
27-Oct-08,155.25
28-Oct-08,158.66
29-Oct-08,161.76
31-Oct-08,172.26
3-Nov-08,170.97
4-Nov-08,165.18
5-Nov-08,163.95
6-Nov-08,154.49
7-Nov-08,156.61
10-Nov-08,166
11-Nov-08,155.86
12-Nov-08,156.2
14-Nov-08,150.46
17-Nov-08,152.84
18-Nov-08,146.41
19-Nov-08,145.44
20-Nov-08,139.13
21-Nov-08,146.92
24-Nov-08,148.35
25-Nov-08,146.58
26-Nov-08,147.22
28-Nov-08,154.26
1-Dec-08,152.69
2-Dec-08,149.86
3-Dec-08,143.43
4-Dec-08,147.88
5-Dec-08,140.7
8-Dec-08,143.58
10-Dec-08,145.57
11-Dec-08,140.75
12-Dec-08,137.02
15-Dec-08,136.71
16-Dec-08,139.5
17-Dec-08,141.57
18-Dec-08,145.98
19-Dec-08,147.74
22-Dec-08,147.19
23-Dec-08,145.85
24-Dec-08,145.6
26-Dec-08,137.57
29-Dec-08,138.13
30-Dec-08,139.88
31-Dec-08,138.34
1-Jan-09,142.39
2-Jan-09,140.4
5-Jan-09,145.45
6-Jan-09,144.92
7-Jan-09,147.28
9-Jan-09,149.25
12-Jan-09,143.83
13-Jan-09,152.31
14-Jan-09,161.67
15-Jan-09,155.24
16-Jan-09,157.18
19-Jan-09,156.52
20-Jan-09,155.24
21-Jan-09,151.78
22-Jan-09,152.66
23-Jan-09,149.4
27-Jan-09,155.28
28-Jan-09,159.58
29-Jan-09,162.48
30-Jan-09,162.05
2-Feb-09,158.7
3-Feb-09,159.06
4-Feb-09,158.95
5-Feb-09,155.75
6-Feb-09,159.85
9-Feb-09,162.73
10-Feb-09,162.27
11-Feb-09,161.46
12-Feb-09,155.59
13-Feb-09,155.23
16-Feb-09,151.48
17-Feb-09,145.59
18-Feb-09,146.19
19-Feb-09,149.92
20-Feb-09,145.99
24-Feb-09,147.03
25-Feb-09,150.99
26-Feb-09,153.29
27-Feb-09,152.7
2-Mar-09,151.19
3-Mar-09,148.53
4-Mar-09,148.72
5-Mar-09,146.58
6-Mar-09,151.22
9-Mar-09,149.08
12-Mar-09,152.27
13-Mar-09,160.86
16-Mar-09,159.71
17-Mar-09,156.95
18-Mar-09,158.5
19-Mar-09,160.88
20-Mar-09,160.75
23-Mar-09,165.11
24-Mar-09,163.8
25-Mar-09,166.06
26-Mar-09,171.04
27-Mar-09,166.79
30-Mar-09,161.39
31-Mar-09,164.19
1-Apr-09,170.37
2-Apr-09,176.03
6-Apr-09,175.37
8-Apr-09,176.75
9-Apr-09,176.98
13-Apr-09,174.78
15-Apr-09,169.98
16-Apr-09,166.83
17-Apr-09,173.29
20-Apr-09,172.81
21-Apr-09,168.97
22-Apr-09,171.28
23-Apr-09,179.88
24-Apr-09,179.65
27-Apr-09,178.08
28-Apr-09,177.44
29-Apr-09,187.18
4-May-09,201.93
5-May-09,196.21
6-May-09,195.11
7-May-09,192.57
8-May-09,188.6
11-May-09,188.22
12-May-09,198.24
13-May-09,195.2
14-May-09,194.36
15-May-09,197.54
18-May-09,223.25
19-May-09,193.34
20-May-09,189.86
21-May-09,186.33
22-May-09,188.79
25-May-09,187.4
26-May-09,191.94
27-May-09,196.96
28-May-09,195.83
29-May-09,199.06
1-Jun-09,207.92
2-Jun-09,209.43
3-Jun-09,203.58
4-Jun-09,202.14
5-Jun-09,210.7
8-Jun-09,216.05
9-Jun-09,222.59
10-Jun-09,224.33
11-Jun-09,217.15
12-Jun-09,214.36
15-Jun-09,212.71
16-Jun-09,213.89
17-Jun-09,212.25
18-Jun-09,214.03
19-Jun-09,219.56
22-Jun-09,219.07
23-Jun-09,216.71
24-Jun-09,217.97
25-Jun-09,218.16
26-Jun-09,226.6
29-Jun-09,221.12
30-Jun-09,220.32
1-Jul-09,222.64
2-Jul-09,222.82
3-Jul-09,223.87
6-Jul-09,218.42
7-Jul-09,215.53
8-Jul-09,211.63
9-Jul-09,208.05
10-Jul-09,213.46
13-Jul-09,219.53
14-Jul-09,224.7
15-Jul-09,222.2
16-Jul-09,222.63
17-Jul-09,231.46
20-Jul-09,244.49
21-Jul-09,240.99
22-Jul-09,238.09
23-Jul-09,242.92
24-Jul-09,248.49
27-Jul-09,251.5
28-Jul-09,247.67
29-Jul-09,246.14
30-Jul-09,249.77
31-Jul-09,256.02
3-Aug-09,257.52
4-Aug-09,253.46
5-Aug-09,260.27
6-Aug-09,255.28
7-Aug-09,252.96
10-Aug-09,258.92
11-Aug-09,258.54
12-Aug-09,253.35
13-Aug-09,255.95
14-Aug-09,253.29
17-Aug-09,245.87
18-Aug-09,244.73
19-Aug-09,242.02
20-Aug-09,246.85
21-Aug-09,252.14
24-Aug-09,257.45
25-Aug-09,259.82
26-Aug-09,270.32
27-Aug-09,271.83
28-Aug-09,271.68
31-Aug-09,264.3
1-Sep-09,266.01
2-Sep-09,268.48
3-Sep-09,271.26
4-Sep-09,272.97
7-Sep-09,275.84
8-Sep-09,273.31
9-Sep-09,271.57
10-Sep-09,277.84
11-Sep-09,281.2
14-Sep-09,279.06
15-Sep-09,281.59
16-Sep-09,287.73
17-Sep-09,292.92
18-Sep-09,293.21
22-Sep-09,298.91
23-Sep-09,293.55
24-Sep-09,283.32
25-Sep-09,277.87
29-Sep-09,284.67
30-Sep-09,286.04
1-Oct-09,289.8
5-Oct-09,288.11
6-Oct-09,286.78
7-Oct-09,279.38
8-Oct-09,274.18
9-Oct-09,270.06
12-Oct-09,277.73
14-Oct-09,279.77
15-Oct-09,275
16-Oct-09,271.6
17-Oct-09,272.02
20-Oct-09,271.4
21-Oct-09,274.9
22-Oct-09,274.47
23-Oct-09,280.28
26-Oct-09,282.01
27-Oct-09,278.13
28-Oct-09,279.87
29-Oct-09,273.88
30-Oct-09,273.61
3-Nov-09,265.78
4-Nov-09,277.45
5-Nov-09,275.53
6-Nov-09,275.15
9-Nov-09,276.82
10-Nov-09,275.07
11-Nov-09,286.08
12-Nov-09,288.52
13-Nov-09,292.65
16-Nov-09,291.69
17-Nov-09,297.44
18-Nov-09,301.78
19-Nov-09,298.88
20-Nov-09,300.96
23-Nov-09,298.51
24-Nov-09,301.95
25-Nov-09,302.43
26-Nov-09,296.83
27-Nov-09,288.7
30-Nov-09,295.09
1-Dec-09,297.12
2-Dec-09,297.08
3-Dec-09,294.79
4-Dec-09,295.61
7-Dec-09,296.48
8-Dec-09,303.41
9-Dec-09,304.66
10-Dec-09,304.21
11-Dec-09,305.18
14-Dec-09,309.89
15-Dec-09,310.8
16-Dec-09,315.62
17-Dec-09,317.37
18-Dec-09,313.27
21-Dec-09,311.3
22-Dec-09,310.35
23-Dec-09,320.44
24-Dec-09,321.43
29-Dec-09,319.62
30-Dec-09,319.97
31-Dec-09,322.59
4-Jan-10,324.01
5-Jan-10,325.1
6-Jan-10,320.35
7-Jan-10,313.16
8-Jan-10,305.61
11-Jan-10,308.77
12-Jan-10,320.83
13-Jan-10,332.81
14-Jan-10,333.58
15-Jan-10,331.85
18-Jan-10,333.2
19-Jan-10,326.9
20-Jan-10,329.61
21-Jan-10,325.58
22-Jan-10,319.42
25-Jan-10,315.29
27-Jan-10,310.33
28-Jan-10,309.03
29-Jan-10,307.01
1-Feb-10,304
2-Feb-10,302.6
3-Feb-10,306.73
4-Feb-10,301.25
5-Feb-10,291.78
6-Feb-10,295.1
8-Feb-10,298.09
9-Feb-10,306.8
10-Feb-10,305.95
11-Feb-10,309.86
15-Feb-10,309.88
16-Feb-10,315.19
17-Feb-10,312.36
18-Feb-10,314.22
19-Feb-10,314.07
22-Feb-10,318.53
23-Feb-10,320.13
24-Feb-10,319.51
25-Feb-10,324.6
26-Feb-10,322.69
2-Mar-10,327.54
3-Mar-10,330.67
4-Mar-10,325.4
5-Mar-10,326.88
8-Mar-10,329.84
9-Mar-10,332.86
10-Mar-10,329.8
11-Mar-10,332.74
12-Mar-10,331.54
15-Mar-10,335.01
16-Mar-10,338.86
17-Mar-10,339.6
18-Mar-10,345.72
19-Mar-10,343.83
22-Mar-10,341.97
23-Mar-10,344.22
25-Mar-10,348.98
26-Mar-10,344.14
29-Mar-10,336.92
30-Mar-10,327.92
31-Mar-10,324.43
1-Apr-10,331.19
5-Apr-10,332.12
6-Apr-10,328.81
7-Apr-10,327.88
8-Apr-10,330.36
9-Apr-10,331.9
12-Apr-10,332.76
13-Apr-10,345.01
15-Apr-10,347.45
16-Apr-10,345.84
19-Apr-10,341.29
20-Apr-10,338.24
21-Apr-10,336.4
22-Apr-10,337.13
23-Apr-10,338.19
26-Apr-10,339.68
27-Apr-10,339.5
28-Apr-10,334.79
29-Apr-10,335.99
30-Apr-10,339.58
3-May-10,334.22
4-May-10,330.65
5-May-10,333.98
6-May-10,329.66
7-May-10,324.54
10-May-10,331.84
11-May-10,329.98
12-May-10,332.58
13-May-10,335.62
14-May-10,328.89
17-May-10,324.48
18-May-10,326.07
19-May-10,322.8
20-May-10,322.54
21-May-10,320.19
24-May-10,322.5
25-May-10,314.19
26-May-10,325.06
27-May-10,327.83
28-May-10,332.06
31-May-10,329.64
1-Jun-10,325.47
2-Jun-10,327.44
3-Jun-10,334.6
4-Jun-10,338.44
7-Jun-10,331.34
8-Jun-10,329.21
9-Jun-10,325.54
10-Jun-10,328.1
11-Jun-10,326.26
14-Jun-10,340.61
15-Jun-10,339.16
16-Jun-10,343.46
17-Jun-10,342.9
18-Jun-10,345.54
21-Jun-10,347.35
22-Jun-10,343.17
23-Jun-10,346.98
24-Jun-10,350.07
25-Jun-10,344.49
28-Jun-10,348.37
29-Jun-10,346.45
30-Jun-10,346.14
1-Jul-10,343.17
2-Jul-10,338.26
5-Jul-10,340.24
6-Jul-10,345.41
7-Jul-10,344.99
8-Jul-10,350.79
9-Jul-10,356.41
12-Jul-10,359.15
13-Jul-10,346.85
14-Jul-10,340.17
15-Jul-10,342.24
16-Jul-10,344.4
19-Jul-10,343.59
20-Jul-10,342.25
21-Jul-10,343.74
22-Jul-10,341.61
23-Jul-10,345.57
26-Jul-10,347.81
27-Jul-10,350.83
28-Jul-10,351.24
29-Jul-10,351.37
30-Jul-10,345.82
2-Aug-10,346.88
3-Aug-10,345.31
4-Aug-10,356.49
5-Aug-10,355.84
6-Aug-10,355.17
9-Aug-10,356.51
10-Aug-10,350.86
11-Aug-10,348.61
12-Aug-10,343.87
13-Aug-10,344.43
16-Aug-10,342.53
17-Aug-10,341.12
18-Aug-10,348.15
19-Aug-10,347.83
20-Aug-10,343.48
23-Aug-10,347.65
24-Aug-10,342.94
25-Aug-10,343.65
26-Aug-10,342.99
27-Aug-10,336.08
30-Aug-10,334.91
31-Aug-10,336.57
1-Sep-10,344.3
2-Sep-10,341.43
3-Sep-10,344.46
6-Sep-10,351.18
7-Sep-10,355.31
8-Sep-10,357.1
9-Sep-10,359.04
13-Sep-10,364.23
14-Sep-10,369.03
15-Sep-10,378.61
16-Sep-10,367.84
17-Sep-10,368.36
20-Sep-10,373.13
21-Sep-10,379.39
22-Sep-10,373.83
23-Sep-10,374.9
24-Sep-10,378.15
27-Sep-10,376.1
28-Sep-10,374.12
29-Sep-10,375.91
30-Sep-10,378.32
1-Oct-10,384.73
4-Oct-10,381.79
5-Oct-10,382.56
6-Oct-10,384.93
7-Oct-10,378.69
8-Oct-10,381.52
11-Oct-10,381.29
12-Oct-10,381.38
13-Oct-10,391.01
14-Oct-10,395.03
15-Oct-10,381.52
18-Oct-10,385.33
19-Oct-10,373.32
20-Oct-10,374.37
21-Oct-10,376.33
22-Oct-10,378.65
25-Oct-10,374.43
26-Oct-10,373.78
27-Oct-10,369.6
28-Oct-10,368.44
29-Oct-10,368.55
1-Nov-10,372.26
2-Nov-10,375.41
3-Nov-10,375.08
4-Nov-10,381.63
5-Nov-10,382.18
8-Nov-10,374.03
9-Nov-10,379.47
10-Nov-10,382.31
11-Nov-10,378.84
12-Nov-10,371.79
15-Nov-10,375.79
16-Nov-10,368.46
18-Nov-10,372.55
19-Nov-10,367.57
22-Nov-10,377.48
23-Nov-10,373.56
24-Nov-10,371.55
25-Nov-10,380.04
26-Nov-10,377.27
29-Nov-10,379.99
30-Nov-10,378.38
1-Dec-10,378.56
2-Dec-10,384.27
3-Dec-10,387.56
6-Dec-10,389.84
7-Dec-10,394.21
8-Dec-10,388.32
9-Dec-10,390.84
10-Dec-10,389.95
13-Dec-10,390.08
14-Dec-10,391.73
15-Dec-10,397.29
16-Dec-10,408.43
20-Dec-10,415.46
21-Dec-10,412.89
22-Dec-10,413.29
23-Dec-10,417.69
24-Dec-10,417.96
27-Dec-10,418.8
28-Dec-10,419.51
29-Dec-10,422.27
30-Dec-10,427.49
31-Dec-10,426.97
3-Jan-11,428.9
4-Jan-11,431.77
5-Jan-11,429.06
6-Jan-11,431.36
7-Jan-11,418.04
10-Jan-11,421.14
11-Jan-11,412.45
12-Jan-11,418.85
13-Jan-11,397.51
14-Jan-11,397.4
17-Jan-11,405.39
18-Jan-11,412.12
19-Jan-11,403.01
20-Jan-11,408.76
21-Jan-11,402.3
24-Jan-11,407.36
25-Jan-11,404.26
27-Jan-11,396.48
28-Jan-11,392.91
31-Jan-11,386.66
1-Feb-11,383.12
2-Feb-11,383.13
3-Feb-11,386.64
4-Feb-11,378
7-Feb-11,382.9
8-Feb-11,384.04
9-Feb-11,388.27
10-Feb-11,378.66
11-Feb-11,377.12
14-Feb-11,385.02
15-Feb-11,385.27
16-Feb-11,384.83
17-Feb-11,386.12
18-Feb-11,384.5
21-Feb-11,392.55
22-Feb-11,389.65
23-Feb-11,381.83
24-Feb-11,373.15
25-Feb-11,372.96
28-Feb-11,371.7
1-Mar-11,382.28
3-Mar-11,375.3
4-Mar-11,379.77
7-Mar-11,377.35
8-Mar-11,386.48
9-Mar-11,383.9
10-Mar-11,383.25
11-Mar-11,378.74
14-Mar-11,384.56
15-Mar-11,375.8
16-Mar-11,375.89
17-Mar-11,369.42
18-Mar-11,364.75
21-Mar-11,362.42
22-Mar-11,365
23-Mar-11,371.23
24-Mar-11,372.41
25-Mar-11,392.28
28-Mar-11,389.37
29-Mar-11,393.56
30-Mar-11,393.25
31-Mar-11,401.98
1-Apr-11,399.11
4-Apr-11,407.17
5-Apr-11,407.19
6-Apr-11,406.18
7-Apr-11,402.55
8-Apr-11,400.25
11-Apr-11,402.02
13-Apr-11,410.03
15-Apr-11,370.76
18-Apr-11,360.41
19-Apr-11,358.09
20-Apr-11,360.56
21-Apr-11,360.9
25-Apr-11,364.78
26-Apr-11,364.91
27-Apr-11,366.25
28-Apr-11,363.27
29-Apr-11,360.43
2-May-11,362.45
3-May-11,361.03
4-May-11,355.9
5-May-11,353.27
6-May-11,358.79
9-May-11,360.72
10-May-11,357.18
11-May-11,360.41
12-May-11,357.33
13-May-11,356.97
16-May-11,353.51
17-May-11,352.73
18-May-11,352.53
19-May-11,353.02
20-May-11,353.44
23-May-11,351.85
24-May-11,352.77
25-May-11,345.85
26-May-11,344.35
27-May-11,345.7
30-May-11,344.85
31-May-11,345.47
1-Jun-11,348.69
2-Jun-11,347.63
3-Jun-11,349.26
6-Jun-11,351.95
7-Jun-11,358.73
8-Jun-11,356.15
9-Jun-11,354.88
10-Jun-11,354.99
13-Jun-11,356.88
14-Jun-11,356.22
15-Jun-11,351.67
16-Jun-11,347.29
17-Jun-11,343.49
20-Jun-11,336.04
21-Jun-11,338.22
22-Jun-11,341.68
23-Jun-11,344.66
24-Jun-11,354.69
27-Jun-11,356.07
28-Jun-11,355.35
29-Jun-11,357.39
30-Jun-11,360.95
1-Jul-11,363.89
4-Jul-11,364.49
5-Jul-11,366.66
6-Jul-11,366.32
7-Jul-11,371.53
8-Jul-11,369.15
11-Jul-11,362.28
12-Jul-11,346.21
13-Jul-11,344.44
14-Jul-11,339.86
15-Jul-11,338.74
18-Jul-11,336.51
19-Jul-11,341.12
20-Jul-11,341.36
21-Jul-11,343.3
22-Jul-11,350.76
25-Jul-11,348.22
26-Jul-11,347.48
27-Jul-11,346.84
28-Jul-11,341.19
29-Jul-11,344.27
1-Aug-11,349.13
2-Aug-11,341.17
3-Aug-11,338.9
4-Aug-11,335.99
5-Aug-11,321.36
8-Aug-11,306.39
9-Aug-11,294.49
10-Aug-11,303.49
11-Aug-11,302.68
12-Aug-11,294.57
16-Aug-11,297.56
17-Aug-11,303.72
18-Aug-11,291.95
19-Aug-11,275.91
22-Aug-11,272.17
23-Aug-11,282.39
24-Aug-11,279.16
25-Aug-11,270.78
26-Aug-11,273.16
29-Aug-11,284.78
30-Aug-11,290.57
2-Sep-11,287.63
5-Sep-11,280.92
6-Sep-11,285.56
7-Sep-11,284.18
8-Sep-11,290.01
9-Sep-11,282.06
12-Sep-11,272.65
13-Sep-11,275.58
14-Sep-11,291.65
15-Sep-11,298.87
16-Sep-11,297.05
19-Sep-11,293.01
20-Sep-11,302.18
21-Sep-11,302.07
22-Sep-11,291.77
23-Sep-11,290.06
26-Sep-11,292.07
27-Sep-11,303.12
28-Sep-11,306.36
29-Sep-11,316.39
30-Sep-11,314.15
3-Oct-11,307.06
4-Oct-11,302.42
5-Oct-11,303.47
7-Oct-11,311.13
10-Oct-11,321.2
11-Oct-11,310.61
12-Oct-11,332.29
13-Oct-11,334.44
14-Oct-11,340.28
17-Oct-11,340.63
18-Oct-11,335.04
19-Oct-11,338.29
20-Oct-11,340.75
21-Oct-11,337.66
24-Oct-11,343.2
25-Oct-11,354.53
26-Oct-11,352.05
28-Oct-11,354.53
31-Oct-11,356.87
1-Nov-11,351.79
2-Nov-11,351.52
3-Nov-11,347.52
4-Nov-11,350.47
8-Nov-11,352.48
9-Nov-11,351.63
11-Nov-11,344.24
14-Nov-11,348.35
15-Nov-11,347.04
16-Nov-11,344.56
17-Nov-11,341.49
18-Nov-11,339.91
21-Nov-11,331.14
22-Nov-11,337.83
23-Nov-11,328.98
24-Nov-11,330.66
25-Nov-11,322.41
28-Nov-11,326.93
29-Nov-11,322.2
30-Nov-11,323.3
1-Dec-11,329.32
2-Dec-11,334.13
5-Dec-11,335
7-Dec-11,342.16
8-Dec-11,337.76
9-Dec-11,336.13
12-Dec-11,339.84
13-Dec-11,341.33
14-Dec-11,339.84
15-Dec-11,336.88
16-Dec-11,337.89
19-Dec-11,331.93
20-Dec-11,330.98
21-Dec-11,340.19
22-Dec-11,337.44
23-Dec-11,334.2
26-Dec-11,344.26
27-Dec-11,342.22
28-Dec-11,345.02
29-Dec-11,340.07
30-Dec-11,343.24
2-Jan-12,348.36
3-Jan-12,355.23
4-Jan-12,354
5-Jan-12,352.23
6-Jan-12,351.24
7-Jan-12,351.62
9-Jan-12,351.79
10-Jan-12,355.14
11-Jan-12,350.55
12-Jan-12,320.99
13-Jan-12,320.49
16-Jan-12,327.43
17-Jan-12,330.15
18-Jan-12,323.95
19-Jan-12,321.79
20-Jan-12,321.06
23-Jan-12,322.49
24-Jan-12,325.03
25-Jan-12,330.61
27-Jan-12,337.95
30-Jan-12,336.38
31-Jan-12,340.56
1-Feb-12,340.15
2-Feb-12,341.92
3-Feb-12,345.18
6-Feb-12,344.41
7-Feb-12,338.26
8-Feb-12,343.43
9-Feb-12,348.48
10-Feb-12,346.06
13-Feb-12,345.82
14-Feb-12,347.38
15-Feb-12,355.2
16-Feb-12,360.77
17-Feb-12,365.58
21-Feb-12,364.4
22-Feb-12,366.14
23-Feb-12,363.77
24-Feb-12,365.62
27-Feb-12,357.59
28-Feb-12,356.23
29-Feb-12,357.6
1-Mar-12,354.28
2-Mar-12,352.92
3-Mar-12,354.46
5-Mar-12,348.48
6-Mar-12,353.76
7-Mar-12,357.65
9-Mar-12,354.11
12-Mar-12,349.41
13-Mar-12,354.67
14-Mar-12,357.03
15-Mar-12,357.41
16-Mar-12,355.31
19-Mar-12,351.91
20-Mar-12,351.14
21-Mar-12,355.6
22-Mar-12,350.76
23-Mar-12,356.27
26-Mar-12,351.07
27-Mar-12,356.67
28-Mar-12,352.6
29-Mar-12,346.26
30-Mar-12,355.48
2-Apr-12,353.48
3-Apr-12,354.5
4-Apr-12,353.59
9-Apr-12,350.08
10-Apr-12,343.71
11-Apr-12,347.8
12-Apr-12,341.13
13-Apr-12,297.96
16-Apr-12,293.25
17-Apr-12,295.25
18-Apr-12,294.08
19-Apr-12,298.32
20-Apr-12,298.56
23-Apr-12,286.6
24-Apr-12,291.39
25-Apr-12,291.44
26-Apr-12,292.21
27-Apr-12,296.53
28-Apr-12,297.13
30-Apr-12,305.35
2-May-12,306.58
3-May-12,307.93
4-May-12,302.85
7-May-12,302.31
8-May-12,296.89
9-May-12,293.46
10-May-12,290.73
11-May-12,286.65
14-May-12,290.08
15-May-12,299.53
16-May-12,293.73
17-May-12,293.99
18-May-12,295.52
21-May-12,290.26
22-May-12,290.34
23-May-12,291.22
24-May-12,295.27
25-May-12,294.28
28-May-12,295.89
29-May-12,298.82
30-May-12,301.65
31-May-12,301.29
1-Jun-12,296.31
4-Jun-12,295.86
5-Jun-12,296.26
6-Jun-12,299.57
7-Jun-12,304.21
8-Jun-12,300.03
11-Jun-12,300.83
12-Jun-12,304.85
13-Jun-12,306.34
14-Jun-12,309.84
15-Jun-12,312.85
18-Jun-12,311.5
19-Jun-12,307.2
20-Jun-12,306.34
21-Jun-12,308.97
22-Jun-12,306.88
25-Jun-12,306.1
26-Jun-12,302.66
27-Jun-12,306.09
28-Jun-12,306.74
29-Jun-12,311.19
2-Jul-12,309.97
3-Jul-12,308.88
4-Jul-12,307.49
5-Jul-12,307.6
6-Jul-12,303.18
9-Jul-12,302.35
10-Jul-12,305.01
11-Jul-12,306.45
12-Jul-12,280.83
13-Jul-12,276.54
16-Jul-12,269.28
17-Jul-12,269.28
18-Jul-12,270.23
19-Jul-12,278.45
20-Jul-12,275.17
23-Jul-12,271.49
24-Jul-12,268.95
25-Jul-12,268.94
26-Jul-12,263.39
27-Jul-12,266.47
30-Jul-12,274.05
31-Jul-12,276.19
1-Aug-12,275.14
2-Aug-12,273.56
3-Aug-12,273.9
6-Aug-12,274.93
7-Aug-12,279.45
8-Aug-12,283.21
9-Aug-12,283.02
10-Aug-12,286.86
13-Aug-12,287.74
14-Aug-12,288.88
16-Aug-12,287.16
17-Aug-12,291.58
21-Aug-12,298.76
22-Aug-12,301.81
23-Aug-12,307.22
24-Aug-12,303.2
27-Aug-12,299.12
28-Aug-12,300.27
29-Aug-12,296.2
30-Aug-12,296.74
31-Aug-12,292.89
3-Sep-12,293.32
4-Sep-12,292.79
5-Sep-12,290.14
6-Sep-12,300.38
7-Sep-12,308.47
8-Sep-12,309.55
10-Sep-12,311.58
11-Sep-12,313.71
12-Sep-12,314.97
13-Sep-12,316.88
14-Sep-12,326.43
17-Sep-12,318.05
18-Sep-12,322.55
20-Sep-12,324.58
21-Sep-12,321.62
24-Sep-12,322.47
25-Sep-12,322.21
26-Sep-12,321.12
27-Sep-12,316.17
28-Sep-12,314.38
1-Oct-12,323.65
3-Oct-12,319.75
4-Oct-12,319.43
5-Oct-12,313.38
8-Oct-12,308.59
9-Oct-12,314.54
10-Oct-12,310.56
11-Oct-12,314.17
12-Oct-12,297.07
15-Oct-12,293.38
16-Oct-12,292.15
17-Oct-12,293.94
18-Oct-12,294.87
19-Oct-12,295.58
22-Oct-12,295.85
23-Oct-12,291.83
25-Oct-12,290.79
26-Oct-12,288.92
29-Oct-12,289.65
30-Oct-12,292.48
31-Oct-12,293.06
1-Nov-12,293.26
2-Nov-12,296.17
5-Nov-12,294.97
6-Nov-12,295.37
7-Nov-12,298.19
8-Nov-12,294.58
9-Nov-12,291.28
12-Nov-12,292.56
13-Nov-12,289.99
15-Nov-12,284.79
16-Nov-12,290.62
19-Nov-12,292.51
20-Nov-12,288.31
21-Nov-12,291.43
22-Nov-12,295.49
23-Nov-12,294.86
26-Nov-12,299.8
27-Nov-12,306.41
29-Nov-12,303.26
30-Nov-12,302.22
3-Dec-12,302.5
4-Dec-12,302.29
5-Dec-12,295.48
6-Dec-12,289.99
7-Dec-12,287.87
10-Dec-12,286.93
11-Dec-12,284.51
12-Dec-12,284.97
13-Dec-12,283.2
14-Dec-12,282.62
17-Dec-12,281.06
18-Dec-12,281.65
19-Dec-12,284.77
20-Dec-12,285.2
21-Dec-12,284.85
24-Dec-12,288.01
26-Dec-12,287.14
27-Dec-12,283.73
28-Dec-12,288.12
31-Dec-12,287.56
1-Jan-13,286.34
2-Jan-13,286.39
3-Jan-13,289.95
4-Jan-13,291.39
7-Jan-13,294.52
8-Jan-13,290.7
9-Jan-13,289.09
10-Jan-13,288.01
11-Jan-13,336.35
14-Jan-13,348.06
15-Jan-13,345.65
16-Jan-13,343.22
17-Jan-13,347
18-Jan-13,345.77
21-Jan-13,346.8
22-Jan-13,345.21
23-Jan-13,345.96
24-Jan-13,347.03
25-Jan-13,349.07
28-Jan-13,348.58
29-Jan-13,347.13
30-Jan-13,346.1
31-Jan-13,345.95
1-Feb-13,343.65
4-Feb-13,343.24
5-Feb-13,341.79
6-Feb-13,344.28
7-Feb-13,345.95
8-Feb-13,345.95
11-Feb-13,346.27
12-Feb-13,341.7
13-Feb-13,345.96
14-Feb-13,348.84
15-Feb-13,345.84
18-Feb-13,344.79
19-Feb-13,349.79
20-Feb-13,349.67
21-Feb-13,348.22
22-Feb-13,352.28
25-Feb-13,361.86
26-Feb-13,367.07
27-Feb-13,360.96
28-Feb-13,360.52
1-Mar-13,361.37
4-Mar-13,360.08
5-Mar-13,362.3
6-Mar-13,368.35
7-Mar-13,372.6
8-Mar-13,368.37
11-Mar-13,365.33
12-Mar-13,361.9
13-Mar-13,355.12
14-Mar-13,356.44
15-Mar-13,356.96
18-Mar-13,354.79
19-Mar-13,354.2
20-Mar-13,355.4
21-Mar-13,356.28
22-Mar-13,355.09
25-Mar-13,353.8
26-Mar-13,354.02
28-Mar-13,358.34
1-Apr-13,365.14
2-Apr-13,368.22
3-Apr-13,368.15
4-Apr-13,357.18
5-Apr-13,355.42
8-Apr-13,351.21
9-Apr-13,343.08
10-Apr-13,349.2
11-Apr-13,361.73
12-Apr-13,284.83
15-Apr-13,290.09
16-Apr-13,284.78
17-Apr-13,283.24
18-Apr-13,284.71
22-Apr-13,278.37
23-Apr-13,280.56
25-Apr-13,276.28
26-Apr-13,274.33
29-Apr-13,276.48
30-Apr-13,277.24
2-May-13,283.6
3-May-13,286.23
6-May-13,290.34
7-May-13,291.3
8-May-13,291.53
9-May-13,292.86
10-May-13,294.12
11-May-13,292.93
13-May-13,290.16
14-May-13,291.45
15-May-13,292.74
16-May-13,289.29
17-May-13,291.66
20-May-13,294.18
21-May-13,297.35
22-May-13,295.82
23-May-13,292.67
24-May-13,291.19
27-May-13,294.26
28-May-13,293.45
29-May-13,291.74
30-May-13,290.39
31-May-13,299.1
3-Jun-13,311.8
4-Jun-13,309.54
5-Jun-13,305.24
6-Jun-13,301.32
7-Jun-13,303.45
10-Jun-13,308.41
11-Jun-13,307.01
12-Jun-13,300.29
13-Jun-13,295.15
14-Jun-13,297.02
17-Jun-13,300.45
18-Jun-13,303.42
19-Jun-13,302.4
20-Jun-13,293.81
21-Jun-13,299.97
24-Jun-13,295.22
25-Jun-13,294.41
26-Jun-13,297.57
27-Jun-13,307.92
28-Jun-13,309.91
1-Jul-13,303.97
2-Jul-13,298.14
3-Jul-13,298.2
4-Jul-13,306.08
5-Jul-13,304.62
8-Jul-13,306.1
9-Jul-13,309.83
10-Jul-13,310.19
11-Jul-13,313.56
12-Jul-13,347.78
15-Jul-13,340.15
16-Jul-13,338.42
17-Jul-13,341.16
18-Jul-13,347.35
19-Jul-13,353.14
22-Jul-13,356.77
23-Jul-13,359.9
24-Jul-13,360.72
25-Jul-13,361.55
26-Jul-13,361.31
29-Jul-13,362.29
30-Jul-13,366.56
31-Jul-13,368.29
1-Aug-13,368.91
2-Aug-13,373.15
5-Aug-13,373.18
6-Aug-13,370.49
7-Aug-13,367.51
8-Aug-13,367.66
12-Aug-13,372.73
13-Aug-13,382.43
14-Aug-13,380.7
16-Aug-13,369.38
19-Aug-13,372.68
20-Aug-13,372.88
21-Aug-13,366.94
22-Aug-13,374.56
23-Aug-13,372.15
26-Aug-13,375.87
27-Aug-13,379.01
28-Aug-13,386.48
29-Aug-13,385.03
30-Aug-13,385.19
2-Sep-13,382.71
3-Sep-13,376.24
4-Sep-13,386.04
5-Sep-13,372.65
6-Sep-13,375.66
10-Sep-13,391.77
11-Sep-13,386.83
12-Sep-13,380.23
13-Sep-13,375.54
16-Sep-13,371.24
17-Sep-13,374.86
18-Sep-13,374.19
19-Sep-13,374.41
20-Sep-13,371.46
23-Sep-13,374.46
24-Sep-13,373.93
25-Sep-13,373.26
26-Sep-13,373.58
27-Sep-13,372.88
30-Sep-13,373.67
1-Oct-13,373.92
3-Oct-13,376.67
4-Oct-13,374.09
7-Oct-13,374.77
8-Oct-13,376.29
9-Oct-13,385.68
10-Oct-13,387.88
11-Oct-13,406.1
14-Oct-13,412.28
15-Oct-13,416.06
17-Oct-13,405.36
18-Oct-13,411.07
21-Oct-13,413.66
22-Oct-13,414.52
23-Oct-13,412.34
24-Oct-13,410.35
25-Oct-13,413.18
28-Oct-13,412.17
29-Oct-13,413.68
30-Oct-13,412.23
31-Oct-13,410.49
1-Nov-13,406.37
3-Nov-13,406.71
5-Nov-13,405.03
6-Nov-13,410.03
7-Nov-13,416.41
8-Nov-13,416.71
11-Nov-13,417.03
12-Nov-13,413.83
13-Nov-13,413.24
14-Nov-13,415.99
18-Nov-13,422.17
19-Nov-13,426.99
20-Nov-13,421.94
21-Nov-13,414.76
22-Nov-13,415.17
25-Nov-13,412.49
26-Nov-13,411.27
27-Nov-13,408.43
28-Nov-13,412.71
29-Nov-13,416.03
2-Dec-13,414.06
3-Dec-13,415.31
4-Dec-13,417.37
5-Dec-13,415.63
6-Dec-13,412.46
9-Dec-13,414.08
10-Dec-13,418.05
11-Dec-13,418.49
12-Dec-13,417.18
13-Dec-13,418.42
16-Dec-13,428.15
17-Dec-13,428.65
18-Dec-13,428.79
19-Dec-13,435.59
20-Dec-13,440.44
23-Dec-13,430.16
24-Dec-13,432.38
26-Dec-13,436.63
27-Dec-13,441.67
30-Dec-13,434.36
31-Dec-13,432.29
1-Jan-14,430.1
2-Jan-14,431.66
3-Jan-14,442.15
6-Jan-14,436.29
7-Jan-14,428.75
8-Jan-14,425.15
9-Jan-14,427.97
10-Jan-14,440.42
13-Jan-14,454.53
14-Jan-14,457.23
15-Jan-14,460.37
16-Jan-14,461.98
17-Jan-14,462.56
20-Jan-14,464.99
21-Jan-14,466.11
22-Jan-14,467.05
23-Jan-14,470.34
24-Jan-14,466.08
27-Jan-14,462.87
28-Jan-14,455.78
29-Jan-14,461.08
30-Jan-14,459.4
31-Jan-14,459.01
3-Feb-14,450.09
4-Feb-14,441.65
5-Feb-14,444.14
6-Feb-14,441.97
7-Feb-14,442.32
10-Feb-14,443.22
11-Feb-14,446.01
12-Feb-14,446.48
13-Feb-14,444.71
14-Feb-14,451.96
17-Feb-14,453.68
18-Feb-14,456.64
19-Feb-14,465.49
20-Feb-14,460.27
21-Feb-14,465.16
24-Feb-14,465.06
25-Feb-14,469.15
26-Feb-14,472.2
28-Feb-14,474.36
3-Mar-14,471.06
4-Mar-14,471.22
5-Mar-14,473.97
6-Mar-14,475.23
7-Mar-14,463.87
10-Mar-14,455.35
11-Mar-14,455.82
12-Mar-14,455.31
13-Mar-14,416.41
14-Mar-14,420.94
18-Mar-14,415.53
19-Mar-14,405.76
20-Mar-14,409.64
21-Mar-14,409.97
22-Mar-14,408.77
24-Mar-14,406.26
25-Mar-14,403.61
26-Mar-14,402.93
27-Mar-14,400.71
28-Mar-14,404.63
31-Mar-14,407.13
1-Apr-14,410.99
2-Apr-14,412
3-Apr-14,414
4-Apr-14,411.25
7-Apr-14,408.45
9-Apr-14,403.63
10-Apr-14,397.01
11-Apr-14,401.22
15-Apr-14,404.28
16-Apr-14,391.57
17-Apr-14,395.88
21-Apr-14,394.75
22-Apr-14,390.74
23-Apr-14,393.47
25-Apr-14,393.84
28-Apr-14,394.14
29-Apr-14,394.1
30-Apr-14,394.48
2-May-14,399.31
5-May-14,394
6-May-14,392.54
7-May-14,380.41
8-May-14,380.16
9-May-14,385.88
12-May-14,393.77
13-May-14,404.95
14-May-14,403.57
15-May-14,405.85
16-May-14,394.08
19-May-14,373.92
20-May-14,387.21
21-May-14,391.54
22-May-14,386.18
23-May-14,380.68
26-May-14,383.82
27-May-14,388.68
28-May-14,393.55
29-May-14,362.7
30-May-14,364.54
2-Jun-14,371.21
3-Jun-14,374.19
4-Jun-14,370.14
5-Jun-14,377.16
6-Jun-14,372.44
9-Jun-14,370.38
10-Jun-14,381.38
11-Jun-14,396.04
12-Jun-14,393.77
13-Jun-14,395.25
16-Jun-14,402.34
17-Jun-14,402.67
18-Jun-14,401.89
19-Jun-14,410.74
20-Jun-14,411.32
23-Jun-14,400.9
24-Jun-14,397.33
25-Jun-14,398.26
26-Jun-14,394.69
27-Jun-14,399.76
30-Jun-14,403.75
1-Jul-14,399.47
2-Jul-14,398.76
3-Jul-14,398.19
4-Jul-14,402.56
7-Jul-14,414.9
8-Jul-14,414.49
9-Jul-14,410.55
10-Jul-14,408.36
11-Jul-14,412.57
14-Jul-14,399.99
15-Jul-14,400.04
16-Jul-14,400.53
17-Jul-14,401.74
18-Jul-14,403.26
21-Jul-14,396.95
22-Jul-14,401.04
23-Jul-14,415.4
24-Jul-14,419.46
25-Jul-14,415.74
28-Jul-14,418.08
30-Jul-14,418.22
31-Jul-14,417.65
1-Aug-14,414.39
4-Aug-14,429.8
5-Aug-14,435.68
6-Aug-14,443.48
7-Aug-14,434.98
8-Aug-14,431.92
11-Aug-14,443.18
12-Aug-14,443.59
13-Aug-14,447.51
14-Aug-14,448.03
18-Aug-14,441.48
19-Aug-14,440
20-Aug-14,440.83
21-Aug-14,440.14
22-Aug-14,446.59
25-Aug-14,449.92
26-Aug-14,449.47
27-Aug-14,450.26
28-Aug-14,446.32
1-Sep-14,446.43
2-Sep-14,448.18
3-Sep-14,463.12
4-Sep-14,459.96
5-Sep-14,462.69
8-Sep-14,469
9-Sep-14,463.34
10-Sep-14,454.82
11-Sep-14,456.91
12-Sep-14,455.14
15-Sep-14,451.59
16-Sep-14,452.83
17-Sep-14,463.96
18-Sep-14,458.5
19-Sep-14,459.13
22-Sep-14,452.75
23-Sep-14,447.35
24-Sep-14,452.03
25-Sep-14,457.76
26-Sep-14,456.41
29-Sep-14,464.96
30-Sep-14,464.79
1-Oct-14,477.14
7-Oct-14,475.16
8-Oct-14,452.69
9-Oct-14,452.27
10-Oct-14,482.27
13-Oct-14,488.95
14-Oct-14,485.95
16-Oct-14,479.37
17-Oct-14,477.68
20-Oct-14,472.81
21-Oct-14,467.92
22-Oct-14,470.78
23-Oct-14,471.9
27-Oct-14,471.65
28-Oct-14,469.82
29-Oct-14,481.38
30-Oct-14,489.45
31-Oct-14,502.43
3-Nov-14,506.73
5-Nov-14,511.56
7-Nov-14,516.74
10-Nov-14,516.6
11-Nov-14,511.61
12-Nov-14,509.22
13-Nov-14,518.23
14-Nov-14,519.85
17-Nov-14,523.17
18-Nov-14,518.69
19-Nov-14,517.58
20-Nov-14,524.06
21-Nov-14,514.2
24-Nov-14,530.2
25-Nov-14,533.68
26-Nov-14,533.34
27-Nov-14,541.46
28-Nov-14,540.71
1-Dec-14,539.47
2-Dec-14,527.48
3-Dec-14,526.71
4-Dec-14,521.33
5-Dec-14,513.52
8-Dec-14,488.67
9-Dec-14,487.35
10-Dec-14,487.09
11-Dec-14,476.5
12-Dec-14,480.86
15-Dec-14,477.43
16-Dec-14,480.7
17-Dec-14,480.82
18-Dec-14,487.62
19-Dec-14,495.74
22-Dec-14,495.98
23-Dec-14,489.05
24-Dec-14,478.85
26-Dec-14,484.23
29-Dec-14,485.61
30-Dec-14,487.73
31-Dec-14,489.27
1-Jan-15,489.73
2-Jan-15,499.35
5-Jan-15,495.06
6-Jan-15,484.72
7-Jan-15,487.04
8-Jan-15,489.49
9-Jan-15,514.54
12-Jan-15,524.84
13-Jan-15,518.13
14-Jan-15,527.99
15-Jan-15,529.38
16-Jan-15,525.42
19-Jan-15,521.5
20-Jan-15,526.88
21-Jan-15,538.22
22-Jan-15,544.81
23-Jan-15,549.42
27-Jan-15,529.94
28-Jan-15,531.93
29-Jan-15,532.17
30-Jan-15,531.27
2-Feb-15,530.02
3-Feb-15,526.07
4-Feb-15,531.51
5-Feb-15,544.15
6-Feb-15,553.25
9-Feb-15,557.81
10-Feb-15,565.11
11-Feb-15,566.73
12-Feb-15,573.27
13-Feb-15,569.52
16-Feb-15,565.22
18-Feb-15,569.62
19-Feb-15,576.62
20-Feb-15,566.3
23-Feb-15,561.96
24-Feb-15,563.74
25-Feb-15,574.86
26-Feb-15,560.1
27-Feb-15,561.99
28-Feb-15,569.61
2-Mar-15,568.43
3-Mar-15,569.96
4-Mar-15,564.2
5-Mar-15,557.49
9-Mar-15,543.22
10-Mar-15,545.19
11-Mar-15,541.27
12-Mar-15,550.22
13-Mar-15,550.75
16-Mar-15,562.22
17-Mar-15,555.73
18-Mar-15,553
19-Mar-15,553.24
20-Mar-15,559.94
23-Mar-15,553.98
24-Mar-15,548.53
25-Mar-15,550.42
26-Mar-15,532.38
27-Mar-15,546.22
30-Mar-15,552.63
31-Mar-15,550.24
1-Apr-15,539.22
6-Apr-15,540.28
7-Apr-15,535.64
8-Apr-15,545.82
9-Apr-15,549.41
10-Apr-15,554.11
13-Apr-15,555.31
15-Apr-15,549.08
16-Apr-15,544.36
17-Apr-15,540.54
20-Apr-15,528.86
21-Apr-15,531.45
22-Apr-15,530.23
23-Apr-15,526.34
24-Apr-15,494.89
27-Apr-15,492.27
28-Apr-15,486.38
29-Apr-15,486.44
30-Apr-15,481.75
4-May-15,494.37
5-May-15,486.84
6-May-15,476.74
7-May-15,482.19
8-May-15,485.65
11-May-15,494.5
12-May-15,482.96
13-May-15,485.34
14-May-15,479.91
15-May-15,486.59
18-May-15,494.35
19-May-15,501.62
20-May-15,507.81
21-May-15,508.1
22-May-15,507.6
25-May-15,500.25
26-May-15,497.89
27-May-15,488.26
28-May-15,500.2
29-May-15,501.82
1-Jun-15,507.93
2-Jun-15,498.22
3-Jun-15,501.26
4-Jun-15,503.04
5-Jun-15,498.97
8-Jun-15,496.09
9-Jun-15,494.12
10-Jun-15,502.65
11-Jun-15,495.5
12-Jun-15,489.89
15-Jun-15,491.34
16-Jun-15,495.76
17-Jun-15,493.94
18-Jun-15,497.05
19-Jun-15,493.77
22-Jun-15,507.91
23-Jun-15,496.28
24-Jun-15,493.65
25-Jun-15,491.34
26-Jun-15,498.68
29-Jun-15,491.19
30-Jun-15,488.31
1-Jul-15,494.79
2-Jul-15,490.13
3-Jul-15,491.27
6-Jul-15,487.79
7-Jul-15,486.4
8-Jul-15,474.99
9-Jul-15,465.32
10-Jul-15,465.07
13-Jul-15,471.35
14-Jul-15,481.82
15-Jul-15,488.14
16-Jul-15,490.65
17-Jul-15,497
20-Jul-15,496.7
21-Jul-15,551.96
22-Jul-15,547.25
23-Jul-15,544.69
24-Jul-15,539.53
27-Jul-15,528.47
28-Jul-15,527.26
29-Jul-15,538.44
30-Jul-15,530.8
31-Jul-15,534.3
3-Aug-15,535.24
4-Aug-15,524.48
5-Aug-15,538.91
6-Aug-15,539.21
7-Aug-15,543.5
10-Aug-15,538.74
11-Aug-15,550.22
12-Aug-15,567.71
13-Aug-15,574.46
14-Aug-15,570.12
17-Aug-15,566.6
18-Aug-15,577.61
19-Aug-15,583.16
20-Aug-15,562.83
21-Aug-15,570.44
24-Aug-15,541.74
25-Aug-15,538.57
26-Aug-15,528.12
27-Aug-15,537.15
28-Aug-15,551.17
31-Aug-15,542.91
1-Sep-15,540.23
2-Sep-15,545.41
3-Sep-15,545.36
4-Sep-15,532.76
7-Sep-15,525.22
8-Sep-15,525.25
9-Sep-15,540.08
10-Sep-15,535.99
11-Sep-15,541.1
14-Sep-15,545.56
15-Sep-15,545.29
16-Sep-15,546.5
18-Sep-15,547.89
21-Sep-15,547.99
22-Sep-15,549.38
23-Sep-15,553.75
24-Sep-15,565.8
28-Sep-15,548.44
29-Sep-15,556.53
30-Sep-15,576.42
1-Oct-15,581.92
5-Oct-15,586.24
6-Oct-15,572.77
7-Oct-15,562.16
8-Oct-15,561.63
9-Oct-15,579.12
12-Oct-15,557.05
13-Oct-15,545.39
14-Oct-15,544.5
15-Oct-15,544.37
16-Oct-15,543.16
19-Oct-15,551.61
20-Oct-15,558.56
21-Oct-15,564.74
23-Oct-15,570.44
26-Oct-15,571.56
27-Oct-15,570.19
28-Oct-15,572.08
29-Oct-15,568.03
30-Oct-15,563.27
2-Nov-15,561.16
3-Nov-15,568.26
4-Nov-15,563.94
5-Nov-15,557.05
6-Nov-15,564.69
9-Nov-15,562.85
10-Nov-15,547.6
11-Nov-15,549.46
13-Nov-15,546.08
16-Nov-15,535.86
17-Nov-15,526.59
18-Nov-15,506
19-Nov-15,519.79
20-Nov-15,522.07
23-Nov-15,522.72
24-Nov-15,516.49
26-Nov-15,522.07
27-Nov-15,528.99
30-Nov-15,539.68
1-Dec-15,535.27
2-Dec-15,526.19
3-Dec-15,524.73
4-Dec-15,520.41
7-Dec-15,519.02
8-Dec-15,518.1
9-Dec-15,510.07
10-Dec-15,519.57
11-Dec-15,522.27
14-Dec-15,530.56
15-Dec-15,534.55
16-Dec-15,543.63
17-Dec-15,549.21
18-Dec-15,537.33
21-Dec-15,547.4
22-Dec-15,537.62
23-Dec-15,546.11
24-Dec-15,543.88
28-Dec-15,548.04
29-Dec-15,548.02
30-Dec-15,538.89
31-Dec-15,548.36
1-Jan-16,548.29
4-Jan-16,535.22
5-Jan-16,532.81
6-Jan-16,530.48
7-Jan-16,521.28
8-Jan-16,527.48
11-Jan-16,523.71
12-Jan-16,520.86
13-Jan-16,537.45
14-Jan-16,562.06
15-Jan-16,565.48
18-Jan-16,561.51
19-Jan-16,565.36
20-Jan-16,556.23
21-Jan-16,564.07
22-Jan-16,563.67
25-Jan-16,564.36
27-Jan-16,564.78
28-Jan-16,560.37
29-Jan-16,577.88
1-Feb-16,582.07
2-Feb-16,583.16
3-Feb-16,574.31
4-Feb-16,585.25
5-Feb-16,582.74
8-Feb-16,570.89
9-Feb-16,549.48
10-Feb-16,549.93
11-Feb-16,535.09
12-Feb-16,538.07
15-Feb-16,541.59
16-Feb-16,535.34
17-Feb-16,544.62
18-Feb-16,557.29
19-Feb-16,559.2
22-Feb-16,558.91
23-Feb-16,557.54
24-Feb-16,558.26
25-Feb-16,550.8
26-Feb-16,556.18
29-Feb-16,537.77
1-Mar-16,558.31
2-Mar-16,573.47
3-Mar-16,580.06
4-Mar-16,580.73
8-Mar-16,577.16
9-Mar-16,584.63
10-Mar-16,566.77
11-Mar-16,567.02
14-Mar-16,566.12
15-Mar-16,562.75
16-Mar-16,571.71
17-Mar-16,576.32
18-Mar-16,592.02
21-Mar-16,592.76
22-Mar-16,590.31
23-Mar-16,599.16
28-Mar-16,597.72
29-Mar-16,593.93
30-Mar-16,598.25
31-Mar-16,604.37
1-Apr-16,598
4-Apr-16,616.97
5-Apr-16,605.12
6-Apr-16,595.64
7-Apr-16,586.12
8-Apr-16,578.3
11-Apr-16,587.31
12-Apr-16,586.46
13-Apr-16,581.75
18-Apr-16,614.49
20-Apr-16,616.92
21-Apr-16,608.34
22-Apr-16,600.87
25-Apr-16,603.16
26-Apr-16,611.24
27-Apr-16,615.21
28-Apr-16,599.83
29-Apr-16,599.31
2-May-16,595.81
3-May-16,584.28
4-May-16,589.76
5-May-16,591.55
6-May-16,586.12
9-May-16,594.82
10-May-16,601.64
11-May-16,596.21
12-May-16,600.25
13-May-16,598.89
16-May-16,602.73
17-May-16,602.36
18-May-16,600.18
19-May-16,598.15
20-May-16,596.09
23-May-16,589.34
24-May-16,589.22
25-May-16,599.58
26-May-16,612.23
27-May-16,618.86
30-May-16,628.83
31-May-16,619.43
1-Jun-16,624.17
2-Jun-16,625.83
3-Jun-16,628.48
6-Jun-16,628.41
7-Jun-16,623.77
8-Jun-16,614.19
9-Jun-16,588.1
10-Jun-16,585.67
13-Jun-16,585.82
14-Jun-16,582.89
15-Jun-16,590.31
16-Jun-16,588.35
17-Jun-16,585.12
20-Jun-16,599.63
21-Jun-16,598.32
22-Jun-16,595.05
23-Jun-16,601.05
24-Jun-16,592.59
27-Jun-16,578.53
28-Jun-16,575.03
29-Jun-16,583.81
30-Jun-16,580.81
1-Jul-16,581.6
4-Jul-16,587.33
5-Jul-16,583.11
7-Jul-16,574.09
8-Jul-16,574.56
11-Jul-16,582.92
12-Jul-16,583.66
13-Jul-16,592.22
14-Jul-16,583.51
15-Jul-16,532.07
18-Jul-16,536.73
19-Jul-16,539.21
20-Jul-16,537.3
21-Jul-16,535.71
22-Jul-16,532.02
25-Jul-16,536.19
26-Jul-16,540.08
27-Jul-16,538.42
28-Jul-16,534.52
29-Jul-16,532.71
1-Aug-16,538.37
2-Aug-16,537.65
3-Aug-16,538.2
4-Aug-16,531.7
5-Aug-16,529.81
8-Aug-16,535.12
9-Aug-16,537.45
10-Aug-16,536.93
11-Aug-16,534.45
12-Aug-16,527.11
16-Aug-16,521.77
17-Aug-16,512.6
18-Aug-16,507.69
19-Aug-16,506.64
22-Aug-16,503.74
23-Aug-16,515.75
24-Aug-16,524.55
25-Aug-16,514.01
26-Aug-16,506.12
29-Aug-16,507.39
30-Aug-16,516.12
31-Aug-16,513.86
1-Sep-16,514.71
2-Sep-16,511.88
6-Sep-16,518.4
7-Sep-16,523.04
8-Sep-16,514.76
9-Sep-16,513.69
12-Sep-16,522.87
14-Sep-16,518.7
15-Sep-16,517.01
16-Sep-16,525.92
19-Sep-16,526.44
20-Sep-16,520.96
21-Sep-16,523.73
22-Sep-16,525.25
23-Sep-16,517.19
26-Sep-16,513.89
27-Sep-16,515.8
28-Sep-16,515.4
29-Sep-16,510.56
30-Sep-16,513.96
3-Oct-16,514.98
4-Oct-16,520.49
5-Oct-16,516.67
6-Oct-16,509.67
7-Oct-16,502.3
10-Oct-16,510.94
13-Oct-16,522.05
14-Oct-16,509.55
17-Oct-16,507.19
18-Oct-16,515.45
19-Oct-16,516.81
20-Oct-16,514.26
21-Oct-16,515.08
24-Oct-16,509.52
25-Oct-16,504.61
26-Oct-16,503.12
27-Oct-16,497.81
28-Oct-16,494.84
30-Oct-16,497.12
1-Nov-16,490.84
2-Nov-16,486.68
3-Nov-16,479.63
4-Nov-16,481.69
7-Nov-16,485.14
8-Nov-16,487.45
9-Nov-16,475.39
10-Nov-16,466.02
11-Nov-16,457.16
15-Nov-16,458.15
16-Nov-16,466.76
17-Nov-16,461.25
18-Nov-16,456.39
21-Nov-16,451.98
22-Nov-16,453.51
23-Nov-16,456.52
24-Nov-16,461.5
25-Nov-16,484.92
28-Nov-16,486.03
29-Nov-16,482.49
30-Nov-16,483.95
1-Dec-16,483.97
2-Dec-16,478.47
5-Dec-16,477.05
6-Dec-16,479.46
7-Dec-16,479.41
8-Dec-16,488.46
9-Dec-16,490.79
12-Dec-16,484.84
13-Dec-16,491.22
14-Dec-16,495.95
15-Dec-16,492.28
16-Dec-16,498.63
19-Dec-16,498.38
20-Dec-16,502.11
21-Dec-16,496.85
22-Dec-16,488.49
23-Dec-16,490.35
26-Dec-16,487.52
27-Dec-16,495.56
28-Dec-16,495.33
29-Dec-16,492.28
30-Dec-16,501.34
2-Jan-17,496.62
3-Jan-17,493.03
4-Jan-17,494.96
5-Jan-17,494.17
6-Jan-17,482.31
9-Jan-17,481.37
10-Jan-17,481.47
11-Jan-17,480.75
12-Jan-17,496.1
13-Jan-17,484.07
16-Jan-17,474.08
17-Jan-17,473.95
18-Jan-17,471.67
19-Jan-17,475.29
20-Jan-17,470.63
23-Jan-17,472.61
24-Jan-17,469.07
25-Jan-17,464.63
27-Jan-17,467.38
30-Jan-17,470.95
31-Jan-17,460.66
1-Feb-17,454.78
2-Feb-17,464.28
3-Feb-17,464.38
6-Feb-17,463.96
7-Feb-17,467.43
8-Feb-17,464.58
9-Feb-17,469.29
10-Feb-17,480.35
13-Feb-17,488.31
14-Feb-17,489.98
15-Feb-17,487.05
16-Feb-17,502.08
17-Feb-17,496.13
20-Feb-17,501.16
21-Feb-17,502.82
22-Feb-17,491.19
23-Feb-17,500.47
27-Feb-17,502.23
28-Feb-17,502.23
1-Mar-17,508.55
2-Mar-17,507.64
3-Mar-17,511.56
6-Mar-17,512.9
7-Mar-17,505.9
8-Mar-17,499.95
9-Mar-17,501.81
10-Mar-17,506.92
14-Mar-17,513.34
15-Mar-17,502.01
16-Mar-17,510.39
17-Mar-17,516.07
20-Mar-17,506.74
21-Mar-17,512.37
22-Mar-17,509.82
23-Mar-17,516.14
24-Mar-17,511.65
27-Mar-17,510.39
28-Mar-17,513.52
29-Mar-17,511.88
30-Mar-17,508.73
31-Mar-17,507.12
3-Apr-17,500.44
5-Apr-17,494.07
6-Apr-17,495.88
7-Apr-17,486.93
10-Apr-17,472.96
11-Apr-17,479.78
12-Apr-17,480.63
13-Apr-17,462.05
17-Apr-17,458.82
18-Apr-17,457.71
19-Apr-17,455.99
20-Apr-17,460.01
21-Apr-17,458.23
24-Apr-17,459.64
25-Apr-17,461.03
26-Apr-17,453.54
27-Apr-17,459
28-Apr-17,455.87
2-May-17,457.68
3-May-17,463.49
4-May-17,465.15
5-May-17,462.1
8-May-17,469.04
9-May-17,469.61
10-May-17,468.12
11-May-17,468.35
12-May-17,478.34
15-May-17,472.04
16-May-17,473.75
17-May-17,472.66
18-May-17,477.1
19-May-17,475.22
22-May-17,476.95
23-May-17,474.9
24-May-17,473.66
25-May-17,487.79
26-May-17,493.94
29-May-17,488.71
30-May-17,494.19
31-May-17,484.69
1-Jun-17,481.89
2-Jun-17,480.92
5-Jun-17,475.61
6-Jun-17,485.83
7-Jun-17,476.88
8-Jun-17,474.47
9-Jun-17,470.58
12-Jun-17,478.14
13-Jun-17,475.14
14-Jun-17,475.54
15-Jun-17,472.32
16-Jun-17,466.44
19-Jun-17,461.28
20-Jun-17,468.07
21-Jun-17,467.98
22-Jun-17,466.39
23-Jun-17,467.93
27-Jun-17,459.89
28-Jun-17,458.72
29-Jun-17,461.45
30-Jun-17,464.11
3-Jul-17,472.22
4-Jul-17,477.3
5-Jul-17,471.72
6-Jul-17,469.79
7-Jul-17,464.03
10-Jul-17,474.77
11-Jul-17,483.85
12-Jul-17,482.36
13-Jul-17,484.69
14-Jul-17,482.21
17-Jul-17,488.17
18-Jul-17,488.93
19-Jul-17,486.08
20-Jul-17,480.92
21-Jul-17,486.21
24-Jul-17,491.39
25-Jul-17,493.03
26-Jul-17,493.13
27-Jul-17,481.72
28-Jul-17,494.76
31-Jul-17,501.63
1-Aug-17,498.83
2-Aug-17,492.78
3-Aug-17,488.14
4-Aug-17,488.02
7-Aug-17,480.33
8-Aug-17,478.14
9-Aug-17,480.87
10-Aug-17,486.78
11-Aug-17,489.98
14-Aug-17,486.88
16-Aug-17,483.78
17-Aug-17,506.42
18-Aug-17,458
21-Aug-17,433.27
22-Aug-17,434.27
23-Aug-17,442.9
24-Aug-17,452.5
28-Aug-17,466.81
29-Aug-17,460.09
30-Aug-17,459.69
31-Aug-17,453.89
1-Sep-17,456.37
4-Sep-17,446.57
5-Sep-17,447.41
6-Sep-17,444.29
7-Sep-17,444.36
8-Sep-17,438.68
11-Sep-17,435.9
12-Sep-17,438.56
13-Sep-17,438.41
14-Sep-17,442.7
15-Sep-17,450.56
18-Sep-17,450.98
19-Sep-17,452.55
20-Sep-17,452.77
21-Sep-17,451.21
22-Sep-17,445.63
25-Sep-17,444.16
26-Sep-17,449.4
27-Sep-17,446.37
28-Sep-17,444.49
29-Sep-17,446.42
3-Oct-17,448.23
4-Oct-17,446.27
5-Oct-17,447.98
6-Oct-17,456.47
9-Oct-17,458.33
10-Oct-17,464.06
11-Oct-17,461.7
12-Oct-17,460.01
13-Oct-17,461.4
16-Oct-17,465.82
17-Oct-17,461.6
18-Oct-17,458.55
19-Oct-17,459.84
23-Oct-17,466.07
24-Oct-17,459.62
25-Oct-17,463.98
26-Oct-17,469.96
27-Oct-17,469.46
30-Oct-17,468.35
31-Oct-17,457.31
1-Nov-17,459.89
2-Nov-17,457.83
3-Nov-17,459.69
6-Nov-17,460.71
7-Nov-17,474
8-Nov-17,472.42
9-Nov-17,473.51
10-Nov-17,477.25
13-Nov-17,472.24
14-Nov-17,470.83
15-Nov-17,472.17
16-Nov-17,490.32
17-Nov-17,481.67
20-Nov-17,476.51
21-Nov-17,479.34
22-Nov-17,479.36
23-Nov-17,491.74
24-Nov-17,500.82
27-Nov-17,495.46
28-Nov-17,488.49
29-Nov-17,487.5
30-Nov-17,484.22
1-Dec-17,475.64
4-Dec-17,488.81
5-Dec-17,488.31
6-Dec-17,491.27
7-Dec-17,495.98
8-Dec-17,497
11-Dec-17,498.71
12-Dec-17,501.29
13-Dec-17,497.94
14-Dec-17,502.58
15-Dec-17,507.44
18-Dec-17,504.31
19-Dec-17,498.04
20-Dec-17,503.94
21-Dec-17,507.02
22-Dec-17,515.6
26-Dec-17,513.74
27-Dec-17,513.07
28-Dec-17,512.57
29-Dec-17,516.94
1-Jan-18,512.72
2-Jan-18,510.81
3-Jan-18,506.64
4-Jan-18,503.72
5-Jan-18,502.03
8-Jan-18,513.96
9-Jan-18,516.59
10-Jan-18,522
11-Jan-18,533.68
12-Jan-18,535
15-Jan-18,536.33
16-Jan-18,557.02
17-Jan-18,571.53
18-Jan-18,571.83
19-Jan-18,567.24
22-Jan-18,570.49
23-Jan-18,583.93
24-Jan-18,588.25
25-Jan-18,583.09
29-Jan-18,586.81
30-Jan-18,580.73
31-Jan-18,570.61
1-Feb-18,567.81
2-Feb-18,567.14
5-Feb-18,564.64
6-Feb-18,549.53
7-Feb-18,550.18
8-Feb-18,562.68
9-Feb-18,550.22
12-Feb-18,547.07
14-Feb-18,544.57
15-Feb-18,552.85
16-Feb-18,559.6
19-Feb-18,561.44
20-Feb-18,564.02
21-Feb-18,569.2
22-Feb-18,575.82
23-Feb-18,573.29
26-Feb-18,564.83
27-Feb-18,570.59
28-Feb-18,581.7
1-Mar-18,575.82
5-Mar-18,573.42
6-Mar-18,571.16
7-Mar-18,567.56
8-Mar-18,573.79
9-Mar-18,577.14
12-Mar-18,588.22
13-Mar-18,587.26
14-Mar-18,585.77
15-Mar-18,586.61
16-Mar-18,581.35
19-Mar-18,568.88
20-Mar-18,577.71
21-Mar-18,579.17
22-Mar-18,576.1
23-Mar-18,579.22
26-Mar-18,573.09
27-Mar-18,572.47
28-Mar-18,561.46
2-Apr-18,564.12
3-Apr-18,565.75
4-Apr-18,557.69
5-Apr-18,569.27
6-Apr-18,559.08
9-Apr-18,551.27
10-Apr-18,552.33
11-Apr-18,557.72
12-Apr-18,576.74
13-Apr-18,581.13
16-Apr-18,562.16
17-Apr-18,558.19
18-Apr-18,558.56
19-Apr-18,561.98
20-Apr-18,584.6
23-Apr-18,589.19
24-Apr-18,572.72
25-Apr-18,575.62
26-Apr-18,583.61
27-Apr-18,587.95
30-Apr-18,595.05
2-May-18,593.83
3-May-18,586.64
4-May-18,581.95
7-May-18,586.86
8-May-18,578.2
9-May-18,580.76
10-May-18,579.42
11-May-18,585.74
14-May-18,589.99
15-May-18,592.59
16-May-18,590.31
17-May-18,586.81
18-May-18,586.96
21-May-18,585.12
22-May-18,592.24
23-May-18,587.8
24-May-18,605.71
25-May-18,609.33
28-May-18,602.44
29-May-18,603.58
30-May-18,601.1
31-May-18,611.07
1-Jun-18,605.61
4-Jun-18,614.84
5-Jun-18,605.64
6-Jun-18,613.87
7-Jun-18,621.31
8-Jun-18,625.08
11-Jun-18,626.25
12-Jun-18,624.31
13-Jun-18,632.4
14-Jun-18,619.85
15-Jun-18,640.62
18-Jun-18,633.7
19-Jun-18,620.8
20-Jun-18,621.58
21-Jun-18,623.27
22-Jun-18,623.92
25-Jun-18,636.23
26-Jun-18,638.92
27-Jun-18,635
28-Jun-18,644.8
29-Jun-18,653.6
2-Jul-18,667.35
3-Jul-18,676.88
4-Jul-18,672.6
5-Jul-18,642
6-Jul-18,642.12
9-Jul-18,649.42
10-Jul-18,650.7
11-Jul-18,660.23
12-Jul-18,647.17
13-Jul-18,658.7
16-Jul-18,666.42
17-Jul-18,663.95
18-Jul-18,661.27
19-Jul-18,658.35
20-Jul-18,674.05
23-Jul-18,677.98
24-Jul-18,688.58
25-Jul-18,691.88
26-Jul-18,686.62
27-Jul-18,686.73
30-Jul-18,675.5
31-Jul-18,682.55
1-Aug-18,677.02
2-Aug-18,676.83
3-Aug-18,682.05
6-Aug-18,680.33
7-Aug-18,683.98
8-Aug-18,681.38
9-Aug-18,689.98
10-Aug-18,692.73
13-Aug-18,704.38
14-Aug-18,704.15
16-Aug-18,714.77
17-Aug-18,715.17
20-Aug-18,692.12
21-Aug-18,691.98
23-Aug-18,698.7
24-Aug-18,689.15
27-Aug-18,707.7
28-Aug-18,712.35
29-Aug-18,705.05
30-Aug-18,708.1
31-Aug-18,720.55
3-Sep-18,717.12
4-Sep-18,737.15
5-Sep-18,729.9
6-Sep-18,727.15
7-Sep-18,732.8
10-Sep-18,730.85
11-Sep-18,734.3
12-Sep-18,742.9
14-Sep-18,733.7
17-Sep-18,725.95
18-Sep-18,719.1
19-Sep-18,719.75
21-Sep-18,705.3
24-Sep-18,718.25
25-Sep-18,726.2
26-Sep-18,717.85
27-Sep-18,724.8
28-Sep-18,730.05
1-Oct-18,746.65
3-Oct-18,728.5
4-Oct-18,707.2
5-Oct-18,724.6
8-Oct-18,714.45
9-Oct-18,717.75
10-Oct-18,700.45
11-Oct-18,673.35
12-Oct-18,678.8
15-Oct-18,698.8
16-Oct-18,695.25
17-Oct-18,705.35
19-Oct-18,683.55
22-Oct-18,679.95
23-Oct-18,657.6
24-Oct-18,649.8
25-Oct-18,648.75
26-Oct-18,633.6
29-Oct-18,644.75
30-Oct-18,659.6
31-Oct-18,686.4
1-Nov-18,666.7
2-Nov-18,662.25
5-Nov-18,666
6-Nov-18,666.45
7-Nov-18,675.5
9-Nov-18,659.5
12-Nov-18,664.2
13-Nov-18,665.7
14-Nov-18,653.2
15-Nov-18,656.4
16-Nov-18,650.85
19-Nov-18,651.7
20-Nov-18,641.4
21-Nov-18,619.1
22-Nov-18,620.75
26-Nov-18,621.45
27-Nov-18,638.9
28-Nov-18,666.4
29-Nov-18,661.05
30-Nov-18,667.45
3-Dec-18,670.35
4-Dec-18,685.25
5-Dec-18,681.4
6-Dec-18,668.5
7-Dec-18,682.8
10-Dec-18,669.2
11-Dec-18,674.5
12-Dec-18,678.5
13-Dec-18,697.75
14-Dec-18,706.05
17-Dec-18,694.4
18-Dec-18,676.6
19-Dec-18,664.85
20-Dec-18,667.05
21-Dec-18,646.2
24-Dec-18,649
26-Dec-18,644.05
27-Dec-18,656.8
28-Dec-18,656.95
31-Dec-18,658.95
1-Jan-19,665.05
2-Jan-19,669.05
3-Jan-19,669.15
4-Jan-19,661.05
7-Jan-19,671.7
8-Jan-19,670.05
9-Jan-19,676.1
10-Jan-19,679.7
11-Jan-19,683.5
14-Jan-19,698.06
15-Jan-19,722.63
16-Jan-19,732.77
17-Jan-19,729.34
18-Jan-19,726.95
21-Jan-19,740.93
22-Jan-19,741.28
23-Jan-19,727.65
24-Jan-19,732
25-Jan-19,730.35
28-Jan-19,727.95
29-Jan-19,727.9
30-Jan-19,725.9
31-Jan-19,749.55
1-Feb-19,757.05
4-Feb-19,755.9
5-Feb-19,754.85
6-Feb-19,763.3
7-Feb-19,764
8-Feb-19,760.9
11-Feb-19,762.8
12-Feb-19,750.45
13-Feb-19,754.9
14-Feb-19,740.05
15-Feb-19,741.95
18-Feb-19,741.05
19-Feb-19,724.3
20-Feb-19,740.7
21-Feb-19,733.45
22-Feb-19,734.95
25-Feb-19,754.9
26-Feb-19,742.5
27-Feb-19,735.25
28-Feb-19,734.3
1-Mar-19,741.9
5-Mar-19,732.5
6-Mar-19,732.5
7-Mar-19,722.95
8-Mar-19,712.35
11-Mar-19,711.25
12-Mar-19,706.95
13-Mar-19,708.45
14-Mar-19,708.35
15-Mar-19,718.55
18-Mar-19,710.2
19-Mar-19,722.25
20-Mar-19,738.95
22-Mar-19,743.1
25-Mar-19,735.25
26-Mar-19,727.75
27-Mar-19,729.7
28-Mar-19,737.8
29-Mar-19,743.85
1-Apr-19,755.1
2-Apr-19,759.4
3-Apr-19,753.3
4-Apr-19,747.9
5-Apr-19,759.3
8-Apr-19,767.25
9-Apr-19,760.6
10-Apr-19,752.7
11-Apr-19,742.7
12-Apr-19,747.75
15-Apr-19,727.5
16-Apr-19,724.1
18-Apr-19,717.05
22-Apr-19,721.05
23-Apr-19,728.2
24-Apr-19,736.45
25-Apr-19,728.55
26-Apr-19,738
30-Apr-19,751.35
2-May-19,730.8
3-May-19,723.6
6-May-19,718.4
7-May-19,724.55
8-May-19,719.35
9-May-19,721.05
10-May-19,716.85
13-May-19,719.7
14-May-19,713.85
15-May-19,716.1
16-May-19,733.1
17-May-19,723.9
20-May-19,722.4
21-May-19,709.3
22-May-19,709.75
23-May-19,701.05
24-May-19,709.2
27-May-19,708.1
28-May-19,728.1
29-May-19,727.8
30-May-19,733.55
31-May-19,737.75
3-Jun-19,744.65
4-Jun-19,735.3
6-Jun-19,735.6
7-Jun-19,739.1
10-Jun-19,753.5
11-Jun-19,754.9
12-Jun-19,753.8
13-Jun-19,742.65
14-Jun-19,740.45
17-Jun-19,740.55
18-Jun-19,750.15
19-Jun-19,751.9
20-Jun-19,754.9
21-Jun-19,750.2
24-Jun-19,745.5
25-Jun-19,748.1
26-Jun-19,739.2
27-Jun-19,730.55
28-Jun-19,732
1-Jul-19,731.3
2-Jul-19,740
3-Jul-19,731.3
4-Jul-19,733.8
5-Jul-19,718
8-Jul-19,717.6
9-Jul-19,715.5
10-Jul-19,717.25
11-Jul-19,721.5
12-Jul-19,726.75
15-Jul-19,779.35
16-Jul-19,784.85
17-Jul-19,794.15
18-Jul-19,792.7
19-Jul-19,785.4
22-Jul-19,784.4
23-Jul-19,790.05
24-Jul-19,786.3
25-Jul-19,794.5
26-Jul-19,787
29-Jul-19,791.45
30-Jul-19,792.7
31-Jul-19,793.65
1-Aug-19,768.85
2-Aug-19,775.6
5-Aug-19,776.7
6-Aug-19,774.45
7-Aug-19,776.1
8-Aug-19,788.75
9-Aug-19,789.85
13-Aug-19,764.75
14-Aug-19,774.8
16-Aug-19,774.55
19-Aug-19,777.65
20-Aug-19,792.75
21-Aug-19,799.45
22-Aug-19,795.7
23-Aug-19,802.2
26-Aug-19,802.55
27-Aug-19,784.65
28-Aug-19,802.5
29-Aug-19,806.95
30-Aug-19,814.9
3-Sep-19,814.25
4-Sep-19,821.3
5-Sep-19,834.05
6-Sep-19,840.15
9-Sep-19,829.1
11-Sep-19,820.1
12-Sep-19,816.4
13-Sep-19,829.3
16-Sep-19,827.7
17-Sep-19,831.25
18-Sep-19,829.85
19-Sep-19,820.7
20-Sep-19,805
23-Sep-19,764.35
24-Sep-19,794.05
25-Sep-19,792.65
26-Sep-19,782.55
27-Sep-19,782.2
30-Sep-19,805.65
1-Oct-19,793.55
3-Oct-19,785.6
4-Oct-19,793.45
7-Oct-19,789.55
9-Oct-19,783.65
10-Oct-19,783.05
11-Oct-19,814.8
14-Oct-19,786.1
15-Oct-19,768.3
16-Oct-19,771.45
17-Oct-19,769.5
18-Oct-19,767.85
22-Oct-19,643.55
23-Oct-19,650.6
24-Oct-19,635.35
25-Oct-19,637.45
27-Oct-19,648.85
29-Oct-19,650.65
30-Oct-19,660.6
31-Oct-19,685.6
1-Nov-19,687.9
4-Nov-19,709
5-Nov-19,696.1
6-Nov-19,712.3
7-Nov-19,720.1
8-Nov-19,708.15
11-Nov-19,704.4
13-Nov-19,691.35
14-Nov-19,705.3
