11-Jan-08,119.16
14-Jan-08,123.43
15-Jan-08,122.97
16-Jan-08,121.84
17-Jan-08,120.07
18-Jan-08,114.82
21-Jan-08,107.1
22-Jan-08,100.05
23-Jan-08,102.91
24-Jan-08,102.83
25-Jan-08,107.03
28-Jan-08,103.01
29-Jan-08,102.92
30-Jan-08,108.97
31-Jan-08,112.47
1-Feb-08,111.94
4-Feb-08,110.56
5-Feb-08,111.84
6-Feb-08,109.17
7-Feb-08,105.71
8-Feb-08,105.12
11-Feb-08,100.16
12-Feb-08,99.49
13-Feb-08,99.88
14-Feb-08,101.79
15-Feb-08,103.48
18-Feb-08,103.48
19-Feb-08,108.05
20-Feb-08,106.25
21-Feb-08,108.09
22-Feb-08,108.1
25-Feb-08,109.35
26-Feb-08,109.25
27-Feb-08,109.7
28-Feb-08,108.48
29-Feb-08,110.76
3-Mar-08,111.95
4-Mar-08,106.97
5-Mar-08,105.14
7-Mar-08,103.83
10-Mar-08,102.42
11-Mar-08,106.79
12-Mar-08,103.67
13-Mar-08,100.37
14-Mar-08,99.26
17-Mar-08,94.21
18-Mar-08,96.16
19-Mar-08,99.38
24-Mar-08,99.13
25-Mar-08,99.02
26-Mar-08,95.66
27-Mar-08,95.52
28-Mar-08,96.66
31-Mar-08,99.7
1-Apr-08,97.58
2-Apr-08,96.44
3-Apr-08,95.91
4-Apr-08,95.43
7-Apr-08,98.69
8-Apr-08,99.19
9-Apr-08,101.32
10-Apr-08,98.46
11-Apr-08,99.03
15-Apr-08,100.37
16-Apr-08,104.88
17-Apr-08,106.79
21-Apr-08,108.32
22-Apr-08,108.49
23-Apr-08,110.06
24-Apr-08,115.47
25-Apr-08,115.79
28-Apr-08,115.38
29-Apr-08,115.04
30-Apr-08,112.95
2-May-08,113.21
5-May-08,112.53
6-May-08,111.67
7-May-08,111.46
8-May-08,112.83
9-May-08,111.92
12-May-08,110.55
13-May-08,113.01
14-May-08,116.35
15-May-08,128.91
16-May-08,135.14
20-May-08,133.06
21-May-08,134.51
22-May-08,133.38
23-May-08,136.76
26-May-08,133.51
27-May-08,132.83
28-May-08,135.01
29-May-08,141.69
30-May-08,143.41
2-Jun-08,136.3
3-Jun-08,139.62
4-Jun-08,134.32
5-Jun-08,133.33
6-Jun-08,129.8
9-Jun-08,140.16
10-Jun-08,136.53
11-Jun-08,137.76
12-Jun-08,145.1
13-Jun-08,141.17
16-Jun-08,145.06
17-Jun-08,143.97
18-Jun-08,140.6
19-Jun-08,137.54
20-Jun-08,137.81
23-Jun-08,135.93
24-Jun-08,130.93
25-Jun-08,138.67
26-Jun-08,135.81
27-Jun-08,135.09
30-Jun-08,133.32
1-Jul-08,134.07
2-Jul-08,139.82
3-Jul-08,137.66
4-Jul-08,136.67
7-Jul-08,133.37
8-Jul-08,136.95
9-Jul-08,136.94
10-Jul-08,135.2
11-Jul-08,139.71
14-Jul-08,139.25
15-Jul-08,136.83
16-Jul-08,136.46
17-Jul-08,137.41
18-Jul-08,136.98
21-Jul-08,139.82
22-Jul-08,145.38
23-Jul-08,146.65
24-Jul-08,143.94
25-Jul-08,143.87
28-Jul-08,145.45
29-Jul-08,143.89
30-Jul-08,146.75
31-Jul-08,147.52
1-Aug-08,148.26
4-Aug-08,151.59
5-Aug-08,151
6-Aug-08,148.68
7-Aug-08,147.14
8-Aug-08,145.69
11-Aug-08,147.69
12-Aug-08,149.87
13-Aug-08,150.91
14-Aug-08,149.1
18-Aug-08,147.67
19-Aug-08,147.17
20-Aug-08,147.8
21-Aug-08,145.75
22-Aug-08,148.08
25-Aug-08,147.08
26-Aug-08,146.31
27-Aug-08,144.75
28-Aug-08,146.34
29-Aug-08,146.34
1-Sep-08,146.21
2-Sep-08,147.99
4-Sep-08,150.36
5-Sep-08,150.06
8-Sep-08,151.48
9-Sep-08,149.2
10-Sep-08,150.14
11-Sep-08,145.79
12-Sep-08,146.21
15-Sep-08,144.94
16-Sep-08,148.28
17-Sep-08,147.73
18-Sep-08,144.02
19-Sep-08,144.35
22-Sep-08,144.08
23-Sep-08,144.06
24-Sep-08,143.35
25-Sep-08,143.31
26-Sep-08,143.44
29-Sep-08,142.14
30-Sep-08,143.96
1-Oct-08,150.92
3-Oct-08,154.04
6-Oct-08,148.91
7-Oct-08,148.88
8-Oct-08,145.65
10-Oct-08,124.3
13-Oct-08,135.51
14-Oct-08,143.03
15-Oct-08,136.21
16-Oct-08,130.67
17-Oct-08,124.65
20-Oct-08,129.73
21-Oct-08,138.89
22-Oct-08,132.61
23-Oct-08,127.38
24-Oct-08,125.49
27-Oct-08,126.38
28-Oct-08,131.38
29-Oct-08,132.92
31-Oct-08,132.98
3-Nov-08,143.01
4-Nov-08,143.34
5-Nov-08,138.77
6-Nov-08,139.06
7-Nov-08,138.25
10-Nov-08,138.02
11-Nov-08,123.8
12-Nov-08,120.95
14-Nov-08,116.44
17-Nov-08,111.67
18-Nov-08,108.04
19-Nov-08,110.26
20-Nov-08,107.04
21-Nov-08,109.59
24-Nov-08,109.39
25-Nov-08,109.86
26-Nov-08,114.37
28-Nov-08,117.17
1-Dec-08,111.54
2-Dec-08,116.45
3-Dec-08,117.17
4-Dec-08,117.3
5-Dec-08,115.93
8-Dec-08,111.28
10-Dec-08,113.34
11-Dec-08,109.48
12-Dec-08,108.9
15-Dec-08,109.51
16-Dec-08,115.12
17-Dec-08,110.82
18-Dec-08,115.3
19-Dec-08,120.43
22-Dec-08,119.07
23-Dec-08,119.84
24-Dec-08,118.41
26-Dec-08,117.95
29-Dec-08,118.07
30-Dec-08,118.43
31-Dec-08,123.57
1-Jan-09,124.45
2-Jan-09,131.42
5-Jan-09,126.46
6-Jan-09,122.83
7-Jan-09,117.01
9-Jan-09,115.91
12-Jan-09,115.7
13-Jan-09,113.83
14-Jan-09,117.74
15-Jan-09,116.56
16-Jan-09,121.18
19-Jan-09,119.22
20-Jan-09,120.55
21-Jan-09,117.07
22-Jan-09,117.87
23-Jan-09,116.9
27-Jan-09,113.12
28-Jan-09,112.57
29-Jan-09,112.34
30-Jan-09,113.95
2-Feb-09,112.89
3-Feb-09,113.92
4-Feb-09,114.64
5-Feb-09,117.54
6-Feb-09,120.96
9-Feb-09,122.32
10-Feb-09,124.87
11-Feb-09,125.5
12-Feb-09,127.46
13-Feb-09,127.94
16-Feb-09,125.54
17-Feb-09,122.01
18-Feb-09,120.82
19-Feb-09,120.97
20-Feb-09,122.61
24-Feb-09,124.34
25-Feb-09,128.72
26-Feb-09,126.11
27-Feb-09,129.86
2-Mar-09,127.34
3-Mar-09,125.35
4-Mar-09,125.07
5-Mar-09,118.26
6-Mar-09,117.39
9-Mar-09,118.71
12-Mar-09,118.54
13-Mar-09,116.9
16-Mar-09,119.03
17-Mar-09,123.16
18-Mar-09,127.79
19-Mar-09,125.38
20-Mar-09,119.76
23-Mar-09,123.23
24-Mar-09,126.84
25-Mar-09,123.17
26-Mar-09,126.57
27-Mar-09,128.96
30-Mar-09,132.27
31-Mar-09,136.91
1-Apr-09,132.64
2-Apr-09,134.54
6-Apr-09,128.11
8-Apr-09,130.76
9-Apr-09,129.99
13-Apr-09,133.69
15-Apr-09,135.24
16-Apr-09,139.27
17-Apr-09,136.35
20-Apr-09,139.3
21-Apr-09,141.83
22-Apr-09,137.46
23-Apr-09,138.2
24-Apr-09,141.4
27-Apr-09,147.05
28-Apr-09,143.47
29-Apr-09,143.71
4-May-09,146.13
5-May-09,145.61
6-May-09,146.47
7-May-09,152.62
8-May-09,158.37
11-May-09,155.15
12-May-09,155.63
13-May-09,156.66
14-May-09,149.97
15-May-09,156.31
18-May-09,162.93
19-May-09,164.07
20-May-09,173.07
21-May-09,175.42
22-May-09,171.6
25-May-09,173
26-May-09,173.24
27-May-09,170.95
28-May-09,168.17
29-May-09,167.23
1-Jun-09,161.64
2-Jun-09,163.07
3-Jun-09,167.45
4-Jun-09,168.8
5-Jun-09,170.98
8-Jun-09,165.47
9-Jun-09,168.74
10-Jun-09,175.7
11-Jun-09,174.36
12-Jun-09,167.87
15-Jun-09,171.97
16-Jun-09,167.53
17-Jun-09,170.29
18-Jun-09,164.93
19-Jun-09,163.27
22-Jun-09,166.13
23-Jun-09,169.48
24-Jun-09,173.56
25-Jun-09,178.95
26-Jun-09,168.79
29-Jun-09,164.79
30-Jun-09,163.24
1-Jul-09,165.5
2-Jul-09,166.71
3-Jul-09,169.74
6-Jul-09,166.08
7-Jul-09,167.76
8-Jul-09,161.93
9-Jul-09,160
10-Jul-09,158.75
13-Jul-09,159.75
14-Jul-09,164.81
15-Jul-09,172.37
16-Jul-09,178.11
17-Jul-09,180.49
20-Jul-09,181.83
21-Jul-09,179.73
22-Jul-09,186.85
23-Jul-09,193.03
24-Jul-09,189.1
27-Jul-09,190.78
28-Jul-09,189.74
29-Jul-09,188.64
30-Jul-09,183.07
31-Jul-09,190.08
3-Aug-09,187.91
4-Aug-09,185.25
5-Aug-09,187.87
6-Aug-09,187.29
7-Aug-09,194.58
10-Aug-09,196.1
11-Aug-09,198.92
12-Aug-09,199.75
13-Aug-09,200.67
14-Aug-09,196.02
17-Aug-09,195.22
18-Aug-09,194.77
19-Aug-09,193.76
20-Aug-09,197.86
21-Aug-09,198.03
24-Aug-09,200.04
25-Aug-09,207.6
26-Aug-09,207.48
27-Aug-09,207.98
28-Aug-09,207.73
31-Aug-09,203.03
1-Sep-09,195.08
2-Sep-09,193.04
3-Sep-09,193.3
4-Sep-09,196.58
7-Sep-09,202.69
8-Sep-09,202.83
9-Sep-09,208.63
10-Sep-09,212.62
11-Sep-09,208.83
14-Sep-09,209.28
15-Sep-09,216.09
16-Sep-09,220.51
17-Sep-09,215.92
18-Sep-09,217.83
22-Sep-09,214.02
23-Sep-09,212.19
24-Sep-09,225.21
25-Sep-09,226.65
29-Sep-09,228.52
30-Sep-09,227
1-Oct-09,226.96
5-Oct-09,234.67
6-Oct-09,242.39
7-Oct-09,254.97
8-Oct-09,252.46
9-Oct-09,246.68
12-Oct-09,260.19
14-Oct-09,252.03
15-Oct-09,253.65
16-Oct-09,255.9
17-Oct-09,258.88
20-Oct-09,256.63
21-Oct-09,249.14
22-Oct-09,239.54
23-Oct-09,250.43
26-Oct-09,247.47
27-Oct-09,250.79
28-Oct-09,233.78
29-Oct-09,245.95
30-Oct-09,245.99
3-Nov-09,245.63
4-Nov-09,251.75
5-Nov-09,263.86
6-Nov-09,264.01
9-Nov-09,270.05
10-Nov-09,265.97
11-Nov-09,268.4
12-Nov-09,264.32
13-Nov-09,264.33
16-Nov-09,270.86
17-Nov-09,270.65
18-Nov-09,270.74
19-Nov-09,268.13
20-Nov-09,266.09
23-Nov-09,265.92
24-Nov-09,267.39
25-Nov-09,266.04
26-Nov-09,275.32
27-Nov-09,272.23
30-Nov-09,275.06
1-Dec-09,280.07
2-Dec-09,276.47
3-Dec-09,281.03
4-Dec-09,287.73
7-Dec-09,281.11
8-Dec-09,282.89
9-Dec-09,281.46
10-Dec-09,287.55
11-Dec-09,289.46
14-Dec-09,289.22
15-Dec-09,287.93
16-Dec-09,286.59
17-Dec-09,291.17
18-Dec-09,303.8
21-Dec-09,299.86
22-Dec-09,289.27
23-Dec-09,290.86
24-Dec-09,292.9
29-Dec-09,293.03
30-Dec-09,292.58
31-Dec-09,294.82
4-Jan-10,291.94
5-Jan-10,287.68
6-Jan-10,293.84
7-Jan-10,288.13
8-Jan-10,287.88
11-Jan-10,282.88
12-Jan-10,281.02
13-Jan-10,279.81
14-Jan-10,278.53
15-Jan-10,284.22
18-Jan-10,284.24
19-Jan-10,282.83
20-Jan-10,284.87
21-Jan-10,282.26
22-Jan-10,285.82
25-Jan-10,286.48
27-Jan-10,282.24
28-Jan-10,280.8
29-Jan-10,284.53
1-Feb-10,314.56
2-Feb-10,311.15
3-Feb-10,310
4-Feb-10,305.16
5-Feb-10,307.19
6-Feb-10,310.04
8-Feb-10,302.76
9-Feb-10,313.08
10-Feb-10,316.26
11-Feb-10,314.77
15-Feb-10,315.28
16-Feb-10,311.75
17-Feb-10,313.89
18-Feb-10,308.54
19-Feb-10,305.54
22-Feb-10,299.16
23-Feb-10,295.57
24-Feb-10,292.13
25-Feb-10,299.59
26-Feb-10,300.14
2-Mar-10,300.6
3-Mar-10,302.28
4-Mar-10,306.9
5-Mar-10,306.89
8-Mar-10,317.56
9-Mar-10,317.78
10-Mar-10,314.13
11-Mar-10,317.21
12-Mar-10,317.24
15-Mar-10,319.73
16-Mar-10,315.58
17-Mar-10,325.02
18-Mar-10,320.9
19-Mar-10,322.86
22-Mar-10,329.32
23-Mar-10,332.43
25-Mar-10,329.05
26-Mar-10,328.7
29-Mar-10,328.64
30-Mar-10,318.6
31-Mar-10,325.47
1-Apr-10,323.48
5-Apr-10,327.64
6-Apr-10,320.8
7-Apr-10,324.92
8-Apr-10,322.35
9-Apr-10,326.04
12-Apr-10,324.91
13-Apr-10,321.42
15-Apr-10,323.54
16-Apr-10,331.95
19-Apr-10,330.86
20-Apr-10,334.36
21-Apr-10,329.06
22-Apr-10,327.58
23-Apr-10,331.36
26-Apr-10,329.7
27-Apr-10,334.41
28-Apr-10,337.09
29-Apr-10,336.46
30-Apr-10,341.27
3-May-10,353.29
4-May-10,349.62
5-May-10,363.89
6-May-10,363.44
7-May-10,359.39
10-May-10,359.12
11-May-10,355.05
12-May-10,356.25
13-May-10,360.12
14-May-10,359.25
17-May-10,353.7
18-May-10,361.07
19-May-10,353.98
20-May-10,358.86
21-May-10,362.84
24-May-10,361.32
25-May-10,361.56
26-May-10,361.73
27-May-10,357.9
28-May-10,365.31
31-May-10,372.04
1-Jun-10,370.86
2-Jun-10,368.58
3-Jun-10,369.04
4-Jun-10,370.24
7-Jun-10,371.4
8-Jun-10,368.53
9-Jun-10,371.6
10-Jun-10,377.55
11-Jun-10,373.88
14-Jun-10,369.92
15-Jun-10,375.81
16-Jun-10,376.42
17-Jun-10,375.98
18-Jun-10,376.26
21-Jun-10,376.85
22-Jun-10,377.27
23-Jun-10,378.64
24-Jun-10,384.17
25-Jun-10,382.73
28-Jun-10,386.28
29-Jun-10,385.1
30-Jun-10,393.57
1-Jul-10,386
2-Jul-10,386.45
5-Jul-10,385.06
6-Jul-10,383.56
7-Jul-10,385.34
8-Jul-10,384.89
9-Jul-10,384.26
12-Jul-10,380.7
13-Jul-10,375.92
14-Jul-10,374.95
15-Jul-10,370.63
16-Jul-10,375.01
19-Jul-10,373.85
20-Jul-10,374.3
21-Jul-10,375.57
22-Jul-10,372.44
23-Jul-10,379.44
26-Jul-10,393.13
27-Jul-10,390.71
28-Jul-10,385.18
29-Jul-10,380.46
30-Jul-10,375.59
2-Aug-10,380.97
3-Aug-10,384.23
4-Aug-10,383.66
5-Aug-10,377.58
6-Aug-10,378.14
9-Aug-10,379.27
10-Aug-10,372.14
11-Aug-10,366.73
12-Aug-10,362.35
13-Aug-10,367.09
16-Aug-10,361.46
17-Aug-10,357.87
18-Aug-10,360.55
19-Aug-10,360.98
20-Aug-10,370.97
23-Aug-10,374.92
24-Aug-10,382.15
25-Aug-10,379.25
26-Aug-10,373.61
27-Aug-10,373.1
30-Aug-10,365.3
31-Aug-10,356.4
1-Sep-10,356.8
2-Sep-10,360.35
3-Sep-10,366
6-Sep-10,371.55
7-Sep-10,368.3
8-Sep-10,375.5
9-Sep-10,375.8
13-Sep-10,375.1
14-Sep-10,371.9
15-Sep-10,372.6
16-Sep-10,363.9
17-Sep-10,387.7
20-Sep-10,388.75
21-Sep-10,386.5
22-Sep-10,385.05
23-Sep-10,399.25
24-Sep-10,401.5
27-Sep-10,402.95
28-Sep-10,395.15
29-Sep-10,389.4
30-Sep-10,388.1
1-Oct-10,397.4
4-Oct-10,405.75
5-Oct-10,409.05
6-Oct-10,412
7-Oct-10,407.1
8-Oct-10,411.5
11-Oct-10,413.2
12-Oct-10,424
13-Oct-10,425.75
14-Oct-10,431.9
15-Oct-10,425.65
18-Oct-10,415.1
19-Oct-10,423.5
20-Oct-10,436.65
21-Oct-10,441.85
22-Oct-10,442.35
25-Oct-10,454.7
26-Oct-10,441.2
27-Oct-10,448.85
28-Oct-10,440.9
29-Oct-10,438.3
1-Nov-10,444.5
2-Nov-10,443.8
3-Nov-10,452
4-Nov-10,447.85
5-Nov-10,450.95
8-Nov-10,447.9
9-Nov-10,458.65
10-Nov-10,467.25
11-Nov-10,477.65
12-Nov-10,469.75
15-Nov-10,484.9
16-Nov-10,477.8
18-Nov-10,492.85
19-Nov-10,491.65
22-Nov-10,488.75
23-Nov-10,482.7
24-Nov-10,486.8
25-Nov-10,493.8
26-Nov-10,491.3
29-Nov-10,508
30-Nov-10,511.45
1-Dec-10,511.5
2-Dec-10,501
3-Dec-10,496
6-Dec-10,478.15
7-Dec-10,472.4
8-Dec-10,465.7
9-Dec-10,439.1
10-Dec-10,453.3
13-Dec-10,460.6
14-Dec-10,461.2
15-Dec-10,448
16-Dec-10,454.45
20-Dec-10,448.15
21-Dec-10,450.65
22-Dec-10,450.95
23-Dec-10,451.15
24-Dec-10,455.15
27-Dec-10,454.25
28-Dec-10,460.55
29-Dec-10,467.8
30-Dec-10,474.75
31-Dec-10,482.45
3-Jan-11,486.6
4-Jan-11,489.9
5-Jan-11,487.55
6-Jan-11,489.55
7-Jan-11,473.7
10-Jan-11,463.4
11-Jan-11,451.9
12-Jan-11,462.25
13-Jan-11,467.75
14-Jan-11,459.45
17-Jan-11,466.5
18-Jan-11,469.7
19-Jan-11,458.7
20-Jan-11,464.8
21-Jan-11,459.85
24-Jan-11,469.15
25-Jan-11,467.45
27-Jan-11,441.8
28-Jan-11,419.25
31-Jan-11,421.9
1-Feb-11,411.55
2-Feb-11,415.15
3-Feb-11,422.8
4-Feb-11,422.7
7-Feb-11,410.25
8-Feb-11,396
9-Feb-11,378.55
10-Feb-11,392.7
11-Feb-11,410.1
14-Feb-11,426.15
15-Feb-11,422.95
16-Feb-11,416.4
17-Feb-11,414.75
18-Feb-11,403.7
21-Feb-11,412.05
22-Feb-11,411.9
23-Feb-11,404.55
24-Feb-11,386.85
25-Feb-11,373.85
28-Feb-11,381.2
1-Mar-11,395.8
3-Mar-11,397.8
4-Mar-11,397.2
7-Mar-11,392.9
8-Mar-11,391.4
9-Mar-11,394.55
10-Mar-11,389.9
11-Mar-11,387.7
14-Mar-11,395.3
15-Mar-11,379.5
16-Mar-11,391.6
17-Mar-11,392.45
18-Mar-11,392.35
21-Mar-11,403.75
22-Mar-11,407.2
23-Mar-11,415.3
24-Mar-11,405.75
25-Mar-11,406.1
28-Mar-11,405.45
29-Mar-11,402.9
30-Mar-11,416.55
31-Mar-11,416.65
1-Apr-11,417.15
4-Apr-11,415.4
5-Apr-11,411.55
6-Apr-11,405.85
7-Apr-11,407.55
8-Apr-11,410.75
11-Apr-11,408.95
13-Apr-11,413.95
15-Apr-11,410.9
18-Apr-11,410.1
19-Apr-11,409.25
20-Apr-11,417.05
21-Apr-11,411.7
25-Apr-11,415.35
26-Apr-11,419.25
27-Apr-11,423.55
28-Apr-11,434.9
29-Apr-11,440.85
2-May-11,432.75
3-May-11,422.8
4-May-11,423.7
5-May-11,431.75
6-May-11,419.45
9-May-11,428.6
10-May-11,425.1
11-May-11,420.6
12-May-11,424.2
13-May-11,440.15
16-May-11,448.05
17-May-11,443.8
18-May-11,444.2
19-May-11,444.6
20-May-11,438.75
23-May-11,434.1
24-May-11,434.75
25-May-11,439.2
26-May-11,442.1
27-May-11,445.15
30-May-11,451.3
31-May-11,469.9
1-Jun-11,466.6
2-Jun-11,455.3
3-Jun-11,450.05
6-Jun-11,443.3
7-Jun-11,448.1
8-Jun-11,443.6
9-Jun-11,439.1
10-Jun-11,438.85
13-Jun-11,433.35
14-Jun-11,439.45
15-Jun-11,441.55
16-Jun-11,447.7
17-Jun-11,442.3
20-Jun-11,431.35
21-Jun-11,435.1
22-Jun-11,425.85
23-Jun-11,430.55
24-Jun-11,430.4
27-Jun-11,446.5
28-Jun-11,445
29-Jun-11,446.15
30-Jun-11,449.2
1-Jul-11,448.75
4-Jul-11,448.65
5-Jul-11,446.15
6-Jul-11,450.15
7-Jul-11,461.5
8-Jul-11,455.4
11-Jul-11,456.45
12-Jul-11,458.3
13-Jul-11,469.05
14-Jul-11,479.1
15-Jul-11,484.15
18-Jul-11,479.25
19-Jul-11,479.7
20-Jul-11,460.55
21-Jul-11,446.85
22-Jul-11,452.6
25-Jul-11,457.65
26-Jul-11,463.95
27-Jul-11,448.8
28-Jul-11,449.2
29-Jul-11,454.75
1-Aug-11,455.65
2-Aug-11,459.85
3-Aug-11,453.85
4-Aug-11,459.1
5-Aug-11,449.75
8-Aug-11,445.75
9-Aug-11,439.9
10-Aug-11,462.45
11-Aug-11,453.9
12-Aug-11,453.05
16-Aug-11,453.55
17-Aug-11,445.45
18-Aug-11,438.85
19-Aug-11,436.2
22-Aug-11,439.75
23-Aug-11,438
24-Aug-11,450.15
25-Aug-11,463.6
26-Aug-11,453.5
29-Aug-11,459.55
30-Aug-11,448.75
2-Sep-11,467.8
5-Sep-11,471.95
6-Sep-11,483.8
7-Sep-11,468.95
8-Sep-11,470.3
9-Sep-11,474.95
12-Sep-11,465
13-Sep-11,468.3
14-Sep-11,479.95
15-Sep-11,476.3
16-Sep-11,479.35
19-Sep-11,473.9
20-Sep-11,483.55
21-Sep-11,487.8
22-Sep-11,479.75
23-Sep-11,475.6
26-Sep-11,463.45
27-Sep-11,468.5
28-Sep-11,477
29-Sep-11,475.05
30-Sep-11,474.35
3-Oct-11,472.4
4-Oct-11,464.45
5-Oct-11,469.7
7-Oct-11,459.4
10-Oct-11,457.45
11-Oct-11,468.75
12-Oct-11,462.3
13-Oct-11,453.8
14-Oct-11,455.05
17-Oct-11,464.05
18-Oct-11,467.55
19-Oct-11,472.4
20-Oct-11,469.9
21-Oct-11,466.55
24-Oct-11,474.95
25-Oct-11,477.1
26-Oct-11,482.35
28-Oct-11,474.65
31-Oct-11,470.2
1-Nov-11,475.35
2-Nov-11,475.85
3-Nov-11,474.65
4-Nov-11,483.2
8-Nov-11,480.65
9-Nov-11,474.55
11-Nov-11,473.5
14-Nov-11,466.3
15-Nov-11,461.25
16-Nov-11,455.95
17-Nov-11,446.5
18-Nov-11,449.3
21-Nov-11,442.45
22-Nov-11,447.45
23-Nov-11,456.75
24-Nov-11,467.7
25-Nov-11,469.65
28-Nov-11,469.9
29-Nov-11,466.3
30-Nov-11,474.35
1-Dec-11,465.5
2-Dec-11,470.05
5-Dec-11,466.05
7-Dec-11,450.5
8-Dec-11,443.95
9-Dec-11,441.35
12-Dec-11,434.8
13-Dec-11,426.45
14-Dec-11,413.35
15-Dec-11,434.55
16-Dec-11,430.1
19-Dec-11,429.05
20-Dec-11,427.2
21-Dec-11,437.05
22-Dec-11,441.6
23-Dec-11,427.9
26-Dec-11,420.75
27-Dec-11,425.7
28-Dec-11,436.7
29-Dec-11,439.9
30-Dec-11,447.85
2-Jan-12,439.2
3-Jan-12,436.4
4-Jan-12,446.15
5-Jan-12,448.85
6-Jan-12,442.9
7-Jan-12,444.9
9-Jan-12,439.95
10-Jan-12,439.9
11-Jan-12,434.5
12-Jan-12,437.2
13-Jan-12,428.7
16-Jan-12,421.3
17-Jan-12,433.25
18-Jan-12,433.05
19-Jan-12,443.15
20-Jan-12,440.85
23-Jan-12,437.65
24-Jan-12,446.9
25-Jan-12,459.15
27-Jan-12,467
30-Jan-12,471.5
31-Jan-12,475
1-Feb-12,478.45
2-Feb-12,476.1
3-Feb-12,478.85
6-Feb-12,485.55
7-Feb-12,484.1
8-Feb-12,480.4
9-Feb-12,471.5
10-Feb-12,458.9
13-Feb-12,463.75
14-Feb-12,474.9
15-Feb-12,489.2
16-Feb-12,491.3
17-Feb-12,488.75
21-Feb-12,473.6
22-Feb-12,461.25
23-Feb-12,478.35
24-Feb-12,470.9
27-Feb-12,476.45
28-Feb-12,485.15
29-Feb-12,480.85
1-Mar-12,482.55
2-Mar-12,488.2
3-Mar-12,493.75
5-Mar-12,494.85
6-Mar-12,498.05
7-Mar-12,501.7
9-Mar-12,501.9
12-Mar-12,498.5
13-Mar-12,502
14-Mar-12,506.8
15-Mar-12,504.2
16-Mar-12,503.55
19-Mar-12,506.1
20-Mar-12,510.25
21-Mar-12,523.2
22-Mar-12,509.05
23-Mar-12,510.9
26-Mar-12,509.5
27-Mar-12,512.65
28-Mar-12,516.35
29-Mar-12,519.55
30-Mar-12,529.5
2-Apr-12,538.45
3-Apr-12,534.4
4-Apr-12,534.45
9-Apr-12,539.45
10-Apr-12,545.05
11-Apr-12,555.8
12-Apr-12,549.9
13-Apr-12,563
16-Apr-12,566.15
17-Apr-12,554.8
18-Apr-12,553.45
19-Apr-12,551.9
20-Apr-12,551.6
23-Apr-12,548.85
24-Apr-12,539.4
25-Apr-12,553.65
26-Apr-12,542.25
27-Apr-12,537.7
28-Apr-12,538.75
30-Apr-12,552.4
2-May-12,547.05
3-May-12,539.35
4-May-12,552.25
7-May-12,551.55
8-May-12,546.95
9-May-12,545.35
10-May-12,522.15
11-May-12,515
14-May-12,540.65
15-May-12,537.35
16-May-12,541.2
17-May-12,544.75
18-May-12,535.75
21-May-12,543.7
22-May-12,545.05
23-May-12,538.55
24-May-12,534.05
25-May-12,530.6
28-May-12,533.75
29-May-12,531.95
30-May-12,529.05
31-May-12,541.7
1-Jun-12,538.35
4-Jun-12,532.9
5-Jun-12,540.45
6-Jun-12,552.1
7-Jun-12,548.3
8-Jun-12,545.25
11-Jun-12,524.45
12-Jun-12,510.5
13-Jun-12,515.6
14-Jun-12,515.8
15-Jun-12,513.1
18-Jun-12,514.1
19-Jun-12,520.55
20-Jun-12,526.6
21-Jun-12,527.9
22-Jun-12,527.35
25-Jun-12,522.05
26-Jun-12,524.95
27-Jun-12,523.3
28-Jun-12,533.5
29-Jun-12,537.15
2-Jul-12,544
3-Jul-12,537.05
4-Jul-12,537.55
5-Jul-12,540.4
6-Jul-12,546.55
9-Jul-12,545.7
10-Jul-12,547.7
11-Jul-12,546.8
12-Jul-12,552
13-Jul-12,554.75
16-Jul-12,571.15
17-Jul-12,569.9
18-Jul-12,569.3
19-Jul-12,572
20-Jul-12,569.35
23-Jul-12,570.35
24-Jul-12,581.75
25-Jul-12,585.7
26-Jul-12,565.55
27-Jul-12,566.35
30-Jul-12,590.45
31-Jul-12,600.9
1-Aug-12,595.8
2-Aug-12,591.65
3-Aug-12,580.85
6-Aug-12,590.45
7-Aug-12,588.2
8-Aug-12,581.8
9-Aug-12,582.9
10-Aug-12,580.75
13-Aug-12,582
14-Aug-12,575.95
16-Aug-12,556.05
17-Aug-12,570.5
21-Aug-12,571.6
22-Aug-12,577.65
23-Aug-12,578.45
24-Aug-12,581.75
27-Aug-12,573.05
28-Aug-12,570.85
29-Aug-12,577.35
30-Aug-12,589.45
31-Aug-12,593.1
3-Sep-12,588.45
4-Sep-12,594.85
5-Sep-12,585.95
6-Sep-12,607
7-Sep-12,609.1
8-Sep-12,617.55
10-Sep-12,626.95
11-Sep-12,616.15
12-Sep-12,620.05
13-Sep-12,599.75
14-Sep-12,575.55
17-Sep-12,572.1
18-Sep-12,567.35
20-Sep-12,579.2
21-Sep-12,583.25
24-Sep-12,576.8
25-Sep-12,583.15
26-Sep-12,585.15
27-Sep-12,596.25
28-Sep-12,595.95
1-Oct-12,599.55
3-Oct-12,597.6
4-Oct-12,579.2
5-Oct-12,568.15
8-Oct-12,565.55
9-Oct-12,575.45
10-Oct-12,566.95
11-Oct-12,549.35
12-Oct-12,566.3
15-Oct-12,561.45
16-Oct-12,555.55
17-Oct-12,571.75
18-Oct-12,572.8
19-Oct-12,573.4
22-Oct-12,569.8
23-Oct-12,562.95
25-Oct-12,572.8
26-Oct-12,566.1
29-Oct-12,565.3
30-Oct-12,566
31-Oct-12,566.45
1-Nov-12,566.35
2-Nov-12,579.65
5-Nov-12,583.85
6-Nov-12,588.05
7-Nov-12,588.65
8-Nov-12,583.9
9-Nov-12,584.7
12-Nov-12,585.3
13-Nov-12,584
15-Nov-12,575.95
16-Nov-12,576.6
19-Nov-12,561.9
20-Nov-12,568.15
21-Nov-12,563
22-Nov-12,564.8
23-Nov-12,560.2
26-Nov-12,565.15
27-Nov-12,574.7
29-Nov-12,578.15
30-Nov-12,591
3-Dec-12,585.9
4-Dec-12,594.3
5-Dec-12,596.35
6-Dec-12,594.7
7-Dec-12,598.9
10-Dec-12,604.35
11-Dec-12,600.8
12-Dec-12,606.65
13-Dec-12,609.35
14-Dec-12,605.25
17-Dec-12,599.7
18-Dec-12,609.9
19-Dec-12,616.85
20-Dec-12,614.3
21-Dec-12,598.55
24-Dec-12,606.65
26-Dec-12,613.1
27-Dec-12,613.95
28-Dec-12,613.5
31-Dec-12,613.85
1-Jan-13,614.7
2-Jan-13,614.9
3-Jan-13,608.85
4-Jan-13,604.5
7-Jan-13,598.8
8-Jan-13,597.95
9-Jan-13,592.3
10-Jan-13,585.05
11-Jan-13,587.7
14-Jan-13,579.1
15-Jan-13,583.15
16-Jan-13,579.9
17-Jan-13,586.55
18-Jan-13,588.35
21-Jan-13,594.65
22-Jan-13,585.15
23-Jan-13,585.1
24-Jan-13,590.25
25-Jan-13,599.45
28-Jan-13,595.2
29-Jan-13,597.25
30-Jan-13,599.3
31-Jan-13,604.3
1-Feb-13,609.9
4-Feb-13,597.05
5-Feb-13,594.95
6-Feb-13,599.3
7-Feb-13,595
8-Feb-13,597.45
11-Feb-13,594.4
12-Feb-13,605
13-Feb-13,594.25
14-Feb-13,590.2
15-Feb-13,587.25
18-Feb-13,592.55
19-Feb-13,598.55
20-Feb-13,595.75
21-Feb-13,593.9
22-Feb-13,600.6
25-Feb-13,610.55
26-Feb-13,597.8
27-Feb-13,597.8
28-Feb-13,584.95
1-Mar-13,595.1
4-Mar-13,593.15
5-Mar-13,596.85
6-Mar-13,597.9
7-Mar-13,596.45
8-Mar-13,604.2
11-Mar-13,600.9
12-Mar-13,600
13-Mar-13,600.35
14-Mar-13,600.1
15-Mar-13,609.75
18-Mar-13,614.15
19-Mar-13,619.6
20-Mar-13,626.05
21-Mar-13,624.75
22-Mar-13,627.5
25-Mar-13,630.6
26-Mar-13,620.75
28-Mar-13,628.55
1-Apr-13,631.1
2-Apr-13,636.75
3-Apr-13,634.45
4-Apr-13,629.15
5-Apr-13,618.2
8-Apr-13,619.45
9-Apr-13,610.35
10-Apr-13,624.2
11-Apr-13,646
12-Apr-13,659.8
15-Apr-13,657.45
16-Apr-13,657.7
17-Apr-13,672.35
18-Apr-13,671.85
22-Apr-13,683.4
23-Apr-13,680.1
25-Apr-13,691.35
26-Apr-13,685.2
29-Apr-13,686.6
30-Apr-13,702.6
2-May-13,697.15
3-May-13,705.6
6-May-13,698.5
7-May-13,714.6
8-May-13,730.8
9-May-13,725.75
10-May-13,742.4
11-May-13,766.2
13-May-13,752.75
14-May-13,751.25
15-May-13,782
16-May-13,806.9
17-May-13,803.6
20-May-13,768.35
21-May-13,768.45
22-May-13,768.4
23-May-13,747.8
24-May-13,769.65
27-May-13,759.15
28-May-13,754.45
29-May-13,762.85
30-May-13,765.45
31-May-13,737.7
3-Jun-13,753.25
4-Jun-13,769.35
5-Jun-13,766.05
6-Jun-13,753.3
7-Jun-13,762
10-Jun-13,761.3
11-Jun-13,756.5
12-Jun-13,771.05
13-Jun-13,761.15
14-Jun-13,783.45
17-Jun-13,788.95
18-Jun-13,790.35
19-Jun-13,795.25
20-Jun-13,780.1
21-Jun-13,787.45
24-Jun-13,796.75
25-Jun-13,773.9
26-Jun-13,760.05
27-Jun-13,771.95
28-Jun-13,781.45
1-Jul-13,777.15
2-Jul-13,801.2
3-Jul-13,830.45
4-Jul-13,850.65
5-Jul-13,835
8-Jul-13,828.05
9-Jul-13,835.5
10-Jul-13,860.85
11-Jul-13,868.35
12-Jul-13,869.2
15-Jul-13,875.3
16-Jul-13,874.45
17-Jul-13,874.95
18-Jul-13,890.4
19-Jul-13,899.2
22-Jul-13,890.35
23-Jul-13,881.25
24-Jul-13,870.15
25-Jul-13,864.75
26-Jul-13,854.85
29-Jul-13,855.9
30-Jul-13,840
31-Jul-13,871.15
1-Aug-13,873.85
2-Aug-13,890.95
5-Aug-13,895.45
6-Aug-13,887.55
7-Aug-13,828.3
8-Aug-13,801.35
12-Aug-13,820.05
13-Aug-13,838.8
14-Aug-13,847.4
16-Aug-13,817.55
19-Aug-13,793.8
20-Aug-13,777.25
21-Aug-13,768
22-Aug-13,777.1
23-Aug-13,789.15
26-Aug-13,774
27-Aug-13,756.95
28-Aug-13,769.3
29-Aug-13,808.85
30-Aug-13,796.2
2-Sep-13,819.85
3-Sep-13,840.4
4-Sep-13,878.05
5-Sep-13,854.6
6-Sep-13,839.3
10-Sep-13,834.6
11-Sep-13,859.05
12-Sep-13,866.25
13-Sep-13,861.35
16-Sep-13,836.25
17-Sep-13,839.9
18-Sep-13,836.45
19-Sep-13,849.9
20-Sep-13,868.4
23-Sep-13,853.8
24-Sep-13,854.3
25-Sep-13,858.7
26-Sep-13,856.55
27-Sep-13,853.5
30-Sep-13,855.85
1-Oct-13,851.55
3-Oct-13,861.2
4-Oct-13,878.85
7-Oct-13,895.25
8-Oct-13,890.2
9-Oct-13,914.5
10-Oct-13,937.55
11-Oct-13,921.75
14-Oct-13,907.7
15-Oct-13,899.95
17-Oct-13,896.2
18-Oct-13,904.5
21-Oct-13,913.05
22-Oct-13,916.5
23-Oct-13,910
24-Oct-13,905.65
25-Oct-13,889.5
28-Oct-13,876.45
29-Oct-13,889.4
30-Oct-13,902.1
31-Oct-13,887.9
1-Nov-13,882.15
3-Nov-13,886.75
5-Nov-13,874.35
6-Nov-13,874.1
7-Nov-13,876.45
8-Nov-13,884.15
11-Nov-13,884.1
12-Nov-13,873.5
13-Nov-13,874.7
14-Nov-13,867.05
18-Nov-13,863.9
19-Nov-13,867.95
20-Nov-13,858.35
21-Nov-13,845.9
22-Nov-13,850.85
25-Nov-13,850.6
26-Nov-13,865.25
27-Nov-13,855.45
28-Nov-13,854.6
29-Nov-13,855.85
2-Dec-13,876.6
3-Dec-13,870.4
4-Dec-13,866.2
5-Dec-13,854.05
6-Dec-13,857.85
9-Dec-13,852.9
10-Dec-13,872.3
11-Dec-13,875.5
12-Dec-13,878.3
13-Dec-13,869.7
16-Dec-13,874.95
17-Dec-13,880.95
18-Dec-13,891.7
19-Dec-13,909.65
20-Dec-13,920.5
23-Dec-13,910.95
24-Dec-13,918.95
26-Dec-13,907
27-Dec-13,906.1
30-Dec-13,905.95
31-Dec-13,908.15
1-Jan-14,916.5
2-Jan-14,906
3-Jan-14,932.9
6-Jan-14,938
7-Jan-14,932.9
8-Jan-14,938.35
9-Jan-14,934
10-Jan-14,936.75
13-Jan-14,919.95
14-Jan-14,934.35
15-Jan-14,925.25
16-Jan-14,916
17-Jan-14,909.35
20-Jan-14,909.85
21-Jan-14,907.5
22-Jan-14,926.95
23-Jan-14,921.9
24-Jan-14,913.75
27-Jan-14,896.4
28-Jan-14,876.25
29-Jan-14,866.25
30-Jan-14,869.85
31-Jan-14,881.9
3-Feb-14,921.8
4-Feb-14,912.05
5-Feb-14,915.45
6-Feb-14,908.95
7-Feb-14,919.3
10-Feb-14,924.55
11-Feb-14,913.2
12-Feb-14,910
13-Feb-14,894.05
14-Feb-14,901.35
17-Feb-14,914.3
18-Feb-14,922.75
19-Feb-14,942.15
20-Feb-14,937.45
21-Feb-14,935.8
24-Feb-14,956.2
25-Feb-14,953.55
26-Feb-14,960.15
28-Feb-14,995.45
3-Mar-14,982.75
4-Mar-14,988.95
5-Mar-14,988.85
6-Mar-14,982.8
7-Mar-14,966.3
10-Mar-14,958.25
11-Mar-14,963.35
12-Mar-14,961.05
13-Mar-14,948.7
14-Mar-14,944.55
18-Mar-14,930.05
19-Mar-14,944.65
20-Mar-14,940.8
21-Mar-14,944.65
22-Mar-14,950.75
24-Mar-14,953.5
25-Mar-14,963.75
26-Mar-14,936.75
27-Mar-14,933.95
28-Mar-14,947.25
31-Mar-14,933.15
1-Apr-14,945.1
2-Apr-14,958.8
3-Apr-14,978.35
4-Apr-14,977.1
7-Apr-14,960.75
9-Apr-14,973.4
10-Apr-14,954
11-Apr-14,948.25
15-Apr-14,942.25
16-Apr-14,952.7
17-Apr-14,955.65
21-Apr-14,956.9
22-Apr-14,982.6
23-Apr-14,986.7
25-Apr-14,992.3
28-Apr-14,999.35
29-Apr-14,991.2
30-Apr-14,989.6
2-May-14,1010.1
5-May-14,997.9
6-May-14,1002.35
7-May-14,990
8-May-14,979.3
9-May-14,966
12-May-14,959.05
13-May-14,965.1
14-May-14,965.9
15-May-14,953.35
16-May-14,958.65
19-May-14,914.3
20-May-14,929.8
21-May-14,928.7
22-May-14,927.5
23-May-14,923.85
26-May-14,909.4
27-May-14,919.45
28-May-14,929.7
29-May-14,920.9
30-May-14,935.95
2-Jun-14,921.95
3-Jun-14,915.7
4-Jun-14,924.65
5-Jun-14,926.85
6-Jun-14,947.7
9-Jun-14,957.6
10-Jun-14,976.2
11-Jun-14,980.4
12-Jun-14,988.65
13-Jun-14,983.4
16-Jun-14,971.85
17-Jun-14,976.35
18-Jun-14,999.15
19-Jun-14,1011.3
20-Jun-14,999.45
23-Jun-14,1011.05
24-Jun-14,1009.2
25-Jun-14,1023.8
26-Jun-14,1028.6
27-Jun-14,1048.35
30-Jun-14,1048.05
1-Jul-14,1049.55
2-Jul-14,1074.2
3-Jul-14,1082.05
4-Jul-14,1088.45
7-Jul-14,1078.1
8-Jul-14,1058.7
9-Jul-14,1038.4
10-Jul-14,1039.45
11-Jul-14,1053.25
14-Jul-14,1057.9
15-Jul-14,1056.25
16-Jul-14,1064.45
17-Jul-14,1091.65
18-Jul-14,1088
21-Jul-14,1082.2
22-Jul-14,1097.3
23-Jul-14,1091.15
24-Jul-14,1094.4
25-Jul-14,1129.9
28-Jul-14,1118.65
30-Jul-14,1173.5
31-Jul-14,1181.75
1-Aug-14,1165.4
4-Aug-14,1177.6
5-Aug-14,1176.5
6-Aug-14,1166.2
7-Aug-14,1161.65
8-Aug-14,1160.45
11-Aug-14,1158.85
12-Aug-14,1164.7
13-Aug-14,1164.75
14-Aug-14,1183.4
18-Aug-14,1201.3
19-Aug-14,1218
20-Aug-14,1246.05
21-Aug-14,1237.7
22-Aug-14,1250.55
25-Aug-14,1263.35
26-Aug-14,1288
27-Aug-14,1289.65
28-Aug-14,1285.4
1-Sep-14,1289.85
2-Sep-14,1308.6
3-Sep-14,1312.6
4-Sep-14,1325.7
5-Sep-14,1328.25
8-Sep-14,1338.45
9-Sep-14,1348.1
10-Sep-14,1343.3
11-Sep-14,1319.05
12-Sep-14,1359
15-Sep-14,1415.9
16-Sep-14,1360.9
17-Sep-14,1364.7
18-Sep-14,1377.5
19-Sep-14,1400.85
22-Sep-14,1390.3
23-Sep-14,1357.15
24-Sep-14,1367.25
25-Sep-14,1361.7
26-Sep-14,1379.55
29-Sep-14,1395.95
30-Sep-14,1395.65
1-Oct-14,1386.8
7-Oct-14,1368.05
8-Oct-14,1331.25
9-Oct-14,1338.3
10-Oct-14,1328.05
13-Oct-14,1327.25
14-Oct-14,1330.45
16-Oct-14,1318.9
17-Oct-14,1347.15
20-Oct-14,1386.8
21-Oct-14,1367.75
22-Oct-14,1388.9
23-Oct-14,1390.85
27-Oct-14,1393.25
28-Oct-14,1357.55
29-Oct-14,1356.4
30-Oct-14,1345.3
31-Oct-14,1369.05
3-Nov-14,1359.35
5-Nov-14,1381.3
7-Nov-14,1419.35
10-Nov-14,1430.95
11-Nov-14,1430.4
12-Nov-14,1422.9
13-Nov-14,1438.2
14-Nov-14,1443.95
17-Nov-14,1446.45
18-Nov-14,1447.65
19-Nov-14,1449.35
20-Nov-14,1468.6
21-Nov-14,1463.25
24-Nov-14,1473.3
25-Nov-14,1456.1
26-Nov-14,1440.4
27-Nov-14,1448.9
28-Nov-14,1480.45
1-Dec-14,1460.85
2-Dec-14,1477.9
3-Dec-14,1470.1
4-Dec-14,1481.9
5-Dec-14,1474.25
8-Dec-14,1456.3
9-Dec-14,1432.5
10-Dec-14,1431.15
11-Dec-14,1437.05
12-Dec-14,1449.85
15-Dec-14,1445.9
16-Dec-14,1425.25
17-Dec-14,1392.55
18-Dec-14,1425.55
19-Dec-14,1418.05
22-Dec-14,1441.2
23-Dec-14,1437.8
24-Dec-14,1401.1
26-Dec-14,1406.95
29-Dec-14,1432.5
30-Dec-14,1427.8
31-Dec-14,1427.95
1-Jan-15,1429.2
2-Jan-15,1432.3
5-Jan-15,1430.3
6-Jan-15,1395.85
7-Jan-15,1377.6
8-Jan-15,1407.95
9-Jan-15,1420.7
12-Jan-15,1431
13-Jan-15,1433.05
14-Jan-15,1423.35
15-Jan-15,1437.15
16-Jan-15,1428.05
19-Jan-15,1463.5
20-Jan-15,1475.7
21-Jan-15,1484.8
22-Jan-15,1503.45
23-Jan-15,1489.45
27-Jan-15,1524.25
28-Jan-15,1515.5
29-Jan-15,1554.55
30-Jan-15,1585.3
2-Feb-15,1554.7
3-Feb-15,1546.35
4-Feb-15,1579.65
5-Feb-15,1578.3
6-Feb-15,1567.7
9-Feb-15,1546.15
10-Feb-15,1562.95
11-Feb-15,1590.5
12-Feb-15,1617.7
13-Feb-15,1679.45
16-Feb-15,1662.25
18-Feb-15,1681.85
19-Feb-15,1686.5
20-Feb-15,1691.35
23-Feb-15,1648.9
24-Feb-15,1661.8
25-Feb-15,1664.3
26-Feb-15,1697.55
27-Feb-15,1737.5
28-Feb-15,1746.95
2-Mar-15,1796.95
3-Mar-15,1802.35
4-Mar-15,1787.25
5-Mar-15,1838.15
9-Mar-15,1869.5
10-Mar-15,1898.4
11-Mar-15,1872
12-Mar-15,1883.35
13-Mar-15,1877.35
16-Mar-15,1864.55
17-Mar-15,1876.65
18-Mar-15,1873.4
19-Mar-15,1921.65
20-Mar-15,1906.3
23-Mar-15,1921.5
24-Mar-15,2007.9
25-Mar-15,2008.9
26-Mar-15,1972.95
27-Mar-15,1954.8
30-Mar-15,1999
31-Mar-15,2008.4
1-Apr-15,2037.5
6-Apr-15,2088.25
7-Apr-15,2091.6
8-Apr-15,2082.1
9-Apr-15,2015.75
10-Apr-15,1964.2
13-Apr-15,1981.5
15-Apr-15,1951.45
16-Apr-15,1900.5
17-Apr-15,1770.05
20-Apr-15,1786.95
21-Apr-15,1759.65
22-Apr-15,1750.5
23-Apr-15,1725.85
24-Apr-15,1757.15
27-Apr-15,1723.15
28-Apr-15,1721.75
29-Apr-15,1744.1
30-Apr-15,1772.55
4-May-15,1814.85
5-May-15,1811.75
6-May-15,1754.85
7-May-15,1741
8-May-15,1770.35
11-May-15,1769.9
12-May-15,1748.25
13-May-15,1689.5
14-May-15,1631.95
15-May-15,1684.25
18-May-15,1732.55
19-May-15,1723.3
20-May-15,1721.15
21-May-15,1709.1
22-May-15,1735.2
25-May-15,1753
26-May-15,1751.8
27-May-15,1752.1
28-May-15,1744.75
29-May-15,1833.25
1-Jun-15,1792.05
2-Jun-15,1800.75
3-Jun-15,1794.9
4-Jun-15,1749.7
5-Jun-15,1776.6
8-Jun-15,1779.2
9-Jun-15,1770.05
10-Jun-15,1756
11-Jun-15,1705.65
12-Jun-15,1721.6
15-Jun-15,1711.85
16-Jun-15,1691.65
17-Jun-15,1731.7
18-Jun-15,1794.85
19-Jun-15,1816.8
22-Jun-15,1806.2
23-Jun-15,1771.25
24-Jun-15,1805.2
25-Jun-15,1832
26-Jun-15,1841.6
29-Jun-15,1832.25
30-Jun-15,1886.05
1-Jul-15,1874.6
2-Jul-15,1870.15
3-Jul-15,1900.95
6-Jul-15,1918.5
7-Jul-15,1908.4
8-Jul-15,1877.65
9-Jul-15,1886.15
10-Jul-15,1871.15
13-Jul-15,1889.3
14-Jul-15,1916.3
15-Jul-15,1942.95
16-Jul-15,1954.8
17-Jul-15,1973
20-Jul-15,1978.25
21-Jul-15,1885.3
22-Jul-15,1823.95
23-Jul-15,1728.25
24-Jul-15,1672.1
27-Jul-15,1617.55
28-Jul-15,1609.35
29-Jul-15,1640.1
30-Jul-15,1626.85
31-Jul-15,1696.7
3-Aug-15,1664
4-Aug-15,1640.5
5-Aug-15,1680.4
6-Aug-15,1705.6
7-Aug-15,1694.4
10-Aug-15,1695.95
11-Aug-15,1698.15
12-Aug-15,1722.15
13-Aug-15,1758.1
14-Aug-15,1793.45
17-Aug-15,1796.9
18-Aug-15,1751.05
19-Aug-15,1795.4
20-Aug-15,1890.55
21-Aug-15,1877.8
24-Aug-15,1803.65
25-Aug-15,1828.55
26-Aug-15,1810.4
27-Aug-15,1899.85
28-Aug-15,1860.85
31-Aug-15,1935.55
1-Sep-15,1860.5
2-Sep-15,1880.4
3-Sep-15,1862.35
4-Sep-15,1859.6
7-Sep-15,1804.9
8-Sep-15,1820.7
9-Sep-15,1836.1
10-Sep-15,1818.2
11-Sep-15,1810
14-Sep-15,1840.25
15-Sep-15,1832.35
16-Sep-15,1845.75
18-Sep-15,1898.85
21-Sep-15,1880.4
22-Sep-15,1871.6
23-Sep-15,1922.05
24-Sep-15,1990.35
28-Sep-15,2034.15
29-Sep-15,2015.25
30-Sep-15,2034
1-Oct-15,2108.85
5-Oct-15,2082.65
6-Oct-15,2073.4
7-Oct-15,2065.65
8-Oct-15,2044.4
9-Oct-15,2055.6
12-Oct-15,2009.8
13-Oct-15,2028.25
14-Oct-15,2066.85
15-Oct-15,2099.1
16-Oct-15,2055.3
19-Oct-15,2073
20-Oct-15,2075.6
21-Oct-15,2063.4
23-Oct-15,2079.3
26-Oct-15,2051.6
27-Oct-15,1945.65
28-Oct-15,1910.4
29-Oct-15,1920.25
30-Oct-15,1928.9
2-Nov-15,1899.6
3-Nov-15,1874.55
4-Nov-15,1857.15
5-Nov-15,1838.25
6-Nov-15,1857.85
9-Nov-15,1868.7
10-Nov-15,1790.4
11-Nov-15,1801.85
13-Nov-15,1777.8
16-Nov-15,1809.1
17-Nov-15,1799.5
18-Nov-15,1783.05
19-Nov-15,1807.55
20-Nov-15,1814.5
23-Nov-15,1842.6
24-Nov-15,1860.9
26-Nov-15,1836.15
27-Nov-15,1812.7
30-Nov-15,1786.95
1-Dec-15,1811.55
2-Dec-15,1870.8
3-Dec-15,1821.65
4-Dec-15,1804.75
7-Dec-15,1831.65
8-Dec-15,1804.35
9-Dec-15,1759.95
10-Dec-15,1733.8
11-Dec-15,1740.15
14-Dec-15,1747.85
15-Dec-15,1792.9
16-Dec-15,1828.8
17-Dec-15,1822.5
18-Dec-15,1784.4
21-Dec-15,1801.7
22-Dec-15,1785.2
23-Dec-15,1804.8
24-Dec-15,1803.9
28-Dec-15,1840.95
29-Dec-15,1846.75
30-Dec-15,1836.5
31-Dec-15,1837.25
1-Jan-16,1845.25
4-Jan-16,1795.15
5-Jan-16,1783.05
6-Jan-16,1753.2
7-Jan-16,1717.5
8-Jan-16,1712.85
11-Jan-16,1700.95
12-Jan-16,1700.1
13-Jan-16,1666.15
14-Jan-16,1717.5
15-Jan-16,1701.1
18-Jan-16,1702.55
19-Jan-16,1699.75
20-Jan-16,1691.05
21-Jan-16,1685.9
22-Jan-16,1721.25
25-Jan-16,1699.05
27-Jan-16,1689.15
28-Jan-16,1706.35
29-Jan-16,1710.75
1-Feb-16,1702.55
2-Feb-16,1705.8
3-Feb-16,1698.85
4-Feb-16,1652.8
5-Feb-16,1802.85
8-Feb-16,1820.9
9-Feb-16,1905.65
10-Feb-16,1852.95
11-Feb-16,1791.15
12-Feb-16,1756.3
15-Feb-16,1798.45
16-Feb-16,1750.45
17-Feb-16,1730.4
18-Feb-16,1776.75
19-Feb-16,1788.95
22-Feb-16,1810.55
23-Feb-16,1778.2
24-Feb-16,1761.4
25-Feb-16,1760.1
26-Feb-16,1726.75
29-Feb-16,1754.55
1-Mar-16,1761.5
2-Mar-16,1781.9
3-Mar-16,1784
4-Mar-16,1780.2
8-Mar-16,1824.7
9-Mar-16,1823.5
10-Mar-16,1820.95
11-Mar-16,1856.15
14-Mar-16,1869.2
15-Mar-16,1722.9
16-Mar-16,1750.2
17-Mar-16,1674.3
18-Mar-16,1554.4
21-Mar-16,1535.2
22-Mar-16,1549.05
23-Mar-16,1524.15
28-Mar-16,1495.1
29-Mar-16,1401.55
30-Mar-16,1475.3
31-Mar-16,1479.25
1-Apr-16,1464.85
4-Apr-16,1461.15
5-Apr-16,1463.7
6-Apr-16,1485.1
7-Apr-16,1509.75
8-Apr-16,1540.1
11-Apr-16,1518.75
12-Apr-16,1535.95
13-Apr-16,1548.9
18-Apr-16,1575
20-Apr-16,1572.6
21-Apr-16,1561
22-Apr-16,1558
25-Apr-16,1542.7
26-Apr-16,1579.15
27-Apr-16,1569.9
28-Apr-16,1576.3
29-Apr-16,1607.25
2-May-16,1619.05
3-May-16,1575.6
4-May-16,1577.75
5-May-16,1603.6
6-May-16,1586.85
9-May-16,1605.4
10-May-16,1614.7
11-May-16,1593.55
12-May-16,1616.45
13-May-16,1588.7
16-May-16,1603.85
17-May-16,1613
18-May-16,1638.15
19-May-16,1655.45
20-May-16,1504.8
23-May-16,1465.05
24-May-16,1465.15
25-May-16,1472.35
26-May-16,1469.95
27-May-16,1480.1
30-May-16,1467.85
31-May-16,1474.75
1-Jun-16,1490.25
2-Jun-16,1475.35
3-Jun-16,1450.1
6-Jun-16,1419.35
7-Jun-16,1434.85
8-Jun-16,1430.8
9-Jun-16,1427.2
10-Jun-16,1437.45
13-Jun-16,1452.55
14-Jun-16,1450.9
15-Jun-16,1463
16-Jun-16,1466.2
17-Jun-16,1464
20-Jun-16,1462
21-Jun-16,1449.65
22-Jun-16,1461.9
23-Jun-16,1485.7
24-Jun-16,1462.9
27-Jun-16,1479.15
28-Jun-16,1544.7
29-Jun-16,1532.9
30-Jun-16,1539.7
1-Jul-16,1552.85
4-Jul-16,1568.95
5-Jul-16,1562.9
7-Jul-16,1655.75
8-Jul-16,1639.15
11-Jul-16,1669.1
12-Jul-16,1673.75
13-Jul-16,1648.45
14-Jul-16,1661.05
15-Jul-16,1670.15
18-Jul-16,1665.2
19-Jul-16,1693.9
20-Jul-16,1715.15
21-Jul-16,1686.55
22-Jul-16,1701.25
25-Jul-16,1722.2
26-Jul-16,1699.85
27-Jul-16,1719.4
28-Jul-16,1704.95
29-Jul-16,1739.85
1-Aug-16,1724.35
2-Aug-16,1701.95
3-Aug-16,1679.85
4-Aug-16,1657.65
5-Aug-16,1674.65
8-Aug-16,1693.3
9-Aug-16,1607.25
10-Aug-16,1544.4
11-Aug-16,1580.5
12-Aug-16,1581.95
16-Aug-16,1591.05
17-Aug-16,1594.5
18-Aug-16,1588.4
19-Aug-16,1576.05
22-Aug-16,1544.45
23-Aug-16,1555.9
24-Aug-16,1521.7
25-Aug-16,1522.15
26-Aug-16,1512.1
29-Aug-16,1479.85
30-Aug-16,1508.7
31-Aug-16,1482.2
1-Sep-16,1501.75
2-Sep-16,1518.05
6-Sep-16,1535.45
7-Sep-16,1543.4
8-Sep-16,1582.05
9-Sep-16,1569.55
12-Sep-16,1533.4
14-Sep-16,1532.2
15-Sep-16,1546.65
16-Sep-16,1537.35
19-Sep-16,1547.4
20-Sep-16,1548.25
21-Sep-16,1545.75
22-Sep-16,1528.65
23-Sep-16,1489.45
26-Sep-16,1494.5
27-Sep-16,1512.2
28-Sep-16,1517.65
29-Sep-16,1468.3
30-Sep-16,1486.25
3-Oct-16,1493.55
4-Oct-16,1488.45
5-Oct-16,1492.4
6-Oct-16,1486.9
7-Oct-16,1500.15
10-Oct-16,1520.2
13-Oct-16,1479.25
14-Oct-16,1464.7
17-Oct-16,1446.05
18-Oct-16,1481.15
19-Oct-16,1512.7
20-Oct-16,1505.85
21-Oct-16,1500.1
24-Oct-16,1528.4
25-Oct-16,1526.25
26-Oct-16,1507.3
27-Oct-16,1480.35
28-Oct-16,1488.35
30-Oct-16,1518.2
1-Nov-16,1508.35
2-Nov-16,1492.55
3-Nov-16,1470.4
4-Nov-16,1420.9
7-Nov-16,1518.6
8-Nov-16,1507.6
9-Nov-16,1529.65
10-Nov-16,1493.9
11-Nov-16,1458.8
15-Nov-16,1440.95
16-Nov-16,1407.05
17-Nov-16,1413.5
18-Nov-16,1417.75
21-Nov-16,1398.25
22-Nov-16,1412.85
23-Nov-16,1486.9
24-Nov-16,1458.5
25-Nov-16,1508.65
28-Nov-16,1509.2
29-Nov-16,1518.15
30-Nov-16,1504.85
1-Dec-16,1512.7
2-Dec-16,1489.1
5-Dec-16,1535.85
6-Dec-16,1527.1
7-Dec-16,1504.75
8-Dec-16,1524.5
9-Dec-16,1511.55
12-Dec-16,1503.5
13-Dec-16,1494.3
14-Dec-16,1486.95
15-Dec-16,1480.4
16-Dec-16,1469.4
19-Dec-16,1474.3
20-Dec-16,1449.25
21-Dec-16,1465.15
22-Dec-16,1447.4
23-Dec-16,1445.8
26-Dec-16,1402.95
27-Dec-16,1446.1
28-Dec-16,1454.35
29-Dec-16,1467.85
30-Dec-16,1486.95
2-Jan-17,1505.75
3-Jan-17,1505.5
4-Jan-17,1489
5-Jan-17,1512.1
6-Jan-17,1512.05
9-Jan-17,1489.5
10-Jan-17,1488.5
11-Jan-17,1521.75
12-Jan-17,1491
13-Jan-17,1496.25
16-Jan-17,1509.15
17-Jan-17,1494
18-Jan-17,1496.9
19-Jan-17,1479.15
20-Jan-17,1465.35
23-Jan-17,1483.25
24-Jan-17,1504.7
25-Jan-17,1519.25
27-Jan-17,1492.3
30-Jan-17,1499.7
31-Jan-17,1470.7
1-Feb-17,1474.1
2-Feb-17,1481.45
3-Feb-17,1492
6-Feb-17,1496.15
7-Feb-17,1466.15
8-Feb-17,1486.75
9-Feb-17,1491.35
10-Feb-17,1466.05
13-Feb-17,1447.6
14-Feb-17,1431.45
15-Feb-17,1432.9
16-Feb-17,1440.95
17-Feb-17,1458.7
20-Feb-17,1464.55
21-Feb-17,1471
22-Feb-17,1452.8
23-Feb-17,1450
27-Feb-17,1464.1
28-Feb-17,1474.1
1-Mar-17,1469.8
2-Mar-17,1460.9
3-Mar-17,1476.1
6-Mar-17,1477.25
7-Mar-17,1457.3
8-Mar-17,1449.65
9-Mar-17,1453.45
10-Mar-17,1447.1
14-Mar-17,1446.95
15-Mar-17,1449.85
16-Mar-17,1455.4
17-Mar-17,1456.55
20-Mar-17,1464.7
21-Mar-17,1454.4
22-Mar-17,1468.15
23-Mar-17,1490.25
24-Mar-17,1487.8
27-Mar-17,1457.75
28-Mar-17,1455.7
29-Mar-17,1454.35
30-Mar-17,1446.95
31-Mar-17,1445.2
3-Apr-17,1434.6
5-Apr-17,1454.95
6-Apr-17,1448.4
7-Apr-17,1410.05
10-Apr-17,1415.35
11-Apr-17,1429.45
12-Apr-17,1439.45
13-Apr-17,1434.65
17-Apr-17,1416.95
18-Apr-17,1414.95
19-Apr-17,1410.25
20-Apr-17,1427.45
21-Apr-17,1407.85
24-Apr-17,1361.5
25-Apr-17,1377.35
26-Apr-17,1371.05
27-Apr-17,1336.2
28-Apr-17,1338.35
2-May-17,1303.8
3-May-17,1264.9
4-May-17,1261.75
5-May-17,1252.35
8-May-17,1279.8
9-May-17,1250.15
10-May-17,1258.9
11-May-17,1259.7
12-May-17,1253.95
15-May-17,1284.5
16-May-17,1292.9
17-May-17,1299.25
18-May-17,1305.85
19-May-17,1318.2
22-May-17,1265.95
23-May-17,1250.6
24-May-17,1228.5
25-May-17,1140.2
26-May-17,1112.55
29-May-17,1110.2
30-May-17,1129.9
31-May-17,1161
1-Jun-17,1146.3
2-Jun-17,1167.1
5-Jun-17,1156.2
6-Jun-17,1151
7-Jun-17,1154.45
8-Jun-17,1167.7
9-Jun-17,1160.1
12-Jun-17,1160.2
13-Jun-17,1179.7
14-Jun-17,1181
15-Jun-17,1182.35
16-Jun-17,1131.05
19-Jun-17,1131.7
20-Jun-17,1112.85
21-Jun-17,1095
22-Jun-17,1066.95
23-Jun-17,1060
27-Jun-17,1062.35
28-Jun-17,1064.7
29-Jun-17,1055.6
30-Jun-17,1059.85
3-Jul-17,1054.5
4-Jul-17,1043.9
5-Jul-17,1084
6-Jul-17,1081.3
7-Jul-17,1117.3
10-Jul-17,1148.85
11-Jul-17,1139.95
12-Jul-17,1140.6
13-Jul-17,1142.05
14-Jul-17,1139.15
17-Jul-17,1146.75
18-Jul-17,1156.35
19-Jul-17,1172.3
20-Jul-17,1166.05
21-Jul-17,1142.9
24-Jul-17,1141.5
25-Jul-17,1120.45
26-Jul-17,1123.6
27-Jul-17,1110.05
28-Jul-17,1063.9
31-Jul-17,1032
1-Aug-17,1017.9
2-Aug-17,1034.95
3-Aug-17,993.4
4-Aug-17,992.8
7-Aug-17,985.05
8-Aug-17,974.5
9-Aug-17,952.95
10-Aug-17,936.7
11-Aug-17,940.9
14-Aug-17,966.85
16-Aug-17,961
17-Aug-17,953.95
18-Aug-17,938.35
21-Aug-17,923.4
22-Aug-17,944.4
23-Aug-17,955.85
24-Aug-17,992.5
28-Aug-17,991.2
29-Aug-17,989.3
30-Aug-17,988
31-Aug-17,979.45
1-Sep-17,995.55
4-Sep-17,997.55
5-Sep-17,992.65
6-Sep-17,971.35
7-Sep-17,978.5
8-Sep-17,969.95
11-Sep-17,977.3
12-Sep-17,981.85
13-Sep-17,992.4
14-Sep-17,1004.2
15-Sep-17,1009.55
18-Sep-17,1010.1
19-Sep-17,1005.2
20-Sep-17,1002.25
21-Sep-17,1030.4
22-Sep-17,1014.4
25-Sep-17,991.7
26-Sep-17,1006
27-Sep-17,1000.35
28-Sep-17,1004.85
29-Sep-17,1014
3-Oct-17,1021.35
4-Oct-17,1027.5
5-Oct-17,1029.2
6-Oct-17,1038.9
9-Oct-17,1039.95
10-Oct-17,1062
11-Oct-17,1046.05
12-Oct-17,1061.25
13-Oct-17,1062.1
16-Oct-17,1070.3
17-Oct-17,1066.2
18-Oct-17,1049.2
19-Oct-17,1051.2
23-Oct-17,1038.45
24-Oct-17,1026.35
25-Oct-17,1003.15
26-Oct-17,993
27-Oct-17,1001.1
30-Oct-17,1025.95
31-Oct-17,1028.05
1-Nov-17,1028.15
2-Nov-17,1061.3
3-Nov-17,1047.7
6-Nov-17,1034.55
7-Nov-17,859.9
8-Nov-17,841.25
9-Nov-17,830.45
10-Nov-17,833.3
13-Nov-17,827.15
14-Nov-17,835
15-Nov-17,823.65
16-Nov-17,829
17-Nov-17,829.55
20-Nov-17,826.15
21-Nov-17,837.45
22-Nov-17,827.4
23-Nov-17,827.35
24-Nov-17,829.35
27-Nov-17,831.45
28-Nov-17,832.3
29-Nov-17,834.65
30-Nov-17,817.7
1-Dec-17,814.2
4-Dec-17,814.45
5-Dec-17,808.95
6-Dec-17,809.35
7-Dec-17,818.9
8-Dec-17,822.85
11-Dec-17,839.15
12-Dec-17,846.8
13-Dec-17,845.25
14-Dec-17,852.8
15-Dec-17,860.3
18-Dec-17,867.15
19-Dec-17,867.05
20-Dec-17,874.3
21-Dec-17,878.85
22-Dec-17,871.65
26-Dec-17,872.2
27-Dec-17,875.1
28-Dec-17,880.55
29-Dec-17,885.1
1-Jan-18,883.25
2-Jan-18,875.15
3-Jan-18,878.95
4-Jan-18,878.15
5-Jan-18,900.15
8-Jan-18,923.3
9-Jan-18,923.25
10-Jan-18,925.8
11-Jan-18,929.2
12-Jan-18,919.1
15-Jan-18,916.55
16-Jan-18,906.75
17-Jan-18,919.35
18-Jan-18,921.05
19-Jan-18,924.1
22-Jan-18,930.05
23-Jan-18,937.35
24-Jan-18,959.05
25-Jan-18,949.65
29-Jan-18,912.2
30-Jan-18,902.75
31-Jan-18,883.75
1-Feb-18,860.4
2-Feb-18,847
5-Feb-18,849.1
6-Feb-18,800.9
7-Feb-18,806.05
8-Feb-18,812.45
9-Feb-18,822.15
12-Feb-18,840.45
14-Feb-18,827.6
15-Feb-18,822.3
16-Feb-18,825.1
19-Feb-18,814.4
20-Feb-18,815.8
21-Feb-18,813.95
22-Feb-18,800.05
23-Feb-18,807.5
26-Feb-18,821.3
27-Feb-18,826.3
28-Feb-18,819.95
1-Mar-18,803.9
5-Mar-18,790.15
6-Mar-18,773.4
7-Mar-18,761.75
8-Mar-18,771.15
9-Mar-18,764.5
12-Mar-18,769.8
13-Mar-18,780.6
14-Mar-18,781.55
15-Mar-18,776.65
16-Mar-18,761.85
19-Mar-18,766.6
20-Mar-18,771.75
21-Mar-18,767.85
22-Mar-18,758.5
23-Mar-18,734.5
26-Mar-18,740.15
27-Mar-18,748.75
28-Mar-18,735.85
2-Apr-18,777.1
3-Apr-18,788.5
4-Apr-18,775.2
5-Apr-18,786.7
6-Apr-18,809.05
9-Apr-18,793.85
10-Apr-18,789.7
11-Apr-18,789.65
12-Apr-18,773.35
13-Apr-18,779.85
16-Apr-18,794.4
17-Apr-18,805.05
18-Apr-18,790.55
19-Apr-18,790.35
20-Apr-18,799.9
23-Apr-18,811.85
24-Apr-18,819.75
25-Apr-18,814.7
26-Apr-18,792.7
27-Apr-18,801.45
30-Apr-18,811.55
2-May-18,800.55
3-May-18,797.95
4-May-18,795.6
7-May-18,773.9
8-May-18,774.85
9-May-18,762.15
10-May-18,755.55
11-May-18,752.45
14-May-18,754.2
15-May-18,750.8
16-May-18,766.5
17-May-18,762.95
18-May-18,743.7
21-May-18,736.25
22-May-18,740.1
23-May-18,734.9
24-May-18,742.35
25-May-18,745.6
28-May-18,782.5
29-May-18,781.05
30-May-18,779.2
31-May-18,770.35
1-Jun-18,764.45
4-Jun-18,773.95
5-Jun-18,760.25
6-Jun-18,770.05
7-Jun-18,767.35
8-Jun-18,810.05
11-Jun-18,809.5
12-Jun-18,855
13-Jun-18,871.9
14-Jun-18,899.6
15-Jun-18,913.2
18-Jun-18,902.2
19-Jun-18,897.85
20-Jun-18,899.85
21-Jun-18,899.65
22-Jun-18,902.9
25-Jun-18,913.45
26-Jun-18,902.35
27-Jun-18,893.6
28-Jun-18,897.75
29-Jun-18,903.8
2-Jul-18,889.45
3-Jul-18,903.1
4-Jul-18,934.2
5-Jul-18,922.65
6-Jul-18,915.8
9-Jul-18,911.5
10-Jul-18,902.85
11-Jul-18,900.45
12-Jul-18,884.5
13-Jul-18,865.6
16-Jul-18,818.15
17-Jul-18,827.4
18-Jul-18,811
19-Jul-18,794.55
20-Jul-18,800.65
23-Jul-18,800.1
24-Jul-18,820.95
25-Jul-18,796.95
26-Jul-18,812.85
27-Jul-18,815.25
30-Jul-18,820.1
31-Jul-18,824.4
1-Aug-18,844.2
2-Aug-18,864.85
3-Aug-18,886
6-Aug-18,873.15
7-Aug-18,866.6
8-Aug-18,825.55
9-Aug-18,822.85
10-Aug-18,809.45
13-Aug-18,811.95
14-Aug-18,836.75
16-Aug-18,849.75
17-Aug-18,881.25
20-Aug-18,869.25
21-Aug-18,888.6
23-Aug-18,903.3
24-Aug-18,907.2
27-Aug-18,910.8
28-Aug-18,901.75
29-Aug-18,887.1
30-Aug-18,893.65
31-Aug-18,931.45
3-Sep-18,936.1
4-Sep-18,916.8
5-Sep-18,902.85
6-Sep-18,917.95
7-Sep-18,959.4
10-Sep-18,944.4
11-Sep-18,940.3
12-Sep-18,959.35
14-Sep-18,968.75
17-Sep-18,950.2
18-Sep-18,929.35
19-Sep-18,909.35
21-Sep-18,890.25
24-Sep-18,860.75
25-Sep-18,882.55
26-Sep-18,891.75
27-Sep-18,896.35
28-Sep-18,900.95
1-Oct-18,895.9
3-Oct-18,898.05
4-Oct-18,854.75
5-Oct-18,838.75
8-Oct-18,850
9-Oct-18,868.9
10-Oct-18,858.1
11-Oct-18,836.55
12-Oct-18,846.25
15-Oct-18,886.8
16-Oct-18,896.45
17-Oct-18,896.65
19-Oct-18,880.25
22-Oct-18,882.45
23-Oct-18,851
24-Oct-18,860.95
25-Oct-18,851.3
26-Oct-18,855.15
29-Oct-18,888.35
30-Oct-18,876.65
31-Oct-18,885.45
1-Nov-18,852.05
2-Nov-18,849.9
5-Nov-18,853.7
6-Nov-18,850.95
7-Nov-18,852.05
9-Nov-18,854.9
12-Nov-18,859.9
13-Nov-18,853.7
14-Nov-18,840.25
15-Nov-18,853.75
16-Nov-18,864.7
19-Nov-18,855.5
20-Nov-18,848.6
21-Nov-18,849.55
22-Nov-18,850.7
26-Nov-18,844.9
27-Nov-18,851
28-Nov-18,866.6
29-Nov-18,868.25
30-Nov-18,886.75
3-Dec-18,901.3
4-Dec-18,887.65
5-Dec-18,859.35
6-Dec-18,847
7-Dec-18,841.3
10-Dec-18,812.75
11-Dec-18,835
12-Dec-18,821.65
13-Dec-18,847.3
14-Dec-18,843.85
17-Dec-18,847.45
18-Dec-18,845
19-Dec-18,842
20-Dec-18,855.05
21-Dec-18,858.45
24-Dec-18,838.25
26-Dec-18,833.2
27-Dec-18,838.7
28-Dec-18,840.3
31-Dec-18,844.3
1-Jan-19,841.45
2-Jan-19,832.8
3-Jan-19,821.05
4-Jan-19,828.9
7-Jan-19,820.45
8-Jan-19,841.7
9-Jan-19,838.15
10-Jan-19,838
11-Jan-19,839.35
14-Jan-19,834.75
15-Jan-19,849.7
16-Jan-19,863.2
17-Jan-19,868.75
18-Jan-19,862.3
21-Jan-19,866.65
22-Jan-19,865.45
23-Jan-19,864.6
24-Jan-19,868.4
25-Jan-19,865.05
28-Jan-19,865.25
29-Jan-19,860.65
30-Jan-19,866.9
31-Jan-19,875.7
1-Feb-19,883.1
4-Feb-19,855.9
5-Feb-19,837.7
6-Feb-19,842.1
7-Feb-19,822.8
8-Feb-19,830.75
11-Feb-19,820.5
12-Feb-19,810.95
13-Feb-19,791.4
14-Feb-19,810.2
15-Feb-19,774.75
18-Feb-19,770.9
19-Feb-19,763.1
20-Feb-19,762.65
21-Feb-19,769.8
22-Feb-19,777.7
25-Feb-19,777.45
26-Feb-19,776.1
27-Feb-19,768
28-Feb-19,763.75
1-Mar-19,786.6
5-Mar-19,784.6
6-Mar-19,789.05
7-Mar-19,792
8-Mar-19,779.15
11-Mar-19,795.3
12-Mar-19,800.6
13-Mar-19,763.3
14-Mar-19,764.2
15-Mar-19,785.15
18-Mar-19,754.2
19-Mar-19,755.05
20-Mar-19,753.4
22-Mar-19,743.2
25-Mar-19,729.05
26-Mar-19,734.8
27-Mar-19,723.7
28-Mar-19,724.85
29-Mar-19,739.6
1-Apr-19,766.2
2-Apr-19,777.75
3-Apr-19,773.6
4-Apr-19,789.05
5-Apr-19,788.35
8-Apr-19,792.65
9-Apr-19,810.75
10-Apr-19,804.75
11-Apr-19,809.35
12-Apr-19,832.75
15-Apr-19,831.6
16-Apr-19,832.95
18-Apr-19,835.8
22-Apr-19,831.65
23-Apr-19,867.6
24-Apr-19,864.25
25-Apr-19,869.2
26-Apr-19,868.35
30-Apr-19,872.05
2-May-19,877.2
3-May-19,870.8
6-May-19,867.45
7-May-19,854.7
8-May-19,850.95
9-May-19,865
10-May-19,835.9
13-May-19,800.25
14-May-19,810.4
15-May-19,782.15
16-May-19,782.6
17-May-19,753.15
20-May-19,759.55
21-May-19,747.4
22-May-19,757.2
23-May-19,749.95
24-May-19,763.3
27-May-19,743.3
28-May-19,743.7
29-May-19,732.55
30-May-19,744
31-May-19,745.55
3-Jun-19,745.25
4-Jun-19,740.1
6-Jun-19,732.3
7-Jun-19,730.2
10-Jun-19,727.55
11-Jun-19,728.6
12-Jun-19,726.3
13-Jun-19,720.8
14-Jun-19,723.2
17-Jun-19,706.95
18-Jun-19,709
19-Jun-19,703.8
20-Jun-19,713.95
21-Jun-19,712.8
24-Jun-19,732.8
25-Jun-19,754.45
26-Jun-19,768.7
27-Jun-19,765.7
28-Jun-19,754.75
1-Jul-19,772.15
2-Jul-19,761
3-Jul-19,752.7
4-Jul-19,754.35
5-Jul-19,735.7
8-Jul-19,734.1
9-Jul-19,751.05
10-Jul-19,760.15
11-Jul-19,753.65
12-Jul-19,761.75
15-Jul-19,765
16-Jul-19,779.55
17-Jul-19,771.95
18-Jul-19,756.15
19-Jul-19,747.35
22-Jul-19,756.5
23-Jul-19,756.45
24-Jul-19,738.1
25-Jul-19,773.05
26-Jul-19,777.3
29-Jul-19,762.25
30-Jul-19,752.6
31-Jul-19,764.8
1-Aug-19,759.05
2-Aug-19,767.3
5-Aug-19,756.7
6-Aug-19,750.85
7-Aug-19,781.9
8-Aug-19,760.95
9-Aug-19,758.7
13-Aug-19,748.25
14-Aug-19,734.3
16-Aug-19,729.3
19-Aug-19,732
20-Aug-19,736.15
21-Aug-19,735.2
22-Aug-19,737.35
23-Aug-19,738.65
26-Aug-19,747.2
27-Aug-19,738.85
28-Aug-19,732.1
29-Aug-19,735.05
30-Aug-19,741
3-Sep-19,735.5
4-Sep-19,741.95
5-Sep-19,765.35
6-Sep-19,773
9-Sep-19,766.7
11-Sep-19,759.55
12-Sep-19,759.05
13-Sep-19,764.1
16-Sep-19,769.15
17-Sep-19,757.85
18-Sep-19,759.1
19-Sep-19,741.25
20-Sep-19,756.3
23-Sep-19,732.05
24-Sep-19,739.25
25-Sep-19,731.4
26-Sep-19,729.25
27-Sep-19,717.25
30-Sep-19,715.7
1-Oct-19,703.1
3-Oct-19,701.2
4-Oct-19,686.5
7-Oct-19,667.6
9-Oct-19,682.1
10-Oct-19,690.95
11-Oct-19,701.65
14-Oct-19,716.4
15-Oct-19,721.15
16-Oct-19,732.85
17-Oct-19,726.5
18-Oct-19,739.1
22-Oct-19,745.85
23-Oct-19,736.15
24-Oct-19,730.25
25-Oct-19,734.1
27-Oct-19,734.35
29-Oct-19,734.15
30-Oct-19,729.95
31-Oct-19,745.1
1-Nov-19,766.3
4-Nov-19,759.95
5-Nov-19,754.95
6-Nov-19,771.45
7-Nov-19,737.45
8-Nov-19,718.75
11-Nov-19,735.75
13-Nov-19,730.35
14-Nov-19,738.45
