14-Oct-04,47.85
15-Oct-04,48.3
18-Oct-04,48.99
19-Oct-04,49.2
20-Oct-04,48.83
21-Oct-04,48.86
22-Oct-04,48.48
25-Oct-04,48.23
26-Oct-04,48.45
27-Oct-04,49.65
28-Oct-04,49.54
29-Oct-04,49.58
1-Nov-04,49.3
2-Nov-04,49.64
3-Nov-04,50.14
4-Nov-04,51.21
5-Nov-04,51.2
8-Nov-04,50.87
9-Nov-04,51.02
10-Nov-04,51.32
11-Nov-04,51.54
12-Nov-04,52.22
15-Nov-04,51.93
16-Nov-04,51.25
17-Nov-04,51.29
18-Nov-04,51.23
19-Nov-04,50.85
22-Nov-04,51.22
23-Nov-04,51.36
24-Nov-04,51.25
26-Nov-04,51.27
29-Nov-04,50.45
30-Nov-04,49.91
1-Dec-04,50.82
2-Dec-04,51.45
3-Dec-04,51.09
6-Dec-04,50.77
7-Dec-04,50.49
8-Dec-04,51.09
9-Dec-04,51.59
10-Dec-04,51.22
13-Dec-04,51.71
14-Dec-04,51.77
15-Dec-04,52.74
16-Dec-04,52.32
17-Dec-04,52.01
20-Dec-04,51.72
21-Dec-04,52.1
22-Dec-04,52.17
23-Dec-04,51.94
27-Dec-04,51.99
28-Dec-04,52.49
29-Dec-04,52.25
30-Dec-04,52.25
31-Dec-04,52.2
3-Jan-05,51.94
4-Jan-05,51.57
5-Jan-05,51.63
6-Jan-05,52
7-Jan-05,52.45
10-Jan-05,53.76
11-Jan-05,53.47
12-Jan-05,53.61
13-Jan-05,52.92
14-Jan-05,52.83
18-Jan-05,53.49
19-Jan-05,54.03
20-Jan-05,53.55
21-Jan-05,53.57
24-Jan-05,53.31
25-Jan-05,53.39
26-Jan-05,53.41
27-Jan-05,53.46
28-Jan-05,53.22
31-Jan-05,53.7
1-Feb-05,53.88
2-Feb-05,54.14
3-Feb-05,54.33
4-Feb-05,55.31
7-Feb-05,54.7
8-Feb-05,55.5
9-Feb-05,54.99
10-Feb-05,55.16
11-Feb-05,55.1
14-Feb-05,54.8
15-Feb-05,54.64
16-Feb-05,54.54
17-Feb-05,53.73
18-Feb-05,54.2
22-Feb-05,53.18
23-Feb-05,53.43
24-Feb-05,53.65
25-Feb-05,53.97
28-Feb-05,53.86
1-Mar-05,54.06
2-Mar-05,54.01
3-Mar-05,54.03
4-Mar-05,53.96
7-Mar-05,54.21
8-Mar-05,53.84
9-Mar-05,52.97
10-Mar-05,53.15
11-Mar-05,52.7
14-Mar-05,52.73
15-Mar-05,52.51
16-Mar-05,52.15
17-Mar-05,52.3
18-Mar-05,52.62
21-Mar-05,52.56
22-Mar-05,52.1
23-Mar-05,52.01
24-Mar-05,51.92
28-Mar-05,52.35
29-Mar-05,52.29
30-Mar-05,53.36
31-Mar-05,53.03
1-Apr-05,52.76
4-Apr-05,52.74
5-Apr-05,53
6-Apr-05,52.9
7-Apr-05,53.42
8-Apr-05,53.08
11-Apr-05,53.1
12-Apr-05,53.64
13-Apr-05,53.63
14-Apr-05,55.14
15-Apr-05,54.83
18-Apr-05,54.49
19-Apr-05,54.5
20-Apr-05,54.16
21-Apr-05,54.71
22-Apr-05,54.47
25-Apr-05,55.14
26-Apr-05,55.2
27-Apr-05,55.24
28-Apr-05,55.1
29-Apr-05,55.64
2-May-05,55.91
3-May-05,55.92
4-May-05,56.62
5-May-05,56.44
6-May-05,56.04
9-May-05,56.37
10-May-05,56.37
11-May-05,56.93
12-May-05,56.68
13-May-05,56.43
16-May-05,56.66
17-May-05,56.29
18-May-05,56.69
19-May-05,57.03
20-May-05,57.12
23-May-05,56.74
24-May-05,56.77
25-May-05,57
26-May-05,57.01
27-May-05,56.6
31-May-05,56.26
1-Jun-05,56.82
2-Jun-05,56.9
3-Jun-05,56.01
6-Jun-05,55.77
7-Jun-05,55.9
8-Jun-05,55.48
9-Jun-05,55.5
10-Jun-05,55.52
13-Jun-05,55.57
14-Jun-05,55.55
15-Jun-05,55.8
16-Jun-05,56.04
17-Jun-05,55.76
20-Jun-05,56
21-Jun-05,55.87
22-Jun-05,55.22
23-Jun-05,54.87
24-Jun-05,54.27
27-Jun-05,54.28
28-Jun-05,54.83
29-Jun-05,54.43
30-Jun-05,53.93
1-Jul-05,53.51
5-Jul-05,53.55
6-Jul-05,52.58
7-Jul-05,52.78
8-Jul-05,53.53
11-Jul-05,53.85
12-Jul-05,54.6
13-Jul-05,54.87
14-Jul-05,55.44
15-Jul-05,55.45
18-Jul-05,54.64
19-Jul-05,55.54
20-Jul-05,54.6
21-Jul-05,54.68
22-Jul-05,54.83
25-Jul-05,54.57
26-Jul-05,54.47
27-Jul-05,54.75
28-Jul-05,54.93
29-Jul-05,54.53
1-Aug-05,54.61
2-Aug-05,54.84
3-Aug-05,54.69
4-Aug-05,54.7
5-Aug-05,54.39
8-Aug-05,53.9
9-Aug-05,54.25
10-Aug-05,54.38
11-Aug-05,54.71
12-Aug-05,54.61
15-Aug-05,54.95
16-Aug-05,54.79
17-Aug-05,54.73
18-Aug-05,54.58
19-Aug-05,54.94
22-Aug-05,55.05
23-Aug-05,54.91
24-Aug-05,54.32
25-Aug-05,54.51
26-Aug-05,54.31
29-Aug-05,54.81
30-Aug-05,54.8
31-Aug-05,54.85
1-Sep-05,54.95
2-Sep-05,54.65
6-Sep-05,55.19
7-Sep-05,55.45
8-Sep-05,55.11
9-Sep-05,55.23
12-Sep-05,55.43
13-Sep-05,55.46
14-Sep-05,55.35
15-Sep-05,55.69
16-Sep-05,56
19-Sep-05,55.43
20-Sep-05,54.8
21-Sep-05,54.02
22-Sep-05,54.15
23-Sep-05,54.51
26-Sep-05,54.35
27-Sep-05,55.11
28-Sep-05,55.06
29-Sep-05,56.5
30-Sep-05,56.71
3-Oct-05,56.51
4-Oct-05,56.53
5-Oct-05,57.25
6-Oct-05,57.96
7-Oct-05,57.47
10-Oct-05,57.3
11-Oct-05,57.13
12-Oct-05,57.71
13-Oct-05,57.47
14-Oct-05,57.51
17-Oct-05,57.76
18-Oct-05,58.32
19-Oct-05,58.13
20-Oct-05,57.67
21-Oct-05,57.59
24-Oct-05,57.96
25-Oct-05,58
26-Oct-05,57.55
27-Oct-05,58.27
28-Oct-05,58.83
31-Oct-05,59.08
1-Nov-05,58.56
2-Nov-05,58.97
3-Nov-05,59.05
4-Nov-05,58.6
7-Nov-05,58.56
8-Nov-05,58.3
9-Nov-05,58.3
10-Nov-05,58.89
11-Nov-05,58.7
14-Nov-05,58.6
15-Nov-05,58.7
16-Nov-05,58.68
17-Nov-05,58.24
18-Nov-05,58.52
21-Nov-05,58.4
22-Nov-05,59.37
23-Nov-05,59.6
25-Nov-05,59.9
28-Nov-05,59.62
29-Nov-05,59.77
30-Nov-05,59.2
1-Dec-05,59.86
2-Dec-05,59.9
5-Dec-05,59.86
6-Dec-05,59.71
7-Dec-05,59.22
8-Dec-05,59.07
9-Dec-05,59
12-Dec-05,59.31
13-Dec-05,58.97
14-Dec-05,59.25
15-Dec-05,59.6
16-Dec-05,59.82
19-Dec-05,59.54
20-Dec-05,59.17
21-Dec-05,59.24
22-Dec-05,59.22
23-Dec-05,59.21
27-Dec-05,59.19
28-Dec-05,59.33
29-Dec-05,59.54
30-Dec-05,59.08
3-Jan-06,59.76
4-Jan-06,59.73
5-Jan-06,59.38
6-Jan-06,59.6
9-Jan-06,59.3
10-Jan-06,59.1
11-Jan-06,58.86
12-Jan-06,58.84
13-Jan-06,58.7
17-Jan-06,58.43
18-Jan-06,58.39
19-Jan-06,58.33
20-Jan-06,57.28
23-Jan-06,57.5
24-Jan-06,58.04
25-Jan-06,57.64
26-Jan-06,57.4
27-Jan-06,58.2
30-Jan-06,57.64
31-Jan-06,57.18
1-Feb-06,57.27
2-Feb-06,57.45
3-Feb-06,57.34
6-Feb-06,56.77
7-Feb-06,56.86
8-Feb-06,57.28
9-Feb-06,57.71
10-Feb-06,57.93
13-Feb-06,57.6
14-Feb-06,57.95
15-Feb-06,57.88
16-Feb-06,58.7
17-Feb-06,58.92
21-Feb-06,58.84
22-Feb-06,59
23-Feb-06,59.66
24-Feb-06,59.54
27-Feb-06,59.51
28-Feb-06,59.11
1-Mar-06,59.25
2-Mar-06,59.28
3-Mar-06,59.48
6-Mar-06,59.68
7-Mar-06,59.76
8-Mar-06,59.82
9-Mar-06,60
10-Mar-06,60.34
13-Mar-06,60.49
14-Mar-06,60.43
15-Mar-06,60.06
16-Mar-06,59.9
17-Mar-06,60.06
20-Mar-06,59.86
21-Mar-06,59.53
22-Mar-06,59.82
23-Mar-06,59.13
24-Mar-06,59.34
27-Mar-06,58.99
28-Mar-06,58.44
29-Mar-06,58.41
30-Mar-06,58.11
31-Mar-06,57.79
3-Apr-06,57.85
4-Apr-06,57.81
5-Apr-06,57.89
6-Apr-06,58.02
7-Apr-06,57.8
10-Apr-06,58.09
11-Apr-06,57.81
12-Apr-06,57.88
13-Apr-06,57.87
17-Apr-06,57.39
18-Apr-06,58.08
19-Apr-06,58.08
20-Apr-06,57.3
21-Apr-06,57.2
24-Apr-06,57.27
25-Apr-06,57.5
26-Apr-06,57.86
27-Apr-06,58.08
28-Apr-06,58.24
1-May-06,58.17
2-May-06,57.95
3-May-06,58.45
4-May-06,58.74
5-May-06,59.18
8-May-06,58.9
9-May-06,58.71
10-May-06,58.84
11-May-06,58.35
12-May-06,58.64
15-May-06,59.71
16-May-06,59.66
17-May-06,59.65
18-May-06,58.69
19-May-06,58.6
22-May-06,59.27
23-May-06,59.73
24-May-06,60.36
25-May-06,60.56
26-May-06,60.66
30-May-06,60.42
31-May-06,60.46
1-Jun-06,61.1
2-Jun-06,60.67
5-Jun-06,59.75
6-Jun-06,60.52
7-Jun-06,60.3
8-Jun-06,60.13
9-Jun-06,59.93
12-Jun-06,59.72
13-Jun-06,58.99
14-Jun-06,58.86
15-Jun-06,59.08
16-Jun-06,59.7
19-Jun-06,59.31
20-Jun-06,59.29
21-Jun-06,59.61
22-Jun-06,60.02
23-Jun-06,59.49
26-Jun-06,59.51
27-Jun-06,59.11
28-Jun-06,58.91
29-Jun-06,59.5
30-Jun-06,60.04
3-Jul-06,60.27
5-Jul-06,60.27
6-Jul-06,60.36
7-Jul-06,60.46
10-Jul-06,60.95
11-Jul-06,61.59
12-Jul-06,61.1
13-Jul-06,62.07
14-Jul-06,61.8
17-Jul-06,62.28
18-Jul-06,63.21
19-Jul-06,62.67
20-Jul-06,62.48
21-Jul-06,62.76
24-Jul-06,63.35
25-Jul-06,62.72
26-Jul-06,63.63
27-Jul-06,62.49
28-Jul-06,63.13
31-Jul-06,63.38
1-Aug-06,63.17
2-Aug-06,63.2
3-Aug-06,62.84
4-Aug-06,63.17
7-Aug-06,63.16
8-Aug-06,63.62
9-Aug-06,62.84
10-Aug-06,63.2
11-Aug-06,63.33
14-Aug-06,63.95
15-Aug-06,63.59
16-Aug-06,63.29
17-Aug-06,62.66
18-Aug-06,63.01
21-Aug-06,63.3
22-Aug-06,63.74
23-Aug-06,64.07
24-Aug-06,64.14
25-Aug-06,64.18
28-Aug-06,65
29-Aug-06,65.81
30-Aug-06,65.64
31-Aug-06,65.28
1-Sep-06,65.41
5-Sep-06,65.2
6-Sep-06,64.93
7-Sep-06,64.22
8-Sep-06,64.73
11-Sep-06,64.72
12-Sep-06,65.2
13-Sep-06,64.64
14-Sep-06,64.55
15-Sep-06,65.03
18-Sep-06,64.48
19-Sep-06,64.77
20-Sep-06,65.12
21-Sep-06,64.61
22-Sep-06,64.28
25-Sep-06,65.07
26-Sep-06,65.43
27-Sep-06,65.91
28-Sep-06,65.3
29-Sep-06,65.26
2-Oct-06,64.33
3-Oct-06,64.66
4-Oct-06,64.91
5-Oct-06,64.78
6-Oct-06,64.42
9-Oct-06,63.72
10-Oct-06,63.41
11-Oct-06,63.86
12-Oct-06,62.85
13-Oct-06,62.45
16-Oct-06,62.68
17-Oct-06,62.37
18-Oct-06,63.19
19-Oct-06,62.82
20-Oct-06,62.81
23-Oct-06,63.18
24-Oct-06,63.2
25-Oct-06,63.64
26-Oct-06,63.82
27-Oct-06,63.54
30-Oct-06,63.53
31-Oct-06,63.44
1-Nov-06,63.35
2-Nov-06,63.21
3-Nov-06,63.24
6-Nov-06,63.28
7-Nov-06,63.4
8-Nov-06,63.53
9-Nov-06,62.69
10-Nov-06,62.55
13-Nov-06,61.41
14-Nov-06,61.94
15-Nov-06,61.24
16-Nov-06,61.8
17-Nov-06,62.28
20-Nov-06,62.5
21-Nov-06,62.56
22-Nov-06,62.54
24-Nov-06,62.34
27-Nov-06,61.5
28-Nov-06,61.82
29-Nov-06,62.47
30-Nov-06,61.97
1-Dec-06,61.96
4-Dec-06,62.88
5-Dec-06,64.17
6-Dec-06,63.71
7-Dec-06,63.42
8-Dec-06,63.27
11-Dec-06,62.76
12-Dec-06,62.85
13-Dec-06,62.76
14-Dec-06,62.5
15-Dec-06,62.87
18-Dec-06,63.07
19-Dec-06,63.28
20-Dec-06,63.3
21-Dec-06,63.39
22-Dec-06,63.1
26-Dec-06,62.84
27-Dec-06,62.89
28-Dec-06,63.25
29-Dec-06,62.55
3-Jan-07,62.72
4-Jan-07,63.15
5-Jan-07,62.95
8-Jan-07,63.09
9-Jan-07,63.35
10-Jan-07,64.15
11-Jan-07,64.95
12-Jan-07,64.7
16-Jan-07,64.85
17-Jan-07,65
18-Jan-07,64.92
19-Jan-07,64.82
22-Jan-07,64.81
23-Jan-07,64.84
24-Jan-07,65.2
25-Jan-07,64.42
26-Jan-07,64.45
29-Jan-07,64.6
30-Jan-07,65.09
31-Jan-07,65.24
1-Feb-07,65.38
2-Feb-07,65.04
5-Feb-07,64.83
6-Feb-07,64.39
7-Feb-07,64.5
8-Feb-07,63.31
9-Feb-07,63.91
12-Feb-07,63.72
13-Feb-07,63.81
14-Feb-07,63.35
15-Feb-07,64.08
16-Feb-07,64.62
20-Feb-07,64.61
21-Feb-07,65.02
22-Feb-07,64.66
23-Feb-07,64.58
26-Feb-07,64.49
27-Feb-07,62.76
28-Feb-07,63.15
1-Mar-07,63.43
2-Mar-07,62.93
5-Mar-07,62.77
6-Mar-07,63.26
7-Mar-07,62.75
8-Mar-07,63.05
9-Mar-07,62.88
12-Mar-07,63.17
13-Mar-07,62.16
14-Mar-07,62.69
15-Mar-07,62.99
16-Mar-07,62.57
19-Mar-07,62.84
20-Mar-07,63.4
21-Mar-07,64.18
22-Mar-07,64.11
23-Mar-07,64.09
26-Mar-07,63.89
27-Mar-07,62.95
28-Mar-07,62.89
29-Mar-07,63.59
30-Mar-07,63.56
2-Apr-07,63.39
3-Apr-07,63.4
4-Apr-07,63.73
5-Apr-07,63.68
9-Apr-07,62.99
10-Apr-07,63.41
11-Apr-07,63.21
12-Apr-07,64.16
13-Apr-07,64.4
16-Apr-07,64.56
17-Apr-07,65.8
18-Apr-07,65.92
19-Apr-07,66.03
20-Apr-07,66.65
23-Apr-07,66.59
24-Apr-07,66.41
25-Apr-07,66.98
26-Apr-07,66.41
27-Apr-07,66.29
30-Apr-07,66.09
1-May-07,66.4
2-May-07,67.02
3-May-07,67.31
4-May-07,67.42
7-May-07,67.48
8-May-07,67.15
9-May-07,67.17
10-May-07,66.35
11-May-07,66.8
14-May-07,66.79
15-May-07,67.45
16-May-07,68.64
17-May-07,68.49
18-May-07,69.48
21-May-07,69.03
22-May-07,68.67
23-May-07,68.69
24-May-07,68.45
25-May-07,68.82
29-May-07,68.48
30-May-07,68.57
31-May-07,68.33
1-Jun-07,68.7
4-Jun-07,68.31
5-Jun-07,67.62
6-Jun-07,67.06
7-Jun-07,66.35
8-Jun-07,66.61
11-Jun-07,66.04
12-Jun-07,66.03
13-Jun-07,66.39
14-Jun-07,66.89
15-Jun-07,66.68
18-Jun-07,66.59
19-Jun-07,65.8
20-Jun-07,65.52
21-Jun-07,65.88
22-Jun-07,64.86
25-Jun-07,64.65
26-Jun-07,64.66
27-Jun-07,65.17
28-Jun-07,65.25
29-Jun-07,64.85
2-Jul-07,65.3
3-Jul-07,65.59
5-Jul-07,65.91
6-Jul-07,66.22
9-Jul-07,66.05
10-Jul-07,65.87
11-Jul-07,66.11
12-Jul-07,66.94
13-Jul-07,66.85
16-Jul-07,66.99
17-Jul-07,66.4
18-Jul-07,66.13
19-Jul-07,65.47
20-Jul-07,64.67
23-Jul-07,66.59
24-Jul-07,66.26
25-Jul-07,68.32
26-Jul-07,66.84
27-Jul-07,65.66
30-Jul-07,65.9
31-Jul-07,65.62
1-Aug-07,66.43
2-Aug-07,66.81
3-Aug-07,66.47
6-Aug-07,68.51
7-Aug-07,69.16
8-Aug-07,69.94
9-Aug-07,68.5
10-Aug-07,67.95
13-Aug-07,68.08
14-Aug-07,67.16
15-Aug-07,67.34
16-Aug-07,68.37
17-Aug-07,69.38
20-Aug-07,68.61
21-Aug-07,68.45
22-Aug-07,68.8
23-Aug-07,67.91
24-Aug-07,68.22
27-Aug-07,68.1
28-Aug-07,67.51
29-Aug-07,68.19
30-Aug-07,67.86
31-Aug-07,68.03
4-Sep-07,68.61
5-Sep-07,67.94
6-Sep-07,68.56
7-Sep-07,67.98
10-Sep-07,68.46
11-Sep-07,69.87
12-Sep-07,69.58
13-Sep-07,69.88
14-Sep-07,69.56
17-Sep-07,69.8
18-Sep-07,70.88
19-Sep-07,71.11
20-Sep-07,71.03
21-Sep-07,71.44
24-Sep-07,71.25
25-Sep-07,71.22
26-Sep-07,72.23
27-Sep-07,72.62
28-Sep-07,73.26
1-Oct-07,74.01
2-Oct-07,73.76
3-Oct-07,73.47
4-Oct-07,73.87
5-Oct-07,73.74
8-Oct-07,73.91
9-Oct-07,73.21
10-Oct-07,73.6
11-Oct-07,71.77
12-Oct-07,71.78
15-Oct-07,71.35
16-Oct-07,71.87
17-Oct-07,72.11
18-Oct-07,71.88
19-Oct-07,70.4
22-Oct-07,71.17
23-Oct-07,71.53
24-Oct-07,71.8
25-Oct-07,71.98
26-Oct-07,72.34
29-Oct-07,73.7
30-Oct-07,73.84
31-Oct-07,73.72
1-Nov-07,72.39
2-Nov-07,72.98
5-Nov-07,72.76
6-Nov-07,73.49
7-Nov-07,72.34
8-Nov-07,73.5
9-Nov-07,73.48
12-Nov-07,72.57
13-Nov-07,73.34
14-Nov-07,74.06
15-Nov-07,73.58
16-Nov-07,74.15
19-Nov-07,75.08
20-Nov-07,74.84
21-Nov-07,75.04
23-Nov-07,75.51
26-Nov-07,74.69
27-Nov-07,75.92
28-Nov-07,77.16
29-Nov-07,76.54
30-Nov-07,77.18
3-Dec-07,76.58
4-Dec-07,76.65
5-Dec-07,76.27
6-Dec-07,77.03
7-Dec-07,77
10-Dec-07,77.28
11-Dec-07,76.48
12-Dec-07,78.09
13-Dec-07,78.69
14-Dec-07,78.46
17-Dec-07,77.37
18-Dec-07,77.02
19-Dec-07,76.79
20-Dec-07,76.49
21-Dec-07,77.35
24-Dec-07,77.71
26-Dec-07,77.28
27-Dec-07,76.7
28-Dec-07,77.03
31-Dec-07,75.9
2-Jan-08,75.29
3-Jan-08,75.78
4-Jan-08,75.55
7-Jan-08,77.32
8-Jan-08,77.94
9-Jan-08,78.74
10-Jan-08,79.57
11-Jan-08,77.78
14-Jan-08,76.92
15-Jan-08,74.83
16-Jan-08,73.54
17-Jan-08,72.1
18-Jan-08,71.46
22-Jan-08,69.44
23-Jan-08,70.5
24-Jan-08,69.73
25-Jan-08,68.92
28-Jan-08,70.27
29-Jan-08,68.63
30-Jan-08,67.39
31-Jan-08,68.05
1-Feb-08,68.83
4-Feb-08,69.22
5-Feb-08,67.95
6-Feb-08,66.73
7-Feb-08,70.41
8-Feb-08,69.81
11-Feb-08,70.96
12-Feb-08,71.96
13-Feb-08,71.63
14-Feb-08,71.57
15-Feb-08,71.73
19-Feb-08,71.14
20-Feb-08,71.12
21-Feb-08,71.08
22-Feb-08,71.38
25-Feb-08,71.59
26-Feb-08,71.33
27-Feb-08,71.2
28-Feb-08,71.06
29-Feb-08,69.56
3-Mar-08,70.17
4-Mar-08,70.04
5-Mar-08,70.28
6-Mar-08,70.12
7-Mar-08,69.59
10-Mar-08,69.02
11-Mar-08,69.95
12-Mar-08,69.56
13-Mar-08,69.24
14-Mar-08,68.45
17-Mar-08,69.15
18-Mar-08,70.02
19-Mar-08,70.18
20-Mar-08,71.19
24-Mar-08,71.45
25-Mar-08,71.54
26-Mar-08,71.16
27-Mar-08,71.19
28-Mar-08,71.56
31-Mar-08,72.2
1-Apr-08,72.13
2-Apr-08,71.42
3-Apr-08,71.4
4-Apr-08,71.53
7-Apr-08,71.86
8-Apr-08,71.28
9-Apr-08,70.97
10-Apr-08,71.7
11-Apr-08,71.4
14-Apr-08,70.95
15-Apr-08,71.22
16-Apr-08,71.11
17-Apr-08,70.77
18-Apr-08,70.6
21-Apr-08,69.9
22-Apr-08,69.1
23-Apr-08,69.19
24-Apr-08,68
25-Apr-08,67.62
28-Apr-08,68.16
29-Apr-08,68.2
30-Apr-08,68.53
1-May-08,68.5
2-May-08,69.1
5-May-08,68.57
6-May-08,68.57
7-May-08,68.01
8-May-08,67.54
9-May-08,67.51
12-May-08,67.35
13-May-08,67.25
14-May-08,67.1
15-May-08,68.07
16-May-08,67.87
19-May-08,68.03
20-May-08,67.46
21-May-08,67.27
22-May-08,68.38
23-May-08,68.26
27-May-08,69.01
28-May-08,67.93
29-May-08,68.83
30-May-08,68.3
2-Jun-08,67.55
3-Jun-08,67.05
4-Jun-08,66.67
5-Jun-08,67.29
6-Jun-08,65.52
9-Jun-08,65.37
10-Jun-08,67.58
11-Jun-08,67.49
12-Jun-08,67.95
13-Jun-08,67.54
16-Jun-08,66.04
17-Jun-08,65.87
18-Jun-08,65.06
19-Jun-08,65.89
20-Jun-08,65.08
23-Jun-08,64.63
24-Jun-08,64.02
25-Jun-08,65.52
26-Jun-08,64.77
27-Jun-08,63.93
30-Jun-08,63.59
1-Jul-08,64.4
2-Jul-08,65.76
3-Jul-08,66.77
7-Jul-08,66.62
8-Jul-08,65.83
9-Jul-08,65.35
10-Jul-08,65.59
11-Jul-08,64.66
14-Jul-08,64.91
15-Jul-08,65.57
16-Jul-08,66.09
17-Jul-08,65.53
18-Jul-08,65.41
21-Jul-08,64.45
22-Jul-08,66.19
23-Jul-08,67.72
24-Jul-08,67.4
25-Jul-08,67.22
28-Jul-08,66.71
29-Jul-08,66.98
30-Jul-08,66.91
31-Jul-08,66.56
1-Aug-08,66.63
4-Aug-08,67.67
5-Aug-08,68.52
6-Aug-08,68.54
7-Aug-08,67.95
8-Aug-08,69.35
11-Aug-08,69.27
12-Aug-08,69.62
13-Aug-08,69.74
14-Aug-08,69.94
15-Aug-08,70.2
18-Aug-08,69.81
19-Aug-08,70.1
20-Aug-08,69.85
21-Aug-08,69.39
22-Aug-08,69.9
25-Aug-08,69.05
26-Aug-08,68.7
27-Aug-08,69.2
28-Aug-08,69.19
29-Aug-08,68.48
2-Sep-08,69.46
3-Sep-08,69.19
4-Sep-08,68.39
5-Sep-08,68.92
8-Sep-08,70.34
9-Sep-08,71
10-Sep-08,71.83
11-Sep-08,72.62
12-Sep-08,73.15
15-Sep-08,72.35
16-Sep-08,72.98
17-Sep-08,71.68
18-Sep-08,73.23
19-Sep-08,73.19
22-Sep-08,71.08
23-Sep-08,70.75
24-Sep-08,70.1
25-Sep-08,71.3
26-Sep-08,71.71
29-Sep-08,69.66
30-Sep-08,71.27
1-Oct-08,71.64
2-Oct-08,70.91
3-Oct-08,69
6-Oct-08,66.64
7-Oct-08,65.12
8-Oct-08,63.61
9-Oct-08,59.52
10-Oct-08,57.8
13-Oct-08,61.77
14-Oct-08,54.4
15-Oct-08,51.25
16-Oct-08,53.08
17-Oct-08,53.88
20-Oct-08,56.76
21-Oct-08,55
22-Oct-08,53.64
23-Oct-08,53.48
24-Oct-08,51.76
27-Oct-08,51.49
28-Oct-08,55.83
29-Oct-08,55
30-Oct-08,57.08
31-Oct-08,57.01
3-Nov-08,57.47
4-Nov-08,58.34
5-Nov-08,57.01
6-Nov-08,54.85
7-Nov-08,55.36
10-Nov-08,54.61
11-Nov-08,55.08
12-Nov-08,53.1
13-Nov-08,55.59
14-Nov-08,53.52
17-Nov-08,52.97
18-Nov-08,53.14
19-Nov-08,52.1
20-Nov-08,50.29
21-Nov-08,54.59
24-Nov-08,55.66
25-Nov-08,54
26-Nov-08,54.93
28-Nov-08,56.7
1-Dec-08,53.64
2-Dec-08,54.45
3-Dec-08,54.08
4-Dec-08,52.33
5-Dec-08,53.37
8-Dec-08,53.6
9-Dec-08,52.27
10-Dec-08,53.01
11-Dec-08,52.71
12-Dec-08,52.03
15-Dec-08,52.42
16-Dec-08,54.21
17-Dec-08,54.33
18-Dec-08,54.71
19-Dec-08,54.09
22-Dec-08,53.75
23-Dec-08,54.17
24-Dec-08,54.54
26-Dec-08,54.56
29-Dec-08,54.07
30-Dec-08,54.88
31-Dec-08,54.77
2-Jan-09,55.97
5-Jan-09,55.6
6-Jan-09,55.7
7-Jan-09,53.89
8-Jan-09,53.25
9-Jan-09,52.57
12-Jan-09,51.39
13-Jan-09,52.23
14-Jan-09,51.1
15-Jan-09,50.53
16-Jan-09,51.37
20-Jan-09,50.43
21-Jan-09,50.44
22-Jan-09,50.35
23-Jan-09,50.62
26-Jan-09,51.42
27-Jan-09,51.64
28-Jan-09,52.04
29-Jan-09,51.68
30-Jan-09,50.23
2-Feb-09,50.13
3-Feb-09,51.52
4-Feb-09,51.49
5-Feb-09,52.35
6-Feb-09,53.53
9-Feb-09,51.43
10-Feb-09,49.53
11-Feb-09,50.61
12-Feb-09,52
13-Feb-09,52.57
17-Feb-09,51.82
18-Feb-09,51.53
19-Feb-09,52.2
20-Feb-09,51.45
23-Feb-09,50.16
24-Feb-09,51.68
25-Feb-09,50.72
26-Feb-09,49.42
27-Feb-09,48.14
2-Mar-09,46.85
3-Mar-09,48.47
4-Mar-09,47.6
5-Mar-09,45.97
6-Mar-09,47.1
9-Mar-09,45.81
10-Mar-09,46.6
11-Mar-09,47.42
12-Mar-09,48.29
13-Mar-09,48.62
16-Mar-09,48.73
17-Mar-09,49.25
18-Mar-09,49.47
19-Mar-09,48.99
20-Mar-09,50.02
23-Mar-09,51.63
24-Mar-09,51.53
25-Mar-09,52.47
26-Mar-09,53.16
27-Mar-09,52.39
30-Mar-09,51.79
31-Mar-09,51.48
1-Apr-09,52.22
2-Apr-09,52.86
3-Apr-09,52.69
6-Apr-09,52.67
7-Apr-09,52.25
8-Apr-09,52.28
9-Apr-09,52.1
13-Apr-09,51.49
14-Apr-09,50.56
15-Apr-09,52.04
16-Apr-09,51.96
17-Apr-09,52.13
20-Apr-09,49.86
21-Apr-09,49.35
22-Apr-09,47.98
23-Apr-09,47.89
24-Apr-09,48.52
27-Apr-09,49.11
28-Apr-09,50.04
29-Apr-09,50.45
30-Apr-09,49.76
1-May-09,49.79
4-May-09,49.1
5-May-09,49.73
6-May-09,49.72
7-May-09,49.49
8-May-09,49.75
11-May-09,49.58
12-May-09,49.27
13-May-09,49.66
14-May-09,50.87
15-May-09,50.32
18-May-09,51.17
19-May-09,51.61
20-May-09,52.06
21-May-09,51.49
22-May-09,51.57
26-May-09,51.28
27-May-09,50.01
28-May-09,51.02
29-May-09,52.05
1-Jun-09,53.13
2-Jun-09,55.37
3-Jun-09,54.27
4-Jun-09,54.82
5-Jun-09,54.88
8-Jun-09,54.15
9-Jun-09,53.48
10-Jun-09,53.36
11-Jun-09,52.97
12-Jun-09,53.65
15-Jun-09,52.88
16-Jun-09,52.34
17-Jun-09,52.97
18-Jun-09,54.49
19-Jun-09,53.91
22-Jun-09,53.49
23-Jun-09,53.01
24-Jun-09,53.05
25-Jun-09,53.99
26-Jun-09,54.7
29-Jun-09,54.84
30-Jun-09,54.96
1-Jul-09,56.52
2-Jul-09,56.35
6-Jul-09,57.13
7-Jul-09,56
8-Jul-09,54.85
9-Jul-09,54.68
10-Jul-09,54.71
13-Jul-09,55.67
14-Jul-09,56.09
15-Jul-09,57.28
16-Jul-09,57.26
17-Jul-09,56.66
20-Jul-09,56.08
21-Jul-09,56.4
22-Jul-09,55.89
23-Jul-09,56.5
24-Jul-09,56.41
27-Jul-09,56.34
28-Jul-09,55.97
29-Jul-09,56.33
30-Jul-09,56.6
31-Jul-09,56.75
3-Aug-09,56.2
4-Aug-09,59.06
5-Aug-09,58.39
6-Aug-09,57.83
7-Aug-09,57.74
10-Aug-09,57.41
11-Aug-09,56.91
12-Aug-09,56.68
13-Aug-09,56.49
14-Aug-09,56.56
17-Aug-09,56.18
18-Aug-09,56.24
19-Aug-09,56.45
20-Aug-09,56.84
21-Aug-09,57.49
24-Aug-09,57.45
25-Aug-09,57.29
26-Aug-09,57.88
27-Aug-09,57.76
28-Aug-09,56.76
31-Aug-09,56.67
1-Sep-09,56.25
2-Sep-09,56.35
3-Sep-09,56.64
4-Sep-09,57.54
8-Sep-09,58.28
9-Sep-09,58.04
10-Sep-09,57.86
11-Sep-09,58.81
14-Sep-09,58.7
15-Sep-09,58.29
16-Sep-09,58.34
17-Sep-09,58.8
18-Sep-09,59.86
21-Sep-09,59.02
22-Sep-09,58.58
23-Sep-09,58.47
24-Sep-09,58.54
25-Sep-09,58.68
28-Sep-09,59.03
29-Sep-09,58.51
30-Sep-09,58.66
1-Oct-09,58.46
2-Oct-09,60.9
5-Oct-09,60.85
6-Oct-09,60.87
7-Oct-09,61.17
8-Oct-09,60.39
9-Oct-09,60.59
12-Oct-09,60.92
13-Oct-09,60.6
14-Oct-09,61.62
15-Oct-09,62.68
16-Oct-09,62.29
19-Oct-09,62.05
20-Oct-09,61.58
21-Oct-09,61.84
22-Oct-09,61.5
23-Oct-09,61.03
26-Oct-09,60.47
27-Oct-09,61
28-Oct-09,60.99
29-Oct-09,61.39
30-Oct-09,60.55
2-Nov-09,60.6
3-Nov-09,60.06
4-Nov-09,60.38
5-Nov-09,61.23
6-Nov-09,61.76
9-Nov-09,62.28
10-Nov-09,62.08
11-Nov-09,62.6
12-Nov-09,61.27
13-Nov-09,61.94
16-Nov-09,62.43
17-Nov-09,62.6
18-Nov-09,62.3
19-Nov-09,61.88
20-Nov-09,62.08
23-Nov-09,62.49
24-Nov-09,62.5
25-Nov-09,63.19
27-Nov-09,62.3
30-Nov-09,62.22
1-Dec-09,63.87
2-Dec-09,63.65
3-Dec-09,62.76
4-Dec-09,63.85
7-Dec-09,64.23
8-Dec-09,63.48
9-Dec-09,61.8
10-Dec-09,61.84
11-Dec-09,61.27
14-Dec-09,60.98
15-Dec-09,60.99
16-Dec-09,60.68
17-Dec-09,60.04
18-Dec-09,59.48
21-Dec-09,60.48
22-Dec-09,60.63
23-Dec-09,60.68
24-Dec-09,60.96
28-Dec-09,61.16
29-Dec-09,61.1
30-Dec-09,61.31
31-Dec-09,60.8
4-Jan-10,61.24
5-Jan-10,61.98
6-Jan-10,61.36
7-Jan-10,60.97
8-Jan-10,60.77
11-Jan-10,60.7
12-Jan-10,61.55
13-Jan-10,62.05
14-Jan-10,62.8
15-Jan-10,62.29
19-Jan-10,62.33
20-Jan-10,61.95
21-Jan-10,60.94
22-Jan-10,60.39
25-Jan-10,60.23
26-Jan-10,60.25
27-Jan-10,60.29
28-Jan-10,59.74
29-Jan-10,59.62
1-Feb-10,60.7
2-Feb-10,61.15
3-Feb-10,61.29
4-Feb-10,59.64
5-Feb-10,59.51
8-Feb-10,58.96
9-Feb-10,60.05
10-Feb-10,60.38
11-Feb-10,61.19
12-Feb-10,60.92
16-Feb-10,61.31
17-Feb-10,62.11
18-Feb-10,62.53
19-Feb-10,62.66
22-Feb-10,62.41
23-Feb-10,61.78
24-Feb-10,62.08
25-Feb-10,62.3
26-Feb-10,62.47
1-Mar-10,63.43
2-Mar-10,63.8
3-Mar-10,63.98
4-Mar-10,64.11
5-Mar-10,64.37
8-Mar-10,64.15
9-Mar-10,64.36
10-Mar-10,64.43
11-Mar-10,64.97
12-Mar-10,65.1
15-Mar-10,66.15
16-Mar-10,66.07
17-Mar-10,66.57
18-Mar-10,66.52
19-Mar-10,66.56
22-Mar-10,66.31
23-Mar-10,66.86
24-Mar-10,66.26
25-Mar-10,66.55
26-Mar-10,66.59
29-Mar-10,66.55
30-Mar-10,66.77
31-Mar-10,66.16
1-Apr-10,66.68
5-Apr-10,65.98
6-Apr-10,66.39
7-Apr-10,65.99
8-Apr-10,65.97
9-Apr-10,66.36
12-Apr-10,66.32
13-Apr-10,66.39
14-Apr-10,66.29
15-Apr-10,66.27
16-Apr-10,66.14
19-Apr-10,66.12
20-Apr-10,65.9
21-Apr-10,65.98
22-Apr-10,64.76
23-Apr-10,64.71
26-Apr-10,65.02
27-Apr-10,64.23
28-Apr-10,64.75
29-Apr-10,65.2
30-Apr-10,65.22
3-May-10,65.69
4-May-10,65.43
5-May-10,65.2
6-May-10,64.7
7-May-10,64.57
10-May-10,66.41
11-May-10,66.55
12-May-10,66.94
13-May-10,66.48
14-May-10,66.07
17-May-10,66.75
18-May-10,66.53
19-May-10,66.04
20-May-10,63.86
21-May-10,63.58
24-May-10,63.32
25-May-10,62.89
26-May-10,61.23
27-May-10,62.9
28-May-10,62.89
1-Jun-10,62.76
2-Jun-10,63.46
3-Jun-10,63.37
4-Jun-10,61.44
7-Jun-10,61.73
8-Jun-10,62.65
9-Jun-10,62.49
10-Jun-10,63.84
11-Jun-10,63.56
14-Jun-10,63.85
15-Jun-10,64.24
16-Jun-10,63.91
17-Jun-10,64.49
18-Jun-10,64.08
21-Jun-10,64.02
22-Jun-10,63.3
23-Jun-10,62.73
24-Jun-10,62.4
25-Jun-10,60.77
28-Jun-10,61.96
29-Jun-10,61.23
30-Jun-10,60.95
1-Jul-10,61.52
2-Jul-10,61.53
6-Jul-10,61.64
7-Jul-10,62.93
8-Jul-10,64
9-Jul-10,63.5
12-Jul-10,63.74
13-Jul-10,63.43
14-Jul-10,63.56
15-Jul-10,63.16
16-Jul-10,62.45
19-Jul-10,62.05
20-Jul-10,64.73
21-Jul-10,63.95
22-Jul-10,64.21
23-Jul-10,64.45
26-Jul-10,64.98
27-Jul-10,65.69
28-Jul-10,65.2
29-Jul-10,64.89
30-Jul-10,64.91
2-Aug-10,65.27
3-Aug-10,65.77
4-Aug-10,66.17
5-Aug-10,65.58
6-Aug-10,65.9
9-Aug-10,66.42
10-Aug-10,66.53
11-Aug-10,65.45
12-Aug-10,65.18
13-Aug-10,65.56
16-Aug-10,65.43
17-Aug-10,65.55
18-Aug-10,65.52
19-Aug-10,64.66
20-Aug-10,64.8
23-Aug-10,64.82
24-Aug-10,64.78
25-Aug-10,64.57
26-Aug-10,64.13
27-Aug-10,64.12
30-Aug-10,63.6
31-Aug-10,64.18
1-Sep-10,64.89
2-Sep-10,64.97
3-Sep-10,65.57
7-Sep-10,65.48
8-Sep-10,65.43
9-Sep-10,66.1
10-Sep-10,66.41
13-Sep-10,66.25
14-Sep-10,65.98
15-Sep-10,66.5
16-Sep-10,66.61
17-Sep-10,66.12
20-Sep-10,66.89
21-Sep-10,66.46
22-Sep-10,66.66
23-Sep-10,65.79
24-Sep-10,66.13
27-Sep-10,66.37
28-Sep-10,66.78
29-Sep-10,66.75
30-Sep-10,66.44
1-Oct-10,67
4-Oct-10,66.87
5-Oct-10,67.76
6-Oct-10,68.11
7-Oct-10,66.1
8-Oct-10,65.75
11-Oct-10,65.52
12-Oct-10,66.08
13-Oct-10,66.4
14-Oct-10,66.64
15-Oct-10,66.68
18-Oct-10,66.5
19-Oct-10,65.41
20-Oct-10,64.97
21-Oct-10,65.18
22-Oct-10,65.01
25-Oct-10,65.05
26-Oct-10,64.79
27-Oct-10,64.27
28-Oct-10,65.01
29-Oct-10,65.3
1-Nov-10,65.55
2-Nov-10,65.8
3-Nov-10,65.2
4-Nov-10,65.35
5-Nov-10,65.08
8-Nov-10,65.11
9-Nov-10,65.3
10-Nov-10,65.25
11-Nov-10,64.9
12-Nov-10,64.64
15-Nov-10,64.42
16-Nov-10,64.04
17-Nov-10,63.94
18-Nov-10,64.77
19-Nov-10,64.71
22-Nov-10,64.7
23-Nov-10,63.89
24-Nov-10,64.33
26-Nov-10,63.98
29-Nov-10,64.01
30-Nov-10,64.63
1-Dec-10,65.63
2-Dec-10,65.2
3-Dec-10,65.17
6-Dec-10,64.73
7-Dec-10,64.68
8-Dec-10,64.63
9-Dec-10,64.72
10-Dec-10,64.9
13-Dec-10,65.53
14-Dec-10,65.59
15-Dec-10,65.24
16-Dec-10,65.75
17-Dec-10,65.97
20-Dec-10,66.31
21-Dec-10,65.4
22-Dec-10,65.68
23-Dec-10,65.69
27-Dec-10,65.42
28-Dec-10,65.28
29-Dec-10,65.33
30-Dec-10,65.12
31-Dec-10,65.33
3-Jan-11,65.75
4-Jan-11,65.41
5-Jan-11,66.59
6-Jan-11,66.84
7-Jan-11,66.39
10-Jan-11,66.05
11-Jan-11,66.33
12-Jan-11,66.73
13-Jan-11,66.91
14-Jan-11,66.78
18-Jan-11,66.57
19-Jan-11,65.9
20-Jan-11,65.9
21-Jan-11,65.87
24-Jan-11,66.18
25-Jan-11,65.77
26-Jan-11,65.86
27-Jan-11,65.56
28-Jan-11,64.4
31-Jan-11,64.31
1-Feb-11,65.05
2-Feb-11,64.65
3-Feb-11,64.18
4-Feb-11,63.84
7-Feb-11,63.68
8-Feb-11,64.17
9-Feb-11,64.42
10-Feb-11,63.36
11-Feb-11,63.87
14-Feb-11,63.34
15-Feb-11,64.35
16-Feb-11,63.96
17-Feb-11,64.7
18-Feb-11,63.41
22-Feb-11,63.15
23-Feb-11,62.93
24-Feb-11,63.03
25-Feb-11,63.6
28-Feb-11,63.42
1-Mar-11,63.21
2-Mar-11,62.94
3-Mar-11,63.75
4-Mar-11,63.4
7-Mar-11,63.47
8-Mar-11,63.79
9-Mar-11,64.65
10-Mar-11,64.43
11-Mar-11,64.65
14-Mar-11,64.14
15-Mar-11,63.01
16-Mar-11,62.31
17-Mar-11,63.08
18-Mar-11,63.24
21-Mar-11,64.1
22-Mar-11,63.94
23-Mar-11,64.2
24-Mar-11,64.2
25-Mar-11,63.98
28-Mar-11,64.34
29-Mar-11,64.16
30-Mar-11,65.05
31-Mar-11,64.41
1-Apr-11,65.22
4-Apr-11,65.09
5-Apr-11,65.58
6-Apr-11,65.75
7-Apr-11,65.92
8-Apr-11,65.73
11-Apr-11,66.04
12-Apr-11,66.57
13-Apr-11,66.45
14-Apr-11,66.7
15-Apr-11,67.11
18-Apr-11,67.15
19-Apr-11,66.81
20-Apr-11,67.33
21-Apr-11,67.41
25-Apr-11,67.03
26-Apr-11,67.71
27-Apr-11,67.93
28-Apr-11,69.72
29-Apr-11,68.89
2-May-11,69.31
3-May-11,69.59
4-May-11,69.83
5-May-11,68.83
6-May-11,69.27
9-May-11,69.82
10-May-11,70.03
11-May-11,70.2
12-May-11,70.96
13-May-11,70.56
16-May-11,70.72
17-May-11,71.11
18-May-11,71.27
19-May-11,71.78
20-May-11,71.3
23-May-11,71.04
24-May-11,70.98
25-May-11,70.45
26-May-11,70.42
27-May-11,70.4
31-May-11,71.12
1-Jun-11,70.29
2-Jun-11,69.51
3-Jun-11,68.97
6-Jun-11,68.89
7-Jun-11,68.93
8-Jun-11,68.84
9-Jun-11,69.51
10-Jun-11,68.69
13-Jun-11,69.06
14-Jun-11,69.57
15-Jun-11,68.48
16-Jun-11,68.89
17-Jun-11,68.72
20-Jun-11,68.98
21-Jun-11,68.93
22-Jun-11,68.78
23-Jun-11,67.98
24-Jun-11,68.45
27-Jun-11,69.05
28-Jun-11,69.62
29-Jun-11,69.96
30-Jun-11,70.43
1-Jul-11,70.19
5-Jul-11,69.77
6-Jul-11,70.17
7-Jul-11,70.52
8-Jul-11,69.93
11-Jul-11,69.3
12-Jul-11,69.01
13-Jul-11,68.89
14-Jul-11,68.6
15-Jul-11,68.53
18-Jul-11,68
19-Jul-11,68.54
20-Jul-11,68.49
21-Jul-11,66.17
22-Jul-11,65.76
25-Jul-11,64.37
26-Jul-11,64.07
27-Jul-11,63.86
28-Jul-11,63.89
29-Jul-11,64.04
1-Aug-11,63.86
2-Aug-11,63.18
3-Aug-11,64.48
4-Aug-11,63.35
5-Aug-11,64.67
8-Aug-11,62.97
9-Aug-11,63.09
10-Aug-11,60.32
11-Aug-11,62.87
12-Aug-11,63.18
15-Aug-11,63.57
16-Aug-11,63.76
17-Aug-11,64.62
18-Aug-11,63.09
19-Aug-11,62.07
22-Aug-11,61.92
23-Aug-11,63.48
24-Aug-11,63.7
25-Aug-11,63.02
26-Aug-11,63.16
29-Aug-11,64.16
30-Aug-11,64.52
31-Aug-11,64.43
1-Sep-11,64.15
2-Sep-11,63.3
6-Sep-11,62.45
7-Sep-11,61.62
8-Sep-11,61.34
9-Sep-11,59.99
12-Sep-11,60.14
13-Sep-11,60.54
14-Sep-11,61.58
15-Sep-11,63.22
16-Sep-11,62.05
19-Sep-11,60.56
20-Sep-11,60.39
21-Sep-11,60.79
22-Sep-11,60.92
23-Sep-11,60.34
26-Sep-11,61.89
27-Sep-11,62.43
28-Sep-11,61.97
29-Sep-11,62.58
30-Sep-11,61.9
3-Oct-11,60.29
4-Oct-11,60.45
5-Oct-11,60.29
6-Oct-11,60.57
7-Oct-11,61.02
10-Oct-11,61.87
11-Oct-11,60.95
12-Oct-11,62.7
13-Oct-11,62.36
14-Oct-11,62.24
17-Oct-11,61.89
18-Oct-11,62.41
19-Oct-11,62.11
20-Oct-11,62.12
21-Oct-11,62.28
24-Oct-11,62.1
25-Oct-11,61.82
26-Oct-11,62.01
27-Oct-11,62.88
28-Oct-11,63.2
31-Oct-11,62.95
1-Nov-11,62.23
2-Nov-11,62.41
3-Nov-11,62.8
4-Nov-11,61.99
7-Nov-11,62.5
8-Nov-11,63.66
9-Nov-11,62.28
10-Nov-11,62.96
11-Nov-11,63.28
14-Nov-11,62.8
15-Nov-11,64.5
16-Nov-11,65.09
17-Nov-11,64.09
18-Nov-11,63.89
21-Nov-11,63.15
22-Nov-11,63.18
23-Nov-11,62.4
25-Nov-11,62.49
28-Nov-11,62.99
29-Nov-11,63.66
30-Nov-11,64
1-Dec-11,64.09
2-Dec-11,64.28
5-Dec-11,64.4
6-Dec-11,64.65
7-Dec-11,64.91
8-Dec-11,64.33
9-Dec-11,65.19
12-Dec-11,64.66
13-Dec-11,64.28
14-Dec-11,63.98
15-Dec-11,64.85
16-Dec-11,64.71
19-Dec-11,64.37
20-Dec-11,65.53
21-Dec-11,66.04
22-Dec-11,66.04
23-Dec-11,66.57
27-Dec-11,66.38
28-Dec-11,65.91
29-Dec-11,66.54
30-Dec-11,66.35
3-Jan-12,66.4
4-Jan-12,66.74
5-Jan-12,66.22
6-Jan-12,65.39
9-Jan-12,65.73
10-Jan-12,65.66
11-Jan-12,65.01
12-Jan-12,64.62
13-Jan-12,64.4
17-Jan-12,64.65
18-Jan-12,64.85
19-Jan-12,65.91
20-Jan-12,66.28
23-Jan-12,66.1
24-Jan-12,66.2
25-Jan-12,66.7
26-Jan-12,66.52
27-Jan-12,65.81
30-Jan-12,65.41
31-Jan-12,65.67
1-Feb-12,66.38
2-Feb-12,66.4
3-Feb-12,66.66
6-Feb-12,66.52
7-Feb-12,66.76
8-Feb-12,66.74
9-Feb-12,64.27
10-Feb-12,63.95
13-Feb-12,63.69
14-Feb-12,63.52
15-Feb-12,63.07
16-Feb-12,62.73
17-Feb-12,62.68
21-Feb-12,63.14
22-Feb-12,63.1
23-Feb-12,63.13
24-Feb-12,63.31
27-Feb-12,63.32
28-Feb-12,63.32
29-Feb-12,62.94
1-Mar-12,62.55
2-Mar-12,62.52
5-Mar-12,62.79
6-Mar-12,62.28
7-Mar-12,62.62
8-Mar-12,62.95
9-Mar-12,63.15
12-Mar-12,63.94
13-Mar-12,64.34
14-Mar-12,64.06
15-Mar-12,64.17
16-Mar-12,64.47
19-Mar-12,64.73
20-Mar-12,65.28
21-Mar-12,65.36
22-Mar-12,65.39
23-Mar-12,65.3
26-Mar-12,65.78
27-Mar-12,66.01
28-Mar-12,65.93
29-Mar-12,66.02
30-Mar-12,66.35
2-Apr-12,66.74
3-Apr-12,66.56
4-Apr-12,66.34
5-Apr-12,66.15
9-Apr-12,65.35
10-Apr-12,64.85
11-Apr-12,65.15
12-Apr-12,65.38
13-Apr-12,65.06
16-Apr-12,65.99
17-Apr-12,66.4
18-Apr-12,66.21
19-Apr-12,66.15
20-Apr-12,66.63
23-Apr-12,66.18
24-Apr-12,66.51
25-Apr-12,66.67
26-Apr-12,66.37
27-Apr-12,66.1
30-Apr-12,66
1-May-12,66.49
2-May-12,66.83
3-May-12,66.91
4-May-12,65.9
7-May-12,66.62
8-May-12,66.52
9-May-12,65.94
10-May-12,66.79
11-May-12,66.8
14-May-12,67.15
15-May-12,67.85
16-May-12,68.75
17-May-12,68.77
18-May-12,68.12
21-May-12,67.98
22-May-12,68.08
23-May-12,68
24-May-12,68.81
25-May-12,68.64
29-May-12,69.33
30-May-12,68.22
31-May-12,67.85
1-Jun-12,67.51
4-Jun-12,67.48
5-Jun-12,67
6-Jun-12,67.49
7-Jun-12,67.68
8-Jun-12,68.31
11-Jun-12,68.05
12-Jun-12,68.4
13-Jun-12,68.55
14-Jun-12,69.27
15-Jun-12,69.48
18-Jun-12,69.6
19-Jun-12,69.31
20-Jun-12,68.91
21-Jun-12,68.5
22-Jun-12,68.7
25-Jun-12,68.61
26-Jun-12,68.94
27-Jun-12,69.75
28-Jun-12,69.6
29-Jun-12,70.66
2-Jul-12,70.76
3-Jul-12,70.76
5-Jul-12,70.17
6-Jul-12,70.22
9-Jul-12,69.99
10-Jul-12,69.87
11-Jul-12,70.13
12-Jul-12,69.85
13-Jul-12,70.41
16-Jul-12,70.35
17-Jul-12,70.33
18-Jul-12,70.38
19-Jul-12,70.42
20-Jul-12,69.95
23-Jul-12,69.34
24-Jul-12,68.79
25-Jul-12,70.3
26-Jul-12,71.22
27-Jul-12,72.26
30-Jul-12,72.75
31-Jul-12,72.73
1-Aug-12,72.4
2-Aug-12,71.8
3-Aug-12,72.87
6-Aug-12,72.48
7-Aug-12,72.29
8-Aug-12,72.57
9-Aug-12,72.14
10-Aug-12,72.13
13-Aug-12,71.99
14-Aug-12,72.24
15-Aug-12,72.62
16-Aug-12,73.58
17-Aug-12,73.39
20-Aug-12,73.33
21-Aug-12,73.01
22-Aug-12,72.89
23-Aug-12,72.66
24-Aug-12,73.06
27-Aug-12,73.17
28-Aug-12,73.12
29-Aug-12,72.78
30-Aug-12,72.18
31-Aug-12,72.43
4-Sep-12,72.48
5-Sep-12,71.54
6-Sep-12,72.15
7-Sep-12,72.1
10-Sep-12,71.84
11-Sep-12,71.58
12-Sep-12,70.06
13-Sep-12,70.88
14-Sep-12,70.46
17-Sep-12,70.39
18-Sep-12,70.73
19-Sep-12,70.85
20-Sep-12,71.24
21-Sep-12,70.55
24-Sep-12,70.7
25-Sep-12,70.35
26-Sep-12,70.42
27-Sep-12,70.64
28-Sep-12,70.77
1-Oct-12,70.65
2-Oct-12,70.62
3-Oct-12,70.7
4-Oct-12,70.87
5-Oct-12,71.1
8-Oct-12,71.19
9-Oct-12,71.11
10-Oct-12,70.29
11-Oct-12,69.82
12-Oct-12,70.05
15-Oct-12,70.34
16-Oct-12,70.3
17-Oct-12,70.1
18-Oct-12,70.76
19-Oct-12,69.88
22-Oct-12,69.6
23-Oct-12,68.52
24-Oct-12,68.4
25-Oct-12,68.89
26-Oct-12,68.98
31-Oct-12,69.24
1-Nov-12,69.44
2-Nov-12,69.05
5-Nov-12,69
6-Nov-12,69.35
7-Nov-12,68.99
8-Nov-12,68.79
9-Nov-12,68.85
12-Nov-12,68.61
13-Nov-12,68.58
14-Nov-12,68.17
15-Nov-12,68.19
16-Nov-12,68.31
19-Nov-12,68.78
20-Nov-12,68.91
21-Nov-12,69.31
23-Nov-12,70.19
26-Nov-12,70
27-Nov-12,70.11
28-Nov-12,70.35
29-Nov-12,70.31
30-Nov-12,70.21
3-Dec-12,69.87
4-Dec-12,69.86
5-Dec-12,69.71
6-Dec-12,70.02
7-Dec-12,70.26
10-Dec-12,70.21
11-Dec-12,70.42
12-Dec-12,70.24
13-Dec-12,70.21
14-Dec-12,70.16
17-Dec-12,70.37
18-Dec-12,70.53
19-Dec-12,69.88
20-Dec-12,70.11
21-Dec-12,69.63
24-Dec-12,69.43
26-Dec-12,68.84
27-Dec-12,68.67
28-Dec-12,68.02
31-Dec-12,68.43
2-Jan-13,69.33
3-Jan-13,69.36
4-Jan-13,69.46
7-Jan-13,69.45
8-Jan-13,69.66
9-Jan-13,70.01
10-Jan-13,70.81
11-Jan-13,70.88
14-Jan-13,71.29
15-Jan-13,71.6
16-Jan-13,71.48
17-Jan-13,72.43
18-Jan-13,72.48
22-Jan-13,72.2
23-Jan-13,71.81
24-Jan-13,72.23
25-Jan-13,72.49
28-Jan-13,72.61
29-Jan-13,72.94
30-Jan-13,73.21
31-Jan-13,72.85
1-Feb-13,72.67
4-Feb-13,72.45
5-Feb-13,73.15
6-Feb-13,72.77
7-Feb-13,72.81
8-Feb-13,72.6
11-Feb-13,72.36
12-Feb-13,72.17
13-Feb-13,71.5
14-Feb-13,72.28
15-Feb-13,73.68
19-Feb-13,75.5
20-Feb-13,75.42
21-Feb-13,75.36
22-Feb-13,75.57
25-Feb-13,75.19
26-Feb-13,75.62
27-Feb-13,75.48
28-Feb-13,75.77
1-Mar-13,75.93
4-Mar-13,76.6
5-Mar-13,76.9
6-Mar-13,76.8
7-Mar-13,77.14
8-Mar-13,77.2
11-Mar-13,76.85
12-Mar-13,76.89
13-Mar-13,76.95
14-Mar-13,77.19
15-Mar-13,77.04
18-Mar-13,76.68
19-Mar-13,76.67
20-Mar-13,76.32
21-Mar-13,76.15
22-Mar-13,78.64
25-Mar-13,77.83
26-Mar-13,78.92
27-Mar-13,78.29
28-Mar-13,79.11
1-Apr-13,79.1
2-Apr-13,79.74
3-Apr-13,78.96
4-Apr-13,79.53
5-Apr-13,78.59
8-Apr-13,79.5
9-Apr-13,79.21
10-Apr-13,80.06
11-Apr-13,79.96
12-Apr-13,79.99
15-Apr-13,78.92
16-Apr-13,80
17-Apr-13,78.85
18-Apr-13,81.25
19-Apr-13,82.77
22-Apr-13,83.38
23-Apr-13,84.1
24-Apr-13,82.34
25-Apr-13,82.82
26-Apr-13,82.51
29-Apr-13,82.65
30-Apr-13,82.47
1-May-13,82.21
2-May-13,82.56
3-May-13,82.83
6-May-13,82.5
7-May-13,83.34
8-May-13,83.25
9-May-13,82.85
10-May-13,83
13-May-13,83.03
14-May-13,83.5
15-May-13,84.25
16-May-13,83.74
17-May-13,83.8
20-May-13,82.59
21-May-13,82.63
22-May-13,82.97
23-May-13,82.12
24-May-13,82.58
28-May-13,82.43
29-May-13,81.12
30-May-13,81.22
31-May-13,80.77
3-Jun-13,81.4
4-Jun-13,81.63
5-Jun-13,81.2
6-Jun-13,81.66
7-Jun-13,82.51
10-Jun-13,82.85
11-Jun-13,82.53
12-Jun-13,82.11
13-Jun-13,81.98
14-Jun-13,82.13
17-Jun-13,82.55
18-Jun-13,82.57
19-Jun-13,80.89
20-Jun-13,78.91
21-Jun-13,80.13
24-Jun-13,80.13
25-Jun-13,80.04
26-Jun-13,81.3
27-Jun-13,81.74
28-Jun-13,81.79
1-Jul-13,82.04
2-Jul-13,81.68
3-Jul-13,80.73
5-Jul-13,80.8
8-Jul-13,81.78
9-Jul-13,82.77
10-Jul-13,82.99
11-Jul-13,84.55
12-Jul-13,84.32
15-Jul-13,84.72
16-Jul-13,84.02
17-Jul-13,85.24
18-Jul-13,86.8
19-Jul-13,86.41
22-Jul-13,86.4
23-Jul-13,86.2
24-Jul-13,85.64
25-Jul-13,85.55
26-Jul-13,85.31
29-Jul-13,85.25
30-Jul-13,85.11
31-Jul-13,83.54
1-Aug-13,84.2
2-Aug-13,84.29
5-Aug-13,84.48
6-Aug-13,85.05
7-Aug-13,84.76
8-Aug-13,84.68
9-Aug-13,84.34
12-Aug-13,83.81
13-Aug-13,83.39
14-Aug-13,82.75
15-Aug-13,80.91
16-Aug-13,80.18
19-Aug-13,80.88
20-Aug-13,80.29
21-Aug-13,79.08
22-Aug-13,79.25
23-Aug-13,79.85
26-Aug-13,79.69
27-Aug-13,79.06
28-Aug-13,79.37
29-Aug-13,79.33
30-Aug-13,79.73
3-Sep-13,80.2
4-Sep-13,79.53
5-Sep-13,79.07
6-Sep-13,79.26
9-Sep-13,79.38
10-Sep-13,79.43
11-Sep-13,79.85
12-Sep-13,79.87
13-Sep-13,80.32
16-Sep-13,81.02
17-Sep-13,81.66
18-Sep-13,82.88
19-Sep-13,81.82
20-Sep-13,81.74
23-Sep-13,81.02
24-Sep-13,80.54
25-Sep-13,80.21
26-Sep-13,80.54
27-Sep-13,80.2
30-Sep-13,79.5
1-Oct-13,79.82
2-Oct-13,79.56
3-Oct-13,79.44
4-Oct-13,79.62
7-Oct-13,79.06
8-Oct-13,78.93
9-Oct-13,79.5
10-Oct-13,80.69
11-Oct-13,80.83
14-Oct-13,81.09
15-Oct-13,80.6
16-Oct-13,82.27
17-Oct-13,82.58
18-Oct-13,83.01
21-Oct-13,82.37
22-Oct-13,83.44
23-Oct-13,83.33
24-Oct-13,82.54
25-Oct-13,83.35
28-Oct-13,84.61
29-Oct-13,85.49
30-Oct-13,84.72
31-Oct-13,84.09
1-Nov-13,84.56
4-Nov-13,84.37
5-Nov-13,84.62
6-Nov-13,86.68
7-Nov-13,85.3
8-Nov-13,85.85
11-Nov-13,85.45
12-Nov-13,85.64
13-Nov-13,85.95
14-Nov-13,86.39
15-Nov-13,86.03
18-Nov-13,85.86
19-Nov-13,85.29
20-Nov-13,85.13
21-Nov-13,85.62
22-Nov-13,85.74
25-Nov-13,85.37
26-Nov-13,84.39
27-Nov-13,84.42
29-Nov-13,84.46
2-Dec-13,83.7
3-Dec-13,83.8
4-Dec-13,82.65
5-Dec-13,81.9
6-Dec-13,83.15
9-Dec-13,82.69
10-Dec-13,82.4
11-Dec-13,82.67
12-Dec-13,81.28
13-Dec-13,80.93
16-Dec-13,81
17-Dec-13,80.46
18-Dec-13,81.42
19-Dec-13,81.66
20-Dec-13,81.81
23-Dec-13,81.86
24-Dec-13,82.04
26-Dec-13,82.45
27-Dec-13,82.71
30-Dec-13,82.91
31-Dec-13,82.94
2-Jan-14,82.1
3-Jan-14,82.24
6-Jan-14,82.28
7-Jan-14,83.48
8-Jan-14,83.24
9-Jan-14,82.85
10-Jan-14,83.5
13-Jan-14,82.37
14-Jan-14,82.37
15-Jan-14,82.89
16-Jan-14,82.86
17-Jan-14,82.2
21-Jan-14,82.92
22-Jan-14,82.85
23-Jan-14,82.43
24-Jan-14,81.43
27-Jan-14,82.06
28-Jan-14,82.32
29-Jan-14,80.22
30-Jan-14,81.08
31-Jan-14,80.36
3-Feb-14,78.57
4-Feb-14,78.82
5-Feb-14,79.42
6-Feb-14,79.39
7-Feb-14,80.22
10-Feb-14,80.6
11-Feb-14,81.25
12-Feb-14,81.49
13-Feb-14,79.69
14-Feb-14,78.09
18-Feb-14,78.18
19-Feb-14,77.1
20-Feb-14,78.01
21-Feb-14,78.22
24-Feb-14,78.88
25-Feb-14,79.23
26-Feb-14,78.65
27-Feb-14,79.07
28-Feb-14,80.07
3-Mar-14,79.52
4-Mar-14,80.85
5-Mar-14,81.11
6-Mar-14,81.33
7-Mar-14,81.56
10-Mar-14,81.73
11-Mar-14,82.81
12-Mar-14,82.15
13-Mar-14,81.8
14-Mar-14,81
17-Mar-14,82.05
18-Mar-14,81.95
19-Mar-14,81.37
20-Mar-14,81.86
21-Mar-14,82.14
24-Mar-14,81.89
25-Mar-14,82.4
26-Mar-14,82.87
27-Mar-14,82.54
28-Mar-14,82.95
31-Mar-14,83.5
1-Apr-14,82.88
2-Apr-14,82.73
3-Apr-14,82.91
4-Apr-14,82.59
7-Apr-14,83.91
8-Apr-14,83.47
9-Apr-14,83.91
10-Apr-14,83.62
11-Apr-14,83.15
14-Apr-14,83.55
15-Apr-14,83.96
16-Apr-14,84.77
17-Apr-14,85.55
21-Apr-14,85.91
22-Apr-14,85.14
23-Apr-14,85.41
24-Apr-14,85.52
25-Apr-14,85.25
28-Apr-14,86.82
29-Apr-14,85.76
30-Apr-14,85.89
1-May-14,85.57
2-May-14,85.52
5-May-14,85.91
6-May-14,85.37
7-May-14,86.8
8-May-14,86.66
9-May-14,87.17
12-May-14,86.93
13-May-14,87.23
14-May-14,86.84
15-May-14,85.74
16-May-14,86.54
19-May-14,86.1
20-May-14,85.65
21-May-14,86.1
22-May-14,85.58
23-May-14,85.83
27-May-14,86.53
28-May-14,87.07
29-May-14,87.73
30-May-14,88.33
2-Jun-14,87.87
3-Jun-14,88.22
4-Jun-14,87.43
5-Jun-14,87.76
6-Jun-14,87.91
9-Jun-14,88
10-Jun-14,88.42
11-Jun-14,87.78
12-Jun-14,87.22
13-Jun-14,87.19
16-Jun-14,87.55
17-Jun-14,87.28
18-Jun-14,88.9
19-Jun-14,90.1
20-Jun-14,89.1
23-Jun-14,88.39
24-Jun-14,88.05
25-Jun-14,88.58
26-Jun-14,88.61
27-Jun-14,88.76
30-Jun-14,89.34
1-Jul-14,89.13
2-Jul-14,89.67
3-Jul-14,90.02
7-Jul-14,89.86
8-Jul-14,89.73
9-Jul-14,89.77
10-Jul-14,90.1
11-Jul-14,89.85
14-Jul-14,91.08
15-Jul-14,90.34
16-Jul-14,90.5
17-Jul-14,89.99
18-Jul-14,90.09
21-Jul-14,89.91
22-Jul-14,89.17
23-Jul-14,90.82
24-Jul-14,91.91
25-Jul-14,91.55
28-Jul-14,90.97
29-Jul-14,90.14
30-Jul-14,88.91
31-Jul-14,88.1
1-Aug-14,88.11
4-Aug-14,89.69
5-Aug-14,89.2
6-Aug-14,90.51
7-Aug-14,89.9
8-Aug-14,90.29
11-Aug-14,91.79
12-Aug-14,91.21
13-Aug-14,91.74
14-Aug-14,91.79
15-Aug-14,91.85
18-Aug-14,92.15
19-Aug-14,91.86
20-Aug-14,92.23
21-Aug-14,92.05
22-Aug-14,91.6
25-Aug-14,93.19
26-Aug-14,92.6
27-Aug-14,92.23
28-Aug-14,92.58
29-Aug-14,92.49
2-Sep-14,92.48
3-Sep-14,92.75
4-Sep-14,91.85
5-Sep-14,91.75
8-Sep-14,91.86
9-Sep-14,91.42
10-Sep-14,91.79
11-Sep-14,91.65
12-Sep-14,90.87
15-Sep-14,91.2
16-Sep-14,92.57
17-Sep-14,92.85
18-Sep-14,93.37
19-Sep-14,93.79
22-Sep-14,93.58
23-Sep-14,92.93
24-Sep-14,93.5
25-Sep-14,92.67
26-Sep-14,93.13
29-Sep-14,93.15
30-Sep-14,93.09
1-Oct-14,92.65
2-Oct-14,92.58
3-Oct-14,93.5
6-Oct-14,93.37
7-Oct-14,93.1
8-Oct-14,93.94
9-Oct-14,93.57
10-Oct-14,94.65
13-Oct-14,93.94
14-Oct-14,93.01
15-Oct-14,91.77
16-Oct-14,90.79
17-Oct-14,91.51
20-Oct-14,93.55
21-Oct-14,93.73
22-Oct-14,94.46
23-Oct-14,93.76
24-Oct-14,94.6
27-Oct-14,94.62
28-Oct-14,95.26
29-Oct-14,94.69
30-Oct-14,95.65
31-Oct-14,96.17
3-Nov-14,95.83
4-Nov-14,96.73
5-Nov-14,96.89
6-Nov-14,96.81
7-Nov-14,96.8
10-Nov-14,96.97
11-Nov-14,96.7
12-Nov-14,97.16
13-Nov-14,98.54
14-Nov-14,97.72
17-Nov-14,98.42
18-Nov-14,97.94
19-Nov-14,98.41
20-Nov-14,98.06
21-Nov-14,98.89
24-Nov-14,98.68
25-Nov-14,98.93
26-Nov-14,99.35
28-Nov-14,100.1
1-Dec-14,99.67
2-Dec-14,100.39
3-Dec-14,98.32
4-Dec-14,97.75
5-Dec-14,97.76
8-Dec-14,97.78
9-Dec-14,97.13
10-Dec-14,96.18
11-Dec-14,96.29
12-Dec-14,94.74
15-Dec-14,94.14
16-Dec-14,92.59
17-Dec-14,93.72
18-Dec-14,95.36
19-Dec-14,95.44
22-Dec-14,96.62
23-Dec-14,97.36
24-Dec-14,97.09
26-Dec-14,97.05
29-Dec-14,96.73
30-Dec-14,95.96
31-Dec-14,94.56
2-Jan-15,94.44
5-Jan-15,93.73
6-Jan-15,93.02
7-Jan-15,95.74
8-Jan-15,97.48
9-Jan-15,96.82
12-Jan-15,96.42
13-Jan-15,96.35
14-Jan-15,96.67
15-Jan-15,96.67
16-Jan-15,97.29
20-Jan-15,97.51
21-Jan-15,97.4
22-Jan-15,98.9
23-Jan-15,98.53
26-Jan-15,98.69
27-Jan-15,96.72
28-Jan-15,95.72
29-Jan-15,96.03
30-Jan-15,93.78
2-Feb-15,95.33
3-Feb-15,96.2
4-Feb-15,96.6
5-Feb-15,96.61
6-Feb-15,96.71
9-Feb-15,95.97
10-Feb-15,97.99
11-Feb-15,100.4
12-Feb-15,100.27
13-Feb-15,99.13
17-Feb-15,98.36
18-Feb-15,99.33
19-Feb-15,98.72
20-Feb-15,99.06
23-Feb-15,99.45
24-Feb-15,99.58
25-Feb-15,99.5
26-Feb-15,99.07
27-Feb-15,98.98
2-Mar-15,99
3-Mar-15,98.4
4-Mar-15,97.36
5-Mar-15,97.23
6-Mar-15,96.17
9-Mar-15,96.04
10-Mar-15,94.43
11-Mar-15,93.63
12-Mar-15,95.71
13-Mar-15,94.32
16-Mar-15,95.45
17-Mar-15,94.13
18-Mar-15,94.64
19-Mar-15,94.1
20-Mar-15,95.34
23-Mar-15,95.85
24-Mar-15,95.86
25-Mar-15,95.26
26-Mar-15,95.63
27-Mar-15,95.95
30-Mar-15,96.52
31-Mar-15,95.62
1-Apr-15,95.09
2-Apr-15,95.69
6-Apr-15,96.48
7-Apr-15,96.21
8-Apr-15,96.03
9-Apr-15,96.35
10-Apr-15,96.2
13-Apr-15,95.53
14-Apr-15,96.49
15-Apr-15,96.63
16-Apr-15,96.45
17-Apr-15,95.81
20-Apr-15,96.5
21-Apr-15,96.78
22-Apr-15,97.28
23-Apr-15,95.73
24-Apr-15,95.17
27-Apr-15,94.49
28-Apr-15,94.42
29-Apr-15,94.38
30-Apr-15,95.12
1-May-15,95.56
4-May-15,95.95
5-May-15,95.42
6-May-15,95.48
7-May-15,95.15
8-May-15,96.55
11-May-15,96.35
12-May-15,96.2
13-May-15,96.41
14-May-15,98
15-May-15,98.22
18-May-15,98.05
19-May-15,97.95
20-May-15,97.69
21-May-15,97.2
22-May-15,96.26
26-May-15,95.79
27-May-15,96.38
28-May-15,97.06
29-May-15,96.43
1-Jun-15,95.97
2-Jun-15,96.05
3-Jun-15,95.3
4-Jun-15,94.14
5-Jun-15,93.05
8-Jun-15,92.84
9-Jun-15,93.07
10-Jun-15,93.69
11-Jun-15,94.09
12-Jun-15,93.74
15-Jun-15,92.64
16-Jun-15,93.55
17-Jun-15,94.05
18-Jun-15,95.23
19-Jun-15,94.86
22-Jun-15,95.6
23-Jun-15,95.6
24-Jun-15,95.29
25-Jun-15,94.83
26-Jun-15,94.91
29-Jun-15,93.69
30-Jun-15,93.34
1-Jul-15,94.52
2-Jul-15,94.66
6-Jul-15,94.4
7-Jul-15,96.4
8-Jul-15,95.61
9-Jul-15,94.59
10-Jul-15,95.55
13-Jul-15,97.22
14-Jul-15,97.13
15-Jul-15,96.35
16-Jul-15,96.9
17-Jul-15,96.78
20-Jul-15,97.31
21-Jul-15,96.93
22-Jul-15,97.17
23-Jul-15,96.87
24-Jul-15,96.18
27-Jul-15,95.66
28-Jul-15,96.11
29-Jul-15,96.53
30-Jul-15,96.63
31-Jul-15,96.35
3-Aug-15,97.45
4-Aug-15,97.81
5-Aug-15,99.19
6-Aug-15,99.15
7-Aug-15,99.1
10-Aug-15,99.09
11-Aug-15,98.62
12-Aug-15,98.38
13-Aug-15,98.79
14-Aug-15,99.23
17-Aug-15,99.86
18-Aug-15,99.77
19-Aug-15,98.99
20-Aug-15,97.98
21-Aug-15,96.25
24-Aug-15,91.83
25-Aug-15,89.64
26-Aug-15,92.49
27-Aug-15,93.6
28-Aug-15,93.53
31-Aug-15,92.93
1-Sep-15,91.33
2-Sep-15,91.64
3-Sep-15,92.13
4-Sep-15,90.92
8-Sep-15,92.37
9-Sep-15,90.83
10-Sep-15,91.06
11-Sep-15,91.62
14-Sep-15,91.2
15-Sep-15,92.06
16-Sep-15,93.07
17-Sep-15,93.37
18-Sep-15,93.05
21-Sep-15,93.71
22-Sep-15,92.37
23-Sep-15,92.4
24-Sep-15,92.47
25-Sep-15,93.47
28-Sep-15,92.47
29-Sep-15,93.04
30-Sep-15,94.3
1-Oct-15,93.85
2-Oct-15,94.16
5-Oct-15,95.81
6-Oct-15,97.07
7-Oct-15,98.52
8-Oct-15,98.97
9-Oct-15,99.47
12-Oct-15,99.14
13-Oct-15,97.92
14-Oct-15,97.49
15-Oct-15,98.28
16-Oct-15,99.7
19-Oct-15,100.18
20-Oct-15,100.27
21-Oct-15,100.25
22-Oct-15,103.08
23-Oct-15,102.43
26-Oct-15,102.54
27-Oct-15,102.94
28-Oct-15,102.74
29-Oct-15,102.8
30-Oct-15,102.19
2-Nov-15,101.4
3-Nov-15,100.92
4-Nov-15,100.62
5-Nov-15,100.61
6-Nov-15,99.72
9-Nov-15,98.88
10-Nov-15,98.83
11-Nov-15,99.43
12-Nov-15,98.37
13-Nov-15,98.04
16-Nov-15,99.56
17-Nov-15,98.83
18-Nov-15,100.27
19-Nov-15,100.93
20-Nov-15,100.1
23-Nov-15,100.85
24-Nov-15,100.63
25-Nov-15,100.5
27-Nov-15,100.74
30-Nov-15,100.16
1-Dec-15,101.06
2-Dec-15,99.48
3-Dec-15,99.09
4-Dec-15,101.06
7-Dec-15,100.67
8-Dec-15,100.17
9-Dec-15,99.13
10-Dec-15,98.9
11-Dec-15,97.78
14-Dec-15,97.95
15-Dec-15,99.39
16-Dec-15,101.08
17-Dec-15,100.2
18-Dec-15,97.9
21-Dec-15,98.62
22-Dec-15,99.8
23-Dec-15,100.64
24-Dec-15,100.54
28-Dec-15,100.68
29-Dec-15,101.45
30-Dec-15,101.15
31-Dec-15,99.92
4-Jan-16,98.77
5-Jan-16,99.45
6-Jan-16,99.48
7-Jan-16,97.57
8-Jan-16,97.21
11-Jan-16,97.44
12-Jan-16,97.62
13-Jan-16,96.5
14-Jan-16,95.81
15-Jan-16,93.93
19-Jan-16,95.77
20-Jan-16,93.77
21-Jan-16,94.47
22-Jan-16,95.85
25-Jan-16,95.94
26-Jan-16,96.32
27-Jan-16,95.94
28-Jan-16,97.45
29-Jan-16,99.3
1-Feb-16,99.03
2-Feb-16,98.21
3-Feb-16,98.72
4-Feb-16,97.39
5-Feb-16,97.32
8-Feb-16,97.52
9-Feb-16,98.28
10-Feb-16,97.62
11-Feb-16,96.9
12-Feb-16,98.49
16-Feb-16,98.6
17-Feb-16,99.55
18-Feb-16,99.62
19-Feb-16,99.58
22-Feb-16,99.87
23-Feb-16,99.54
24-Feb-16,99.68
25-Feb-16,100.67
26-Feb-16,98.36
29-Feb-16,97.82
1-Mar-16,99.09
2-Mar-16,98.33
3-Mar-16,99.16
4-Mar-16,100
7-Mar-16,99.25
8-Mar-16,99.74
9-Mar-16,100.2
10-Mar-16,100.78
11-Mar-16,101.31
14-Mar-16,100.65
15-Mar-16,101.15
16-Mar-16,100.83
17-Mar-16,101.87
18-Mar-16,101.29
21-Mar-16,101.54
22-Mar-16,100.77
23-Mar-16,100.81
24-Mar-16,100.68
28-Mar-16,100.98
29-Mar-16,101.37
30-Mar-16,102.69
31-Mar-16,102.48
1-Apr-16,103.78
4-Apr-16,103.82
5-Apr-16,103.1
6-Apr-16,103.92
7-Apr-16,103.6
8-Apr-16,105.08
11-Apr-16,104.3
12-Apr-16,104.91
13-Apr-16,104.12
14-Apr-16,103.16
15-Apr-16,103.77
18-Apr-16,103.72
19-Apr-16,104.32
20-Apr-16,102.44
21-Apr-16,100.99
22-Apr-16,101.98
25-Apr-16,102.8
26-Apr-16,102.6
27-Apr-16,102.63
28-Apr-16,102.97
29-Apr-16,102.96
2-May-16,103.43
3-May-16,103.56
4-May-16,104.02
5-May-16,104.21
6-May-16,104.96
9-May-16,105.28
10-May-16,106.57
11-May-16,105.72
12-May-16,106.1
13-May-16,104.18
16-May-16,104.13
17-May-16,102.37
18-May-16,100.91
19-May-16,101.33
20-May-16,100.1
23-May-16,100.42
24-May-16,101.09
25-May-16,101.09
26-May-16,101.9
27-May-16,101.96
31-May-16,101.17
1-Jun-16,101.57
2-Jun-16,102
3-Jun-16,102.53
6-Jun-16,102.7
7-Jun-16,102.49
8-Jun-16,103.18
9-Jun-16,103.66
10-Jun-16,103.31
13-Jun-16,103.06
14-Jun-16,103.23
15-Jun-16,102.86
16-Jun-16,103.85
17-Jun-16,103.41
20-Jun-16,103.37
21-Jun-16,104.08
22-Jun-16,103.74
23-Jun-16,104.44
24-Jun-16,101.98
27-Jun-16,102.13
28-Jun-16,102.14
29-Jun-16,103.12
30-Jun-16,105.94
1-Jul-16,105.63
5-Jul-16,106.42
6-Jul-16,105.92
7-Jul-16,107.49
8-Jul-16,108.27
11-Jul-16,108.91
12-Jul-16,108.79
13-Jul-16,109.91
14-Jul-16,109.96
15-Jul-16,109.66
18-Jul-16,109.21
19-Jul-16,109.53
20-Jul-16,108.92
21-Jul-16,108.58
22-Jul-16,109.19
25-Jul-16,109.02
26-Jul-16,108.2
27-Jul-16,107.48
28-Jul-16,108.13
29-Jul-16,108.92
1-Aug-16,108.93
2-Aug-16,108.72
3-Aug-16,108.04
4-Aug-16,108.42
5-Aug-16,108.66
8-Aug-16,108.14
9-Aug-16,108.28
10-Aug-16,108.82
11-Aug-16,108.48
12-Aug-16,108.59
15-Aug-16,108.72
16-Aug-16,108
17-Aug-16,108.47
18-Aug-16,108.28
19-Aug-16,108.17
22-Aug-16,107.96
23-Aug-16,107.88
24-Aug-16,108.11
25-Aug-16,107.88
26-Aug-16,107.45
29-Aug-16,107.99
30-Aug-16,107.21
31-Aug-16,106.75
1-Sep-16,107.29
2-Sep-16,107.87
6-Sep-16,107.92
7-Sep-16,107.21
8-Sep-16,106.88
9-Sep-16,104.05
12-Sep-16,106.02
13-Sep-16,104.59
14-Sep-16,105.05
15-Sep-16,105.48
16-Sep-16,105.28
19-Sep-16,105.67
20-Sep-16,106.3
21-Sep-16,107.13
22-Sep-16,107.82
23-Sep-16,107.34
26-Sep-16,107.03
27-Sep-16,107.49
28-Sep-16,107.38
29-Sep-16,107.76
30-Sep-16,108.77
3-Oct-16,108.25
4-Oct-16,107.1
5-Oct-16,106.01
6-Oct-16,106.4
7-Oct-16,105.99
10-Oct-16,106.22
11-Oct-16,105.57
12-Oct-16,106.08
13-Oct-16,105.92
14-Oct-16,106.83
17-Oct-16,106.85
18-Oct-16,106.95
19-Oct-16,106.26
20-Oct-16,105.87
21-Oct-16,105.62
24-Oct-16,107.31
25-Oct-16,107.23
26-Oct-16,107.07
27-Oct-16,106.63
28-Oct-16,107.07
31-Oct-16,107.2
1-Nov-16,106.71
2-Nov-16,106.71
3-Nov-16,106.63
4-Nov-16,105.81
7-Nov-16,106.96
8-Nov-16,108.72
9-Nov-16,107.25
10-Nov-16,103.25
11-Nov-16,103.19
14-Nov-16,101.39
15-Nov-16,101.85
16-Nov-16,101.71
17-Nov-16,101.62
18-Nov-16,101.31
21-Nov-16,102.26
22-Nov-16,102.89
23-Nov-16,101.53
25-Nov-16,102.17
28-Nov-16,102.79
29-Nov-16,102.54
30-Nov-16,100.1
1-Dec-16,99.03
2-Dec-16,100.6
5-Dec-16,100.71
6-Dec-16,101.55
7-Dec-16,102.81
8-Dec-16,102.15
9-Dec-16,103.57
12-Dec-16,104.72
13-Dec-16,105.63
14-Dec-16,104.47
15-Dec-16,105.3
16-Dec-16,105.87
19-Dec-16,105.41
20-Dec-16,104.9
21-Dec-16,104.7
22-Dec-16,105.35
23-Dec-16,105.09
27-Dec-16,105.13
28-Dec-16,104.62
29-Dec-16,104.99
30-Dec-16,104.63
3-Jan-17,104.65
4-Jan-17,104.85
5-Jan-17,104.71
6-Jan-17,104.56
9-Jan-17,103.46
10-Jan-17,101.97
11-Jan-17,101.81
12-Jan-17,101.84
13-Jan-17,101.55
17-Jan-17,102.19
18-Jan-17,102.74
19-Jan-17,102.36
20-Jan-17,103.24
23-Jan-17,104.01
24-Jan-17,104.71
25-Jan-17,104.61
26-Jan-17,104.14
27-Jan-17,103.48
30-Jan-17,103.69
31-Jan-17,103.78
1-Feb-17,103.01
2-Feb-17,104.03
3-Feb-17,105.11
6-Feb-17,104.57
7-Feb-17,105.61
8-Feb-17,105.69
9-Feb-17,105.97
10-Feb-17,106.1
13-Feb-17,106.52
14-Feb-17,106.92
15-Feb-17,106.73
16-Feb-17,108.12
17-Feb-17,108.15
21-Feb-17,109.36
22-Feb-17,109.41
23-Feb-17,109.54
24-Feb-17,109.83
27-Feb-17,109.27
28-Feb-17,110.38
1-Mar-17,109.73
2-Mar-17,110.11
3-Mar-17,110.56
6-Mar-17,109.63
7-Mar-17,109.32
8-Mar-17,109.3
9-Mar-17,109.02
10-Mar-17,109.59
13-Mar-17,109.41
14-Mar-17,109.34
15-Mar-17,111.11
16-Mar-17,111.14
17-Mar-17,111.39
20-Mar-17,111.15
21-Mar-17,111.77
22-Mar-17,112.02
23-Mar-17,111.78
24-Mar-17,112.12
27-Mar-17,111.83
28-Mar-17,112.45
29-Mar-17,112.43
30-Mar-17,112.18
31-Mar-17,111.86
3-Apr-17,111.86
4-Apr-17,112.08
5-Apr-17,111.94
6-Apr-17,111.58
7-Apr-17,111.61
10-Apr-17,112.02
11-Apr-17,111.73
12-Apr-17,113.61
13-Apr-17,112.68
17-Apr-17,113.32
18-Apr-17,114.28
19-Apr-17,113.62
20-Apr-17,113.59
21-Apr-17,113.43
24-Apr-17,114.32
25-Apr-17,114.16
26-Apr-17,113.33
27-Apr-17,112.64
28-Apr-17,113.28
1-May-17,112.28
2-May-17,112.29
3-May-17,111.79
4-May-17,112.96
5-May-17,113.22
8-May-17,113.22
9-May-17,112.72
10-May-17,112.84
11-May-17,113.04
12-May-17,112.91
15-May-17,113.94
16-May-17,113.79
17-May-17,113.74
18-May-17,114.03
19-May-17,113.69
22-May-17,114.7
23-May-17,115.05
24-May-17,116.06
25-May-17,117.53
26-May-17,117.91
30-May-17,118.01
31-May-17,116.87
1-Jun-17,117.23
2-Jun-17,117.67
5-Jun-17,117.88
6-Jun-17,117.7
7-Jun-17,117.05
8-Jun-17,115.89
9-Jun-17,115.94
12-Jun-17,116.23
13-Jun-17,116.32
14-Jun-17,117.37
15-Jun-17,117.21
16-Jun-17,116.86
19-Jun-17,117.29
20-Jun-17,117.95
21-Jun-17,117.42
22-Jun-17,116.15
23-Jun-17,116.96
26-Jun-17,117.12
27-Jun-17,115.94
28-Jun-17,116.38
29-Jun-17,115.18
30-Jun-17,115.49
3-Jul-17,115.44
5-Jul-17,115.3
6-Jul-17,115.13
7-Jul-17,115.51
10-Jul-17,114.27
11-Jul-17,113.74
12-Jul-17,114.77
13-Jul-17,114.02
14-Jul-17,114.93
17-Jul-17,114.93
18-Jul-17,115.01
19-Jul-17,115.34
20-Jul-17,115.51
21-Jul-17,116.63
24-Jul-17,116.13
25-Jul-17,116.45
26-Jul-17,117.19
27-Jul-17,117.34
28-Jul-17,116.61
31-Jul-17,116.61
1-Aug-17,115.92
2-Aug-17,115.61
3-Aug-17,116.3
4-Aug-17,116.37
7-Aug-17,116.96
8-Aug-17,116.71
9-Aug-17,116.63
10-Aug-17,116.38
11-Aug-17,116.51
14-Aug-17,117.84
15-Aug-17,118.97
16-Aug-17,119.1
17-Aug-17,118.39
18-Aug-17,117.6
21-Aug-17,118.26
22-Aug-17,117.92
23-Aug-17,117.29
24-Aug-17,116.22
25-Aug-17,115.85
28-Aug-17,115.54
29-Aug-17,115.84
30-Aug-17,115.15
31-Aug-17,115.73
1-Sep-17,115.84
5-Sep-17,115.87
6-Sep-17,116.35
7-Sep-17,116.99
8-Sep-17,115.04
11-Sep-17,115.69
12-Sep-17,115
13-Sep-17,114.45
14-Sep-17,114.19
15-Sep-17,114.85
18-Sep-17,114.99
19-Sep-17,114.49
20-Sep-17,113.58
21-Sep-17,112.8
22-Sep-17,111.85
25-Sep-17,111.94
26-Sep-17,111.81
27-Sep-17,111.1
28-Sep-17,111.64
29-Sep-17,111.43
2-Oct-17,109.12
3-Oct-17,109.13
4-Oct-17,109.34
5-Oct-17,110.45
6-Oct-17,110.4
9-Oct-17,110.01
10-Oct-17,110.78
11-Oct-17,111.51
12-Oct-17,112.45
13-Oct-17,112.62
16-Oct-17,113.57
17-Oct-17,112.19
18-Oct-17,111.95
19-Oct-17,112.67
20-Oct-17,111.61
23-Oct-17,111.69
24-Oct-17,110.75
25-Oct-17,110.07
26-Oct-17,110.73
27-Oct-17,110.6
30-Oct-17,109.65
31-Oct-17,110.23
1-Nov-17,110.13
2-Nov-17,110.05
3-Nov-17,110.22
6-Nov-17,109.26
7-Nov-17,110.47
8-Nov-17,112
9-Nov-17,111.48
10-Nov-17,112.75
13-Nov-17,114.04
14-Nov-17,115.76
15-Nov-17,115.1
16-Nov-17,115.23
17-Nov-17,114.68
20-Nov-17,114.91
21-Nov-17,116.05
22-Nov-17,115.08
24-Nov-17,115.9
27-Nov-17,115.85
28-Nov-17,116.77
29-Nov-17,116.84
30-Nov-17,116.52
1-Dec-17,116.78
4-Dec-17,117.46
5-Dec-17,117.59
6-Dec-17,118.9
7-Dec-17,116.73
8-Dec-17,116.57
11-Dec-17,117.39
12-Dec-17,117.4
13-Dec-17,117.8
14-Dec-17,118.02
15-Dec-17,119.22
18-Dec-17,118.05
19-Dec-17,118.61
20-Dec-17,119.02
21-Dec-17,118.26
22-Dec-17,118.6
26-Dec-17,118.89
27-Dec-17,119.3
28-Dec-17,119.35
29-Dec-17,119.92
2-Jan-18,118.06
3-Jan-18,117.75
4-Jan-18,118.33
5-Jan-18,118.67
8-Jan-18,117.99
9-Jan-18,118.08
10-Jan-18,117.48
11-Jan-18,116.88
12-Jan-18,117.38
16-Jan-18,117.86
17-Jan-18,119.18
18-Jan-18,119.05
19-Jan-18,120.17
22-Jan-18,121.51
23-Jan-18,121.3
24-Jan-18,121.14
25-Jan-18,120.9
26-Jan-18,121.76
29-Jan-18,119.67
30-Jan-18,119.89
31-Jan-18,120.3
1-Feb-18,120.3
2-Feb-18,118.67
5-Feb-18,114.46
6-Feb-18,113.56
7-Feb-18,113.5
8-Feb-18,110.15
9-Feb-18,111.18
12-Feb-18,111.93
13-Feb-18,112.14
14-Feb-18,109.11
15-Feb-18,110.97
16-Feb-18,111.06
20-Feb-18,109.48
21-Feb-18,108
22-Feb-18,109.26
23-Feb-18,109.68
26-Feb-18,110.94
27-Feb-18,110.89
28-Feb-18,109.73
1-Mar-18,108.12
2-Mar-18,109.04
5-Mar-18,109.43
6-Mar-18,109.58
7-Mar-18,109.84
8-Mar-18,112.08
9-Mar-18,112.54
12-Mar-18,112.75
13-Mar-18,113.6
14-Mar-18,112.61
15-Mar-18,111.99
16-Mar-18,111.64
19-Mar-18,110.36
20-Mar-18,109.9
21-Mar-18,108.74
22-Mar-18,107.94
23-Mar-18,106.15
26-Mar-18,106.81
27-Mar-18,107.64
28-Mar-18,109.18
29-Mar-18,109.15
2-Apr-18,107.05
3-Apr-18,108.19
4-Apr-18,110.18
5-Apr-18,110.57
6-Apr-18,109.3
9-Apr-18,109.38
10-Apr-18,109.4
11-Apr-18,108.68
12-Apr-18,108.31
13-Apr-18,109.26
16-Apr-18,109.92
17-Apr-18,108.87
18-Apr-18,106.98
19-Apr-18,105.57
20-Apr-18,102.48
23-Apr-18,102.58
24-Apr-18,101.44
25-Apr-18,101.15
26-Apr-18,103.26
27-Apr-18,101.71
30-Apr-18,100.94
1-May-18,99.13
2-May-18,97.23
3-May-18,97.6
4-May-18,98.99
7-May-18,98.23
8-May-18,96.79
9-May-18,96.16
10-May-18,97.27
11-May-18,97.43
14-May-18,97.15
15-May-18,96.8
16-May-18,97.19
17-May-18,97.92
18-May-18,97.51
21-May-18,99.51
22-May-18,99.93
23-May-18,100.45
24-May-18,100.18
25-May-18,100.31
29-May-18,101.1
30-May-18,101.83
31-May-18,100.25
1-Jun-18,100.25
4-Jun-18,100.12
5-Jun-18,100.21
6-Jun-18,100.83
7-Jun-18,101.16
8-Jun-18,102.49
11-Jun-18,103.21
12-Jun-18,104.48
13-Jun-18,105.27
14-Jun-18,105.13
15-Jun-18,107.61
18-Jun-18,105.38
19-Jun-18,105.96
20-Jun-18,105.81
21-Jun-18,107.24
22-Jun-18,108.37
25-Jun-18,108.99
26-Jun-18,108.05
27-Jun-18,108.27
28-Jun-18,108.68
29-Jun-18,108.87
2-Jul-18,109.53
3-Jul-18,108.8
5-Jul-18,109.55
6-Jul-18,109.56
9-Jul-18,107.76
10-Jul-18,112.89
11-Jul-18,112.54
12-Jul-18,111.53
13-Jul-18,112.69
16-Jul-18,112.96
17-Jul-18,114.88
18-Jul-18,114.83
19-Jul-18,115.77
20-Jul-18,116.01
23-Jul-18,114.39
24-Jul-18,114.74
25-Jul-18,115.21
26-Jul-18,115
27-Jul-18,114.28
30-Jul-18,114.18
31-Jul-18,115
1-Aug-18,113.61
2-Aug-18,114.69
3-Aug-18,116.3
6-Aug-18,117.38
7-Aug-18,114.22
8-Aug-18,113.49
9-Aug-18,113.7
10-Aug-18,112.87
13-Aug-18,113.02
14-Aug-18,113.1
15-Aug-18,113.45
16-Aug-18,114.25
17-Aug-18,114.96
20-Aug-18,114.84
21-Aug-18,113.72
22-Aug-18,112.24
23-Aug-18,111.93
24-Aug-18,112.15
27-Aug-18,112.41
28-Aug-18,111.17
29-Aug-18,112.05
30-Aug-18,111.96
31-Aug-18,112.01
4-Sep-18,111
5-Sep-18,113.12
6-Sep-18,113.5
7-Sep-18,112.74
10-Sep-18,113.57
11-Sep-18,113.33
12-Sep-18,113.85
13-Sep-18,114.99
14-Sep-18,114.57
17-Sep-18,115.4
18-Sep-18,113.98
19-Sep-18,113.77
20-Sep-18,115.22
21-Sep-18,114.91
24-Sep-18,112.27
25-Sep-18,111.97
26-Sep-18,111.5
27-Sep-18,111.05
28-Sep-18,111.8
1-Oct-18,110.71
2-Oct-18,108.72
3-Oct-18,107.52
4-Oct-18,106.61
5-Oct-18,106.49
8-Oct-18,108.19
9-Oct-18,108.12
10-Oct-18,107.34
11-Oct-18,105.06
12-Oct-18,105.28
15-Oct-18,105.63
16-Oct-18,107.39
17-Oct-18,108.31
18-Oct-18,107.93
19-Oct-18,110.29
22-Oct-18,109.4
23-Oct-18,110.13
24-Oct-18,112.96
25-Oct-18,112.85
26-Oct-18,110.45
29-Oct-18,112.89
30-Oct-18,113.77
31-Oct-18,112.38
1-Nov-18,111.51
2-Nov-18,111.17
5-Nov-18,114.39
6-Nov-18,115.21
7-Nov-18,115.61
8-Nov-18,116.06
9-Nov-18,117.48
12-Nov-18,116.97
13-Nov-18,117.14
14-Nov-18,116.65
15-Nov-18,116.8
16-Nov-18,118.35
19-Nov-18,119.01
20-Nov-18,116
21-Nov-18,115.28
23-Nov-18,115.41
26-Nov-18,115.86
27-Nov-18,116.44
28-Nov-18,118.5
29-Nov-18,118.27
30-Nov-18,121.94
3-Dec-18,118.98
4-Dec-18,117.8
6-Dec-18,116.84
7-Dec-18,115.82
10-Dec-18,116.19
11-Dec-18,117.29
12-Dec-18,117
13-Dec-18,118.35
14-Dec-18,113.95
17-Dec-18,112.87
18-Dec-18,111.84
19-Dec-18,110.04
20-Dec-18,110.21
21-Dec-18,109.42
24-Dec-18,106.03
26-Dec-18,108.33
27-Dec-18,109.42
28-Dec-18,110.36
31-Dec-18,110.48
2-Jan-19,109.28
3-Jan-19,108.26
4-Jan-19,110.48
7-Jan-19,109.53
8-Jan-19,110.58
9-Jan-19,107.49
10-Jan-19,108.15
11-Jan-19,108.16
14-Jan-19,107.32
15-Jan-19,108.99
16-Jan-19,108.34
17-Jan-19,109.22
18-Jan-19,110.07
22-Jan-19,109.91
23-Jan-19,110.73
24-Jan-19,109.5
25-Jan-19,109.35
28-Jan-19,108.82
29-Jan-19,109
30-Jan-19,110.82
31-Jan-19,112.67
1-Feb-19,112.19
4-Feb-19,113.09
5-Feb-19,112.9
6-Feb-19,113.05
7-Feb-19,113.09
8-Feb-19,113.02
11-Feb-19,112.97
12-Feb-19,113.79
13-Feb-19,114.12
14-Feb-19,112.59
15-Feb-19,115.91
19-Feb-19,115.93
20-Feb-19,115.83
21-Feb-19,116.1
22-Feb-19,116.76
25-Feb-19,116.06
26-Feb-19,115.97
27-Feb-19,115.37
28-Feb-19,115.64
1-Mar-19,116.18
4-Mar-19,116.17
5-Mar-19,116.03
6-Mar-19,116.66
7-Mar-19,116.1
8-Mar-19,115.23
11-Mar-19,116.59
12-Mar-19,116.57
13-Mar-19,116.58
14-Mar-19,115.5
15-Mar-19,115.66
18-Mar-19,117.27
19-Mar-19,118.09
20-Mar-19,118.32
21-Mar-19,119.44
22-Mar-19,120.72
25-Mar-19,120.85
26-Mar-19,122.02
27-Mar-19,121.89
28-Mar-19,121.84
29-Mar-19,122.55
1-Apr-19,122
2-Apr-19,121.68
3-Apr-19,121.56
4-Apr-19,121.47
5-Apr-19,121.62
8-Apr-19,122
9-Apr-19,122.17
10-Apr-19,122.04
11-Apr-19,121.67
12-Apr-19,122.23
15-Apr-19,123.66
16-Apr-19,122.41
17-Apr-19,127.01
18-Apr-19,127.09
22-Apr-19,126.44
23-Apr-19,127.09
24-Apr-19,126.92
25-Apr-19,126.13
26-Apr-19,126.4
29-Apr-19,126.69
30-Apr-19,128.05
1-May-19,127.24
2-May-19,126.83
3-May-19,127.67
6-May-19,127.27
7-May-19,125.98
8-May-19,126.02
9-May-19,126.05
10-May-19,128.01
13-May-19,127.16
14-May-19,127.41
15-May-19,129.35
16-May-19,130.27
17-May-19,130.51
20-May-19,129.99
21-May-19,129.05
22-May-19,130.07
23-May-19,129.97
24-May-19,129.5
28-May-19,127.63
29-May-19,128.17
30-May-19,128.61
31-May-19,128
3-Jun-19,128.98
4-Jun-19,129.07
5-Jun-19,131.39
6-Jun-19,131.98
7-Jun-19,133.47
10-Jun-19,133.59
11-Jun-19,133.2
12-Jun-19,133.14
13-Jun-19,132.94
14-Jun-19,132.73
17-Jun-19,132.52
18-Jun-19,132.06
19-Jun-19,132.85
20-Jun-19,134.16
21-Jun-19,133.96
24-Jun-19,134.14
25-Jun-19,133.81
26-Jun-19,132.32
27-Jun-19,131.69
28-Jun-19,131.13
1-Jul-19,131.87
2-Jul-19,132.43
3-Jul-19,133.99
5-Jul-19,133.02
8-Jul-19,132.56
9-Jul-19,131.74
10-Jul-19,134.41
11-Jul-19,134.35
12-Jul-19,133.28
15-Jul-19,134.15
16-Jul-19,133.8
17-Jul-19,132.78
18-Jul-19,132.88
19-Jul-19,130.09
22-Jul-19,130.28
23-Jul-19,130.74
24-Jul-19,129.21
25-Jul-19,128.99
26-Jul-19,131.22
29-Jul-19,131.53
30-Jul-19,130.48
31-Jul-19,127.81
1-Aug-19,127.14
2-Aug-19,127.92
5-Aug-19,124.4
6-Aug-19,126.45
7-Aug-19,127.78
8-Aug-19,129.47
9-Aug-19,128.6
12-Aug-19,128.35
13-Aug-19,129.93
14-Aug-19,129.12
15-Aug-19,130.72
16-Aug-19,131.76
19-Aug-19,132.57
20-Aug-19,132.06
21-Aug-19,132.34
22-Aug-19,132.66
23-Aug-19,130.27
26-Aug-19,133.74
27-Aug-19,134.76
28-Aug-19,135.19
29-Aug-19,136.02
30-Aug-19,136.73
3-Sep-19,137.46
4-Sep-19,139.15
5-Sep-19,135.98
6-Sep-19,137.37
9-Sep-19,136.4
10-Sep-19,135.86
11-Sep-19,136.36
12-Sep-19,137.29
13-Sep-19,136.44
16-Sep-19,134.88
17-Sep-19,135.7
18-Sep-19,135.5
19-Sep-19,135.48
20-Sep-19,134.71
23-Sep-19,135.44
24-Sep-19,135.36
25-Sep-19,135.09
26-Sep-19,135.72
27-Sep-19,135.6
30-Sep-19,137.1
1-Oct-19,137.37
2-Oct-19,133.94
3-Oct-19,137.93
4-Oct-19,140.28
7-Oct-19,138.34
8-Oct-19,137.24
9-Oct-19,137.85
10-Oct-19,137.89
11-Oct-19,137.64
14-Oct-19,137.45
15-Oct-19,136.33
16-Oct-19,136.42
17-Oct-19,136.96
18-Oct-19,136.25
21-Oct-19,136.12
22-Oct-19,136.66
23-Oct-19,137.45
24-Oct-19,137.89
25-Oct-19,136.64
28-Oct-19,136.57
29-Oct-19,136.08
30-Oct-19,136.9
31-Oct-19,137.17
1-Nov-19,136.93
4-Nov-19,135.16
5-Nov-19,134.01
6-Nov-19,134.44
7-Nov-19,133.32
8-Nov-19,133.13
11-Nov-19,132.39
12-Nov-19,131.98
13-Nov-19,133.29
