14-Oct-04,134.7
15-Oct-04,135.88
18-Oct-04,137.24
19-Oct-04,137.96
20-Oct-04,136.76
21-Oct-04,135.83
25-Oct-04,134.84
26-Oct-04,137.23
27-Oct-04,137.56
28-Oct-04,140.7
29-Oct-04,139.53
1-Nov-04,141.27
2-Nov-04,139.95
3-Nov-04,141.82
4-Nov-04,141.24
5-Nov-04,140.64
8-Nov-04,142.9
9-Nov-04,143.41
10-Nov-04,144.13
11-Nov-04,144.36
12-Nov-04,144.42
16-Nov-04,143.71
17-Nov-04,145.46
18-Nov-04,148.55
19-Nov-04,146.87
22-Nov-04,147.52
23-Nov-04,149.1
24-Nov-04,148.9
25-Nov-04,146.84
29-Nov-04,150.11
30-Nov-04,153.82
1-Dec-04,152.24
2-Dec-04,149.95
3-Dec-04,149.25
6-Dec-04,146.57
7-Dec-04,147.01
8-Dec-04,144.91
9-Dec-04,146.19
10-Dec-04,147.91
13-Dec-04,149.17
14-Dec-04,148.81
15-Dec-04,150.3
16-Dec-04,152.37
17-Dec-04,151.63
20-Dec-04,152.36
21-Dec-04,153.58
22-Dec-04,149.66
23-Dec-04,148.17
24-Dec-04,153.01
27-Dec-04,153.32
28-Dec-04,158.01
29-Dec-04,159.32
30-Dec-04,156.47
31-Dec-04,161.16
3-Jan-05,163.3
4-Jan-05,161.86
5-Jan-05,159.89
6-Jan-05,159.35
7-Jan-05,161.7
10-Jan-05,160.19
11-Jan-05,158.54
12-Jan-05,156.64
13-Jan-05,156.02
14-Jan-05,156.44
17-Jan-05,152.44
18-Jan-05,152.52
19-Jan-05,151.5
20-Jan-05,150.08
24-Jan-05,147.3
25-Jan-05,149.09
27-Jan-05,149.7
28-Jan-05,155.57
31-Jan-05,156.93
1-Feb-05,158.72
2-Feb-05,157.96
3-Feb-05,158.22
4-Feb-05,157.66
7-Feb-05,158.54
8-Feb-05,158.81
9-Feb-05,160.84
10-Feb-05,160.82
11-Feb-05,166.74
14-Feb-05,170.11
15-Feb-05,166.69
16-Feb-05,165.1
17-Feb-05,166.76
18-Feb-05,165.93
21-Feb-05,164.79
22-Feb-05,164.53
23-Feb-05,165.92
24-Feb-05,165.08
25-Feb-05,164.61
28-Feb-05,166.64
1-Mar-05,163.81
2-Mar-05,165.08
3-Mar-05,167.68
4-Mar-05,168.01
7-Mar-05,168.97
8-Mar-05,170.63
9-Mar-05,169.85
10-Mar-05,168.89
11-Mar-05,172.26
14-Mar-05,175.2
15-Mar-05,174.09
16-Mar-05,175.23
17-Mar-05,176.3
18-Mar-05,177.24
21-Mar-05,175.76
22-Mar-05,174.2
23-Mar-05,171.51
24-Mar-05,167.06
28-Mar-05,168.03
29-Mar-05,165.43
30-Mar-05,167.8
31-Mar-05,172.81
1-Apr-05,175.09
4-Apr-05,172.29
5-Apr-05,172.02
6-Apr-05,173.94
7-Apr-05,171.99
8-Apr-05,168.17
11-Apr-05,164.55
12-Apr-05,166.77
13-Apr-05,169.14
15-Apr-05,159.17
18-Apr-05,159.13
19-Apr-05,145.86
20-Apr-05,134.7
21-Apr-05,137.86
22-Apr-05,140.8
25-Apr-05,139.62
26-Apr-05,137.17
27-Apr-05,134.63
28-Apr-05,134.53
29-Apr-05,136.5
2-May-05,136.23
3-May-05,133.78
4-May-05,135.26
5-May-05,137.19
6-May-05,140.89
9-May-05,141.82
10-May-05,139.08
11-May-05,138.67
12-May-05,138.38
13-May-05,138.61
16-May-05,139.3
17-May-05,138.84
18-May-05,137.9
19-May-05,140.28
20-May-05,141.15
23-May-05,147.68
24-May-05,149.02
25-May-05,152.12
26-May-05,155.68
27-May-05,153.16
30-May-05,159.18
31-May-05,161.01
1-Jun-05,157.42
2-Jun-05,153.08
3-Jun-05,156.05
4-Jun-05,154.66
6-Jun-05,154.51
7-Jun-05,154.18
8-Jun-05,155.92
9-Jun-05,154.14
10-Jun-05,152.79
13-Jun-05,153.46
14-Jun-05,152.78
15-Jun-05,153.52
16-Jun-05,154.19
17-Jun-05,152.97
20-Jun-05,156.38
21-Jun-05,157.49
22-Jun-05,160.9
23-Jun-05,157.77
24-Jun-05,159.99
27-Jun-05,158.86
28-Jun-05,159.72
29-Jun-05,160.81
30-Jun-05,163.89
1-Jul-05,163.2
4-Jul-05,164
5-Jul-05,159.32
6-Jul-05,159.67
7-Jul-05,158.04
8-Jul-05,158.22
11-Jul-05,160.02
12-Jul-05,155.18
13-Jul-05,153.35
14-Jul-05,147.83
15-Jul-05,150.66
18-Jul-05,159.56
19-Jul-05,159.19
20-Jul-05,157.87
21-Jul-05,155.71
22-Jul-05,156.15
25-Jul-05,154.99
26-Jul-05,152.68
27-Jul-05,155.01
29-Jul-05,153.11
1-Aug-05,151.11
2-Aug-05,155.71
3-Aug-05,156.97
4-Aug-05,156.3
5-Aug-05,155.12
8-Aug-05,154.83
9-Aug-05,155
10-Aug-05,158.45
11-Aug-05,158.43
12-Aug-05,154.81
16-Aug-05,153.14
17-Aug-05,156.78
18-Aug-05,158.53
19-Aug-05,159.94
22-Aug-05,159.03
23-Aug-05,158.81
24-Aug-05,156.36
25-Aug-05,159.73
26-Aug-05,164.69
29-Aug-05,163.56
30-Aug-05,167.06
31-Aug-05,169.53
1-Sep-05,171.87
2-Sep-05,172.23
5-Sep-05,170.18
6-Sep-05,168.76
8-Sep-05,169.68
9-Sep-05,167.97
12-Sep-05,172.59
13-Sep-05,171.65
14-Sep-05,168.96
15-Sep-05,174.97
16-Sep-05,175.9
19-Sep-05,175.48
20-Sep-05,177.45
21-Sep-05,175.42
22-Sep-05,169.12
23-Sep-05,170.45
26-Sep-05,176.9
27-Sep-05,176.46
28-Sep-05,177.33
29-Sep-05,177.74
30-Sep-05,178.88
3-Oct-05,180.76
4-Oct-05,179.78
5-Oct-05,177.39
6-Oct-05,171.92
7-Oct-05,174.35
10-Oct-05,174.8
11-Oct-05,177.12
13-Oct-05,173.93
14-Oct-05,171.85
17-Oct-05,173.07
18-Oct-05,173.89
19-Oct-05,169.14
20-Oct-05,170.92
21-Oct-05,172.35
24-Oct-05,169.85
25-Oct-05,173.77
26-Oct-05,171.63
27-Oct-05,169.1
28-Oct-05,164.38
31-Oct-05,169.1
1-Nov-05,170.1
2-Nov-05,172.44
7-Nov-05,176.76
8-Nov-05,178.24
9-Nov-05,175.8
10-Nov-05,177.36
11-Nov-05,178.92
14-Nov-05,182.26
16-Nov-05,182.42
17-Nov-05,181.94
18-Nov-05,184.27
21-Nov-05,183.26
22-Nov-05,180.99
23-Nov-05,183.02
24-Nov-05,183.94
25-Nov-05,185.08
26-Nov-05,185.7
28-Nov-05,186.76
29-Nov-05,186.49
30-Nov-05,183.56
1-Dec-05,187.06
2-Dec-05,187.05
5-Dec-05,184.8
6-Dec-05,187.53
7-Dec-05,192.54
8-Dec-05,195.08
9-Dec-05,203.06
12-Dec-05,199.14
13-Dec-05,201.24
14-Dec-05,203.21
15-Dec-05,203.07
16-Dec-05,206.89
19-Dec-05,209.32
20-Dec-05,204.36
21-Dec-05,203.47
22-Dec-05,203.3
23-Dec-05,201.74
26-Dec-05,200.67
27-Dec-05,204.92
28-Dec-05,203.42
29-Dec-05,206.36
30-Dec-05,205.49
2-Jan-06,203.65
3-Jan-06,209.15
4-Jan-06,210.35
5-Jan-06,209.05
6-Jan-06,205.82
9-Jan-06,203.81
10-Jan-06,201.83
12-Jan-06,201.97
13-Jan-06,199.33
16-Jan-06,194.14
17-Jan-06,195.9
18-Jan-06,195.44
19-Jan-06,199.16
20-Jan-06,198.39
23-Jan-06,195.75
24-Jan-06,198.22
25-Jan-06,199.26
27-Jan-06,200.22
30-Jan-06,200.19
31-Jan-06,201.58
1-Feb-06,201.12
2-Feb-06,197.52
3-Feb-06,196.8
6-Feb-06,202.62
7-Feb-06,202.02
8-Feb-06,200.62
10-Feb-06,201.48
13-Feb-06,199.23
14-Feb-06,195.32
15-Feb-06,195.42
16-Feb-06,196.6
17-Feb-06,196.1
20-Feb-06,199.1
21-Feb-06,201.04
22-Feb-06,200.54
23-Feb-06,201.59
24-Feb-06,201.53
27-Feb-06,203.98
28-Feb-06,205.24
1-Mar-06,210
2-Mar-06,210.19
3-Mar-06,205.84
6-Mar-06,210.49
7-Mar-06,208.13
8-Mar-06,207.87
9-Mar-06,208.15
10-Mar-06,212.83
13-Mar-06,220.67
14-Mar-06,217.6
16-Mar-06,221.49
17-Mar-06,224.58
20-Mar-06,230.25
21-Mar-06,231.12
22-Mar-06,228.48
23-Mar-06,226.17
24-Mar-06,228.25
27-Mar-06,228.19
28-Mar-06,227.79
29-Mar-06,229.06
30-Mar-06,237.5
31-Mar-06,231.15
3-Apr-06,235.41
4-Apr-06,235.14
5-Apr-06,233.15
7-Apr-06,227.99
10-Apr-06,228.57
12-Apr-06,214.9
13-Apr-06,216.87
17-Apr-06,230.07
18-Apr-06,242.5
19-Apr-06,242.89
20-Apr-06,240.13
21-Apr-06,241.24
24-Apr-06,238.85
25-Apr-06,232.54
26-Apr-06,234.39
27-Apr-06,234.82
28-Apr-06,238.7
29-Apr-06,238.86
2-May-06,242.94
3-May-06,245.16
4-May-06,246.62
5-May-06,242.15
8-May-06,243.7
9-May-06,244.35
10-May-06,243.97
11-May-06,243.61
12-May-06,240.89
15-May-06,236.63
16-May-06,238.3
17-May-06,243.35
18-May-06,232.38
19-May-06,228.36
22-May-06,214.86
23-May-06,220.86
24-May-06,216.09
25-May-06,226.5
26-May-06,225.22
29-May-06,223.32
30-May-06,224.5
31-May-06,215.15
1-Jun-06,206.28
2-Jun-06,216.49
5-Jun-06,213.31
6-Jun-06,211.05
7-Jun-06,205.62
8-Jun-06,198.86
9-Jun-06,201.67
12-Jun-06,197.76
13-Jun-06,189.5
14-Jun-06,179.04
15-Jun-06,187.11
16-Jun-06,203.34
19-Jun-06,201.33
20-Jun-06,193.97
21-Jun-06,198.06
22-Jun-06,202.34
23-Jun-06,204.53
25-Jun-06,205.19
26-Jun-06,197.12
27-Jun-06,198.46
28-Jun-06,204.98
29-Jun-06,202.83
30-Jun-06,209.82
3-Jul-06,217.24
4-Jul-06,219.04
5-Jul-06,222.36
6-Jul-06,217.73
7-Jul-06,210.78
10-Jul-06,217.02
11-Jul-06,213.59
12-Jul-06,228.11
13-Jul-06,225.34
14-Jul-06,226.18
17-Jul-06,224.34
18-Jul-06,221.38
19-Jul-06,212.09
20-Jul-06,217.96
21-Jul-06,213.3
24-Jul-06,219.39
25-Jul-06,222.92
26-Jul-06,227.93
27-Jul-06,229.25
28-Jul-06,224.08
31-Jul-06,225.94
1-Aug-06,224.94
2-Aug-06,226.92
3-Aug-06,228
4-Aug-06,228.93
7-Aug-06,225.93
8-Aug-06,230.44
9-Aug-06,233.17
10-Aug-06,233.08
11-Aug-06,233.53
14-Aug-06,232.82
16-Aug-06,234.64
17-Aug-06,231.73
18-Aug-06,234.04
21-Aug-06,233.94
22-Aug-06,235.41
23-Aug-06,232.44
24-Aug-06,234.21
25-Aug-06,235.17
28-Aug-06,236.79
29-Aug-06,238.96
30-Aug-06,237.44
31-Aug-06,240.88
1-Sep-06,241.17
4-Sep-06,245.49
5-Sep-06,242.75
6-Sep-06,239.81
7-Sep-06,238.14
8-Sep-06,239.18
11-Sep-06,230.12
12-Sep-06,236.02
13-Sep-06,241.34
14-Sep-06,244.58
15-Sep-06,242
18-Sep-06,240.42
19-Sep-06,243.78
20-Sep-06,248.6
21-Sep-06,254.14
22-Sep-06,250.9
25-Sep-06,247.53
26-Sep-06,252.04
27-Sep-06,251.64
28-Sep-06,246.29
29-Sep-06,246.67
3-Oct-06,244.8
4-Oct-06,238.31
5-Oct-06,241.29
6-Oct-06,239.95
9-Oct-06,241.87
10-Oct-06,244.13
11-Oct-06,252.15
12-Oct-06,261.27
13-Oct-06,266.35
16-Oct-06,272.65
17-Oct-06,269.56
18-Oct-06,266.99
19-Oct-06,263.65
20-Oct-06,262.98
21-Oct-06,263.2
23-Oct-06,260.68
26-Oct-06,260.48
27-Oct-06,259.37
30-Oct-06,260.5
31-Oct-06,262.37
1-Nov-06,261.43
2-Nov-06,260.67
3-Nov-06,257.51
6-Nov-06,255.69
7-Nov-06,257.07
8-Nov-06,256.63
9-Nov-06,256.7
10-Nov-06,257.93
13-Nov-06,259.63
14-Nov-06,266.99
15-Nov-06,264.71
16-Nov-06,262.43
17-Nov-06,264.32
20-Nov-06,269.79
21-Nov-06,277.2
22-Nov-06,277.09
23-Nov-06,276.14
24-Nov-06,277.55
27-Nov-06,280.16
28-Nov-06,277.52
29-Nov-06,281.06
30-Nov-06,289.33
1-Dec-06,287.05
4-Dec-06,287.79
5-Dec-06,287.67
6-Dec-06,289.28
7-Dec-06,288.24
8-Dec-06,284.05
11-Dec-06,283.21
12-Dec-06,270.43
13-Dec-06,270.52
14-Dec-06,277.46
15-Dec-06,280.01
18-Dec-06,285.1
19-Dec-06,275.59
20-Dec-06,272.42
21-Dec-06,274.4
22-Dec-06,278.51
26-Dec-06,287.55
27-Dec-06,288.66
28-Dec-06,292.49
29-Dec-06,294.93
2-Jan-07,301.33
3-Jan-07,308.96
4-Jan-07,303.87
5-Jan-07,304.83
8-Jan-07,300.19
9-Jan-07,303.23
10-Jan-07,298.16
11-Jan-07,308.36
12-Jan-07,319.54
15-Jan-07,320.12
16-Jan-07,319.57
17-Jan-07,314.88
18-Jan-07,317.48
19-Jan-07,313.31
22-Jan-07,317
23-Jan-07,314.41
24-Jan-07,315.48
25-Jan-07,317.48
29-Jan-07,313.21
31-Jan-07,308.42
1-Feb-07,311.84
2-Feb-07,313.88
5-Feb-07,315.16
6-Feb-07,313.37
7-Feb-07,315.28
8-Feb-07,314.84
9-Feb-07,310.71
12-Feb-07,303.09
13-Feb-07,302.39
14-Feb-07,304.28
15-Feb-07,311.89
19-Feb-07,316.12
20-Feb-07,313.65
21-Feb-07,309.86
22-Feb-07,312.38
23-Feb-07,308.29
26-Feb-07,310.4
27-Feb-07,305.1
28-Feb-07,288.03
1-Mar-07,302.81
2-Mar-07,291.68
5-Mar-07,278.89
6-Mar-07,288.96
7-Mar-07,287.64
8-Mar-07,294.06
9-Mar-07,292.55
12-Mar-07,298.07
13-Mar-07,305.4
14-Mar-07,292.89
15-Mar-07,297.9
16-Mar-07,298.71
19-Mar-07,304.32
20-Mar-07,302.41
21-Mar-07,305.79
22-Mar-07,314.49
23-Mar-07,310.91
26-Mar-07,304.43
28-Mar-07,289.86
29-Mar-07,301.29
30-Mar-07,297.79
2-Apr-07,287.01
3-Apr-07,290.26
4-Apr-07,289.23
5-Apr-07,288.22
9-Apr-07,293.77
10-Apr-07,288.98
11-Apr-07,287.34
12-Apr-07,289.85
13-Apr-07,304.58
16-Apr-07,308.99
17-Apr-07,301.75
18-Apr-07,301.08
19-Apr-07,299.97
20-Apr-07,303.53
23-Apr-07,301.16
24-Apr-07,295.62
25-Apr-07,294.77
26-Apr-07,299.37
27-Apr-07,297.95
30-Apr-07,305.55
3-May-07,311.39
4-May-07,307.25
7-May-07,307.22
8-May-07,305.68
9-May-07,299.15
10-May-07,296.79
11-May-07,302.3
14-May-07,301.75
15-May-07,298.8
16-May-07,295.46
17-May-07,301.69
18-May-07,302.38
21-May-07,298.56
22-May-07,297.02
23-May-07,297.68
24-May-07,295.59
25-May-07,296.85
28-May-07,295.78
29-May-07,297.14
30-May-07,293.4
31-May-07,291.64
1-Jun-07,294.13
4-Jun-07,291.58
5-Jun-07,291.56
6-Jun-07,289.71
7-Jun-07,291.31
8-Jun-07,294.47
11-Jun-07,294.77
12-Jun-07,293.81
13-Jun-07,290.41
14-Jun-07,290.72
15-Jun-07,285.86
18-Jun-07,280.59
19-Jun-07,279.97
20-Jun-07,276.83
21-Jun-07,276.49
22-Jun-07,275.13
25-Jun-07,271.7
26-Jun-07,270.73
27-Jun-07,273.49
28-Jun-07,274.38
29-Jun-07,277.4
2-Jul-07,273.8
3-Jul-07,272.15
4-Jul-07,269.75
5-Jul-07,268.3
6-Jul-07,279.64
9-Jul-07,284.01
10-Jul-07,285.55
11-Jul-07,277.29
12-Jul-07,280.58
13-Jul-07,274.17
16-Jul-07,272.32
17-Jul-07,278.94
18-Jul-07,281.57
19-Jul-07,285.32
20-Jul-07,283.8
23-Jul-07,287.44
24-Jul-07,282.84
25-Jul-07,277.12
26-Jul-07,286.99
27-Jul-07,278.28
30-Jul-07,274.28
31-Jul-07,279.07
1-Aug-07,269.14
2-Aug-07,264.32
3-Aug-07,264.74
6-Aug-07,265.35
7-Aug-07,267.73
8-Aug-07,278.18
9-Aug-07,276.52
10-Aug-07,276.23
13-Aug-07,273.81
14-Aug-07,272.79
16-Aug-07,262.59
17-Aug-07,254.9
20-Aug-07,254.76
21-Aug-07,245.03
22-Aug-07,247.6
23-Aug-07,243.26
24-Aug-07,245.79
27-Aug-07,247.75
28-Aug-07,248.29
29-Aug-07,248.98
30-Aug-07,252.45
31-Aug-07,256.88
3-Sep-07,256.13
4-Sep-07,257.3
5-Sep-07,258.81
6-Sep-07,260.18
7-Sep-07,259.75
10-Sep-07,252.75
11-Sep-07,246.99
12-Sep-07,245.12
13-Sep-07,248.78
14-Sep-07,246.77
17-Sep-07,240.78
18-Sep-07,241.94
19-Sep-07,246.91
20-Sep-07,241.85
21-Sep-07,245.65
24-Sep-07,243.1
25-Sep-07,241.76
26-Sep-07,251.19
27-Sep-07,256.43
28-Sep-07,255.87
1-Oct-07,251.4
3-Oct-07,260.47
4-Oct-07,260.49
5-Oct-07,258.92
8-Oct-07,260.26
9-Oct-07,264.27
10-Oct-07,271.64
11-Oct-07,258.73
12-Oct-07,256.68
15-Oct-07,259.25
16-Oct-07,257.86
17-Oct-07,264.21
18-Oct-07,271.24
19-Oct-07,267.62
22-Oct-07,258.72
23-Oct-07,256.7
24-Oct-07,252.94
25-Oct-07,253.32
26-Oct-07,258.56
29-Oct-07,257.76
30-Oct-07,253.06
31-Oct-07,250.52
1-Nov-07,246.91
2-Nov-07,246.47
5-Nov-07,244.08
6-Nov-07,242.39
7-Nov-07,240.64
8-Nov-07,238.85
9-Nov-07,237.79
12-Nov-07,232.63
13-Nov-07,228.64
14-Nov-07,238.14
15-Nov-07,236.57
16-Nov-07,237.22
19-Nov-07,239.78
20-Nov-07,232.01
21-Nov-07,228.03
22-Nov-07,229.33
23-Nov-07,231.93
26-Nov-07,237.75
27-Nov-07,240.37
28-Nov-07,235.68
29-Nov-07,233.16
30-Nov-07,244.29
3-Dec-07,253.39
4-Dec-07,248.52
5-Dec-07,249.36
6-Dec-07,249.93
7-Dec-07,256.46
10-Dec-07,249.94
11-Dec-07,251.32
12-Dec-07,254.24
13-Dec-07,248.49
14-Dec-07,251.1
17-Dec-07,244.34
18-Dec-07,243.87
19-Dec-07,247.26
20-Dec-07,252.3
24-Dec-07,267.83
26-Dec-07,265.56
27-Dec-07,268.08
28-Dec-07,261.18
31-Dec-07,260.03
1-Jan-08,254.52
2-Jan-08,253.42
3-Jan-08,244.02
4-Jan-08,242.61
7-Jan-08,235.46
8-Jan-08,238.42
9-Jan-08,240.46
10-Jan-08,236.92
11-Jan-08,238.88
14-Jan-08,231.97
15-Jan-08,226.87
16-Jan-08,228.06
17-Jan-08,222.69
18-Jan-08,217.99
21-Jan-08,200.57
22-Jan-08,192.66
23-Jan-08,210.45
24-Jan-08,203.52
25-Jan-08,213.5
28-Jan-08,206.19
29-Jan-08,209.42
30-Jan-08,209.94
31-Jan-08,210.88
1-Feb-08,224.34
4-Feb-08,235.47
5-Feb-08,230.5
6-Feb-08,218.69
7-Feb-08,212.16
8-Feb-08,216.83
11-Feb-08,218.69
12-Feb-08,208.68
13-Feb-08,209.72
14-Feb-08,210.89
15-Feb-08,210.63
18-Feb-08,205.92
19-Feb-08,211.29
20-Feb-08,213.86
21-Feb-08,220.75
22-Feb-08,217.35
25-Feb-08,217.4
26-Feb-08,216.83
27-Feb-08,211.8
28-Feb-08,212.61
29-Feb-08,211.76
3-Mar-08,204.81
4-Mar-08,207.27
5-Mar-08,211.25
7-Mar-08,204.22
10-Mar-08,201.2
11-Mar-08,198.75
12-Mar-08,198.76
13-Mar-08,188.18
14-Mar-08,194.01
17-Mar-08,191.11
18-Mar-08,197.35
19-Mar-08,195.84
24-Mar-08,198.8
25-Mar-08,211.54
26-Mar-08,211.99
27-Mar-08,205.75
28-Mar-08,210.23
31-Mar-08,195.6
1-Apr-08,200.89
2-Apr-08,205.45
3-Apr-08,213.69
4-Apr-08,210.67
7-Apr-08,218.21
8-Apr-08,214.16
9-Apr-08,211.48
10-Apr-08,217.11
11-Apr-08,219.15
15-Apr-08,235.11
16-Apr-08,234.57
17-Apr-08,241.57
21-Apr-08,239.76
22-Apr-08,214.13
23-Apr-08,214.6
24-Apr-08,214.98
25-Apr-08,214.63
28-Apr-08,212.8
29-Apr-08,219.76
30-Apr-08,222.28
2-May-08,227.77
5-May-08,223.84
6-May-08,226.16
7-May-08,233.33
8-May-08,228.56
9-May-08,221.32
12-May-08,223.71
13-May-08,218.43
14-May-08,234.39
15-May-08,237.67
16-May-08,236.78
20-May-08,230.76
21-May-08,232.93
22-May-08,231.97
23-May-08,225.04
26-May-08,230.6
27-May-08,233.84
28-May-08,243.63
29-May-08,240.06
30-May-08,250.8
2-Jun-08,237.45
3-Jun-08,235.35
4-Jun-08,230.91
5-Jun-08,236.97
6-Jun-08,233.19
9-Jun-08,220.62
10-Jun-08,212.15
11-Jun-08,214.89
12-Jun-08,214.38
13-Jun-08,219.53
16-Jun-08,219.82
17-Jun-08,222.36
18-Jun-08,217.43
19-Jun-08,214.32
20-Jun-08,208.49
23-Jun-08,207.19
24-Jun-08,203.8
25-Jun-08,211.62
26-Jun-08,212.71
27-Jun-08,208.89
30-Jun-08,207.13
1-Jul-08,204.59
2-Jul-08,211.54
3-Jul-08,206.75
4-Jul-08,203.82
7-Jul-08,205.69
8-Jul-08,200.37
9-Jul-08,211.6
10-Jul-08,209.59
11-Jul-08,192.74
14-Jul-08,185.32
15-Jul-08,181.17
16-Jul-08,175.73
17-Jul-08,189.04
18-Jul-08,191.6
21-Jul-08,196.17
22-Jul-08,200.77
23-Jul-08,207.69
24-Jul-08,193.7
25-Jul-08,192.89
28-Jul-08,194.59
29-Jul-08,195.24
30-Jul-08,202.48
31-Jul-08,201.23
1-Aug-08,202.89
4-Aug-08,196.79
5-Aug-08,200.25
6-Aug-08,207.69
7-Aug-08,205.96
8-Aug-08,203.97
11-Aug-08,201.27
12-Aug-08,197.73
13-Aug-08,199.91
14-Aug-08,201.09
18-Aug-08,203.11
19-Aug-08,203.04
20-Aug-08,203.12
21-Aug-08,197.39
22-Aug-08,197.67
25-Aug-08,197.47
26-Aug-08,201.3
27-Aug-08,197.53
28-Aug-08,191.23
29-Aug-08,196.02
1-Sep-08,196.69
2-Sep-08,204.86
4-Sep-08,203.75
5-Sep-08,202.35
8-Sep-08,206.76
9-Sep-08,208.72
10-Sep-08,205.37
11-Sep-08,201.94
12-Sep-08,195.63
15-Sep-08,184.1
16-Sep-08,180.74
17-Sep-08,176.21
18-Sep-08,174.05
19-Sep-08,185.08
22-Sep-08,185.07
23-Sep-08,174.01
24-Sep-08,172.09
25-Sep-08,166.15
26-Sep-08,163.2
29-Sep-08,149.64
30-Sep-08,160.64
1-Oct-08,162.13
3-Oct-08,158.69
6-Oct-08,149.4
7-Oct-08,138.99
8-Oct-08,131.92
10-Oct-08,126.66
13-Oct-08,138.26
14-Oct-08,143.05
15-Oct-08,131.08
16-Oct-08,119.47
17-Oct-08,109.54
20-Oct-08,118.59
21-Oct-08,134.94
22-Oct-08,131.93
23-Oct-08,132.09
24-Oct-08,120.4
27-Oct-08,119.89
28-Oct-08,130.39
29-Oct-08,130.52
31-Oct-08,129.73
3-Nov-08,132.12
4-Nov-08,122.73
5-Nov-08,122.22
6-Nov-08,120.72
7-Nov-08,126.75
10-Nov-08,131.89
11-Nov-08,127.64
12-Nov-08,129.1
14-Nov-08,128.12
17-Nov-08,125.26
18-Nov-08,116.61
19-Nov-08,116.49
20-Nov-08,113.25
21-Nov-08,122.23
24-Nov-08,125.48
25-Nov-08,121.64
26-Nov-08,127.3
28-Nov-08,135.01
1-Dec-08,136.16
2-Dec-08,128.6
3-Dec-08,129.07
4-Dec-08,132.6
5-Dec-08,125.94
8-Dec-08,126.05
10-Dec-08,130.58
11-Dec-08,122.52
12-Dec-08,116.16
15-Dec-08,113.35
16-Dec-08,115.69
17-Dec-08,115.2
18-Dec-08,123.21
19-Dec-08,123.95
22-Dec-08,123.22
23-Dec-08,120.82
24-Dec-08,115.4
26-Dec-08,113.83
29-Dec-08,115.08
30-Dec-08,116.46
31-Dec-08,115.34
1-Jan-09,119.92
2-Jan-09,120.26
5-Jan-09,124.36
6-Jan-09,122.22
7-Jan-09,121.83
9-Jan-09,129.59
12-Jan-09,123.7
13-Jan-09,126.87
14-Jan-09,130.08
15-Jan-09,123.2
16-Jan-09,121.4
19-Jan-09,120.86
20-Jan-09,119.82
21-Jan-09,118.82
22-Jan-09,119.85
23-Jan-09,117.33
27-Jan-09,120.46
28-Jan-09,122.47
29-Jan-09,122.94
30-Jan-09,123.47
2-Feb-09,118.58
3-Feb-09,120.64
4-Feb-09,120.35
5-Feb-09,116.55
6-Feb-09,121.35
9-Feb-09,124.3
10-Feb-09,126.61
11-Feb-09,124.24
12-Feb-09,123.06
13-Feb-09,123.38
16-Feb-09,120.86
17-Feb-09,117.12
18-Feb-09,116.03
19-Feb-09,118.14
20-Feb-09,114.41
24-Feb-09,113.17
25-Feb-09,116.03
26-Feb-09,116.38
27-Feb-09,116.6
2-Mar-09,110.99
3-Mar-09,107.69
4-Mar-09,111.15
5-Mar-09,111.79
6-Mar-09,116.26
9-Mar-09,111.75
12-Mar-09,115.22
13-Mar-09,122.33
16-Mar-09,125.45
17-Mar-09,120.08
18-Mar-09,121.92
19-Mar-09,124.28
20-Mar-09,123.04
23-Mar-09,125.42
24-Mar-09,125.9
25-Mar-09,126.95
26-Mar-09,134.78
27-Mar-09,138.74
30-Mar-09,126.29
31-Mar-09,129.98
1-Apr-09,131.42
2-Apr-09,139.68
6-Apr-09,139.87
8-Apr-09,145.81
9-Apr-09,145.43
13-Apr-09,142.94
15-Apr-09,139.43
16-Apr-09,138.06
17-Apr-09,138.32
20-Apr-09,135.49
21-Apr-09,132.92
22-Apr-09,131.04
23-Apr-09,137.11
24-Apr-09,140.92
27-Apr-09,145.27
28-Apr-09,144.45
29-Apr-09,150.51
4-May-09,160.84
5-May-09,157.12
6-May-09,153.34
7-May-09,152.46
8-May-09,152.28
11-May-09,148.49
12-May-09,154.73
13-May-09,150.05
14-May-09,149.59
15-May-09,155.44
18-May-09,179.53
19-May-09,161.64
20-May-09,163.31
21-May-09,156.26
22-May-09,153.03
25-May-09,152.38
26-May-09,150.71
27-May-09,156.53
28-May-09,160.06
29-May-09,170.06
1-Jun-09,168.38
2-Jun-09,167.68
3-Jun-09,168.19
4-Jun-09,170.68
5-Jun-09,174.1
8-Jun-09,179.11
9-Jun-09,188.77
10-Jun-09,188.69
11-Jun-09,187.07
12-Jun-09,184.52
15-Jun-09,187.77
16-Jun-09,187.84
17-Jun-09,182.82
18-Jun-09,181.69
19-Jun-09,183.33
22-Jun-09,178.43
23-Jun-09,176.98
24-Jun-09,184.27
25-Jun-09,183.67
26-Jun-09,191.83
29-Jun-09,186.42
30-Jun-09,188.18
1-Jul-09,189.68
2-Jul-09,188.25
3-Jul-09,188.71
6-Jul-09,183.76
7-Jul-09,187.84
8-Jul-09,183.98
9-Jul-09,187.36
10-Jul-09,190.74
13-Jul-09,191.87
14-Jul-09,196.44
15-Jul-09,204.25
16-Jul-09,202.64
17-Jul-09,209.54
20-Jul-09,241.62
21-Jul-09,230.54
22-Jul-09,225.08
23-Jul-09,229.6
24-Jul-09,232.66
27-Jul-09,231.84
28-Jul-09,232.01
29-Jul-09,241.25
30-Jul-09,257.33
31-Jul-09,253.88
3-Aug-09,256.63
4-Aug-09,255.9
5-Aug-09,255.35
6-Aug-09,249.75
7-Aug-09,245.74
10-Aug-09,260.2
11-Aug-09,261.58
12-Aug-09,250.84
13-Aug-09,254.26
14-Aug-09,251.73
17-Aug-09,246.25
18-Aug-09,245.62
19-Aug-09,240.41
20-Aug-09,241.83
21-Aug-09,245.82
24-Aug-09,251.75
25-Aug-09,255.01
26-Aug-09,264.76
27-Aug-09,264.4
28-Aug-09,261.04
31-Aug-09,254.41
1-Sep-09,254.34
2-Sep-09,258.05
3-Sep-09,257.59
4-Sep-09,256.75
7-Sep-09,265.94
8-Sep-09,267.73
9-Sep-09,270.53
10-Sep-09,268.65
11-Sep-09,270.48
14-Sep-09,269.88
15-Sep-09,276.06
16-Sep-09,275.38
17-Sep-09,281.39
18-Sep-09,281.9
22-Sep-09,290.9
23-Sep-09,285.23
24-Sep-09,290.85
25-Sep-09,283.54
29-Sep-09,294.64
30-Sep-09,299.76
1-Oct-09,304.03
5-Oct-09,297.01
6-Oct-09,296.47
7-Oct-09,285.61
8-Oct-09,275.82
9-Oct-09,271.16
12-Oct-09,279.89
14-Oct-09,286.22
15-Oct-09,280.84
16-Oct-09,288.8
17-Oct-09,293.87
20-Oct-09,299.78
21-Oct-09,305.45
22-Oct-09,302.1
23-Oct-09,308.83
26-Oct-09,311.12
27-Oct-09,310.26
28-Oct-09,310.3
29-Oct-09,306.06
30-Oct-09,303.28
3-Nov-09,292.54
4-Nov-09,302.03
5-Nov-09,301.45
6-Nov-09,300.31
9-Nov-09,300.6
10-Nov-09,302.48
11-Nov-09,311.46
12-Nov-09,316.34
13-Nov-09,323.48
16-Nov-09,321.36
17-Nov-09,333.28
18-Nov-09,331.57
19-Nov-09,328.19
20-Nov-09,334.58
23-Nov-09,335.04
24-Nov-09,337.43
25-Nov-09,339.24
26-Nov-09,332.05
27-Nov-09,323.63
30-Nov-09,332.29
1-Dec-09,331.01
2-Dec-09,330.31
3-Dec-09,333.09
4-Dec-09,335.57
7-Dec-09,337.6
8-Dec-09,337.07
9-Dec-09,341.12
10-Dec-09,340.62
11-Dec-09,340.84
14-Dec-09,340.35
15-Dec-09,338.35
16-Dec-09,344.24
17-Dec-09,348.87
18-Dec-09,351.17
21-Dec-09,354.33
22-Dec-09,349.5
23-Dec-09,360.36
24-Dec-09,361.69
29-Dec-09,357.87
30-Dec-09,358.53
31-Dec-09,362.15
4-Jan-10,362.82
5-Jan-10,362.92
6-Jan-10,354.71
7-Jan-10,344.84
8-Jan-10,337.79
11-Jan-10,344.75
12-Jan-10,362.05
13-Jan-10,380.63
14-Jan-10,376.43
15-Jan-10,382.01
18-Jan-10,387.22
19-Jan-10,376.84
20-Jan-10,376.22
21-Jan-10,371.99
22-Jan-10,365.81
25-Jan-10,365.02
27-Jan-10,358.79
28-Jan-10,358.04
29-Jan-10,355.36
1-Feb-10,360.17
2-Feb-10,356.43
3-Feb-10,363.45
4-Feb-10,356.57
5-Feb-10,349.23
6-Feb-10,352.23
8-Feb-10,349.55
9-Feb-10,354.86
10-Feb-10,353.48
11-Feb-10,358.5
15-Feb-10,360.17
16-Feb-10,365.96
17-Feb-10,366.2
18-Feb-10,366.27
19-Feb-10,362.29
22-Feb-10,365.53
23-Feb-10,367.87
24-Feb-10,369.44
25-Feb-10,369.87
26-Feb-10,367.72
2-Mar-10,368.4
3-Mar-10,371.08
4-Mar-10,368.74
5-Mar-10,368.11
8-Mar-10,368.16
9-Mar-10,371.05
10-Mar-10,376.53
11-Mar-10,382.11
12-Mar-10,384.69
15-Mar-10,394.85
16-Mar-10,400.16
17-Mar-10,405.81
18-Mar-10,398.64
19-Mar-10,396.25
22-Mar-10,399.48
23-Mar-10,399.99
25-Mar-10,400.55
26-Mar-10,398.25
29-Mar-10,391.93
30-Mar-10,386.16
31-Mar-10,376.82
1-Apr-10,389.93
5-Apr-10,387.78
6-Apr-10,384.25
7-Apr-10,385.22
8-Apr-10,385.9
9-Apr-10,382.11
12-Apr-10,385.24
13-Apr-10,396.23
15-Apr-10,396.64
16-Apr-10,393.45
19-Apr-10,391.93
20-Apr-10,381.09
21-Apr-10,378.92
22-Apr-10,379.38
23-Apr-10,376.6
26-Apr-10,378.97
27-Apr-10,380.03
28-Apr-10,371.82
29-Apr-10,366.73
30-Apr-10,369.46
3-May-10,370.14
4-May-10,367.34
5-May-10,369.63
6-May-10,370.28
7-May-10,357.87
10-May-10,371.8
11-May-10,365.07
12-May-10,366.59
13-May-10,369.56
14-May-10,368.71
17-May-10,359.97
18-May-10,354.83
19-May-10,348.27
20-May-10,352.37
21-May-10,346.92
24-May-10,346.39
25-May-10,337.67
26-May-10,356.23
27-May-10,358.09
28-May-10,362.41
31-May-10,358.67
1-Jun-10,356.81
2-Jun-10,364.08
3-Jun-10,369.48
4-Jun-10,369.44
7-Jun-10,363.59
8-Jun-10,362.12
9-Jun-10,353.84
10-Jun-10,362.27
11-Jun-10,366.42
14-Jun-10,376.99
15-Jun-10,369.8
16-Jun-10,374
17-Jun-10,374.24
18-Jun-10,378.05
21-Jun-10,380.22
22-Jun-10,375.86
23-Jun-10,379.55
24-Jun-10,373.35
25-Jun-10,366.13
28-Jun-10,369.15
29-Jun-10,363.86
30-Jun-10,362.51
1-Jul-10,353.34
2-Jul-10,359.03
5-Jul-10,356.72
6-Jul-10,366.44
7-Jul-10,369.07
8-Jul-10,374.96
9-Jul-10,373.83
12-Jul-10,382.15
13-Jul-10,373.92
14-Jul-10,373.92
15-Jul-10,377.52
16-Jul-10,402.4
19-Jul-10,399.05
20-Jul-10,399.31
21-Jul-10,406.92
22-Jul-10,407.25
23-Jul-10,405.13
26-Jul-10,409.93
27-Jul-10,409.89
28-Jul-10,412.44
29-Jul-10,410.3
30-Jul-10,405.37
2-Aug-10,404.65
3-Aug-10,401.63
4-Aug-10,419.37
5-Aug-10,423.74
6-Aug-10,417.39
9-Aug-10,424.7
10-Aug-10,417.3
11-Aug-10,414.23
12-Aug-10,411.96
13-Aug-10,412.42
16-Aug-10,412.27
17-Aug-10,410.39
18-Aug-10,420.48
19-Aug-10,420.94
20-Aug-10,419.44
23-Aug-10,420.14
24-Aug-10,420.29
25-Aug-10,420.53
26-Aug-10,423.09
27-Aug-10,413.22
30-Aug-10,408.2
31-Aug-10,407.28
1-Sep-10,414.35
2-Sep-10,407.45
3-Sep-10,404.17
6-Sep-10,412.88
7-Sep-10,420.6
8-Sep-10,424.32
9-Sep-10,422.22
13-Sep-10,424.66
14-Sep-10,432.19
15-Sep-10,441.57
16-Sep-10,432.21
17-Sep-10,441.09
20-Sep-10,440.34
21-Sep-10,460.47
22-Sep-10,451.45
23-Sep-10,449.56
24-Sep-10,449.85
27-Sep-10,447.75
28-Sep-10,443.92
29-Sep-10,444.25
30-Sep-10,447.44
1-Oct-10,464.17
4-Oct-10,461.37
5-Oct-10,458.69
6-Oct-10,463.22
7-Oct-10,457.99
8-Oct-10,454.99
11-Oct-10,454.17
12-Oct-10,458.9
13-Oct-10,479.25
14-Oct-10,475.97
15-Oct-10,458.71
18-Oct-10,473.65
19-Oct-10,467.13
20-Oct-10,464.96
21-Oct-10,476.04
22-Oct-10,502.11
25-Oct-10,515.02
26-Oct-10,512.92
27-Oct-10,505.97
28-Oct-10,508.24
29-Oct-10,508.24
1-Nov-10,508.48
2-Nov-10,506.57
3-Nov-10,508.19
4-Nov-10,516.08
5-Nov-10,520.23
8-Nov-10,515.6
9-Nov-10,526.68
10-Nov-10,527.25
11-Nov-10,513.96
12-Nov-10,509.68
15-Nov-10,514.56
16-Nov-10,506.31
18-Nov-10,503.36
19-Nov-10,490.13
22-Nov-10,501.57
23-Nov-10,497.21
24-Nov-10,484.99
25-Nov-10,493.22
26-Nov-10,505.51
29-Nov-10,517.12
30-Nov-10,519.39
1-Dec-10,522.23
2-Dec-10,528.94
3-Dec-10,529.69
6-Dec-10,531.79
7-Dec-10,524.94
8-Dec-10,520.91
9-Dec-10,517.75
10-Dec-10,518.86
13-Dec-10,519.43
14-Dec-10,521.78
15-Dec-10,532.73
16-Dec-10,550.62
20-Dec-10,563.17
21-Dec-10,560.32
22-Dec-10,554.99
23-Dec-10,550.28
24-Dec-10,550.81
27-Dec-10,550.86
28-Dec-10,553.34
29-Dec-10,558.46
30-Dec-10,564.86
31-Dec-10,562.66
3-Jan-11,558.99
4-Jan-11,552.57
5-Jan-11,559.43
6-Jan-11,565.58
7-Jan-11,551.56
10-Jan-11,545.89
11-Jan-11,530.25
12-Jan-11,548.32
13-Jan-11,542.68
14-Jan-11,540.7
17-Jan-11,549.02
18-Jan-11,580.47
19-Jan-11,575.86
20-Jan-11,585.13
21-Jan-11,584.86
24-Jan-11,583.68
25-Jan-11,573.71
27-Jan-11,578.95
28-Jan-11,570.24
31-Jan-11,559.69
1-Feb-11,555.18
2-Feb-11,570.77
3-Feb-11,571.37
4-Feb-11,554.53
7-Feb-11,546.01
8-Feb-11,543.09
9-Feb-11,530.15
10-Feb-11,526.51
11-Feb-11,525.95
14-Feb-11,536.91
15-Feb-11,529.86
16-Feb-11,529.28
17-Feb-11,535.41
18-Feb-11,526
21-Feb-11,549.6
22-Feb-11,549.68
23-Feb-11,543.3
24-Feb-11,536.67
25-Feb-11,535.82
28-Feb-11,535.92
1-Mar-11,542.8
3-Mar-11,555.2
4-Mar-11,548.13
7-Mar-11,534.95
8-Mar-11,539.51
9-Mar-11,543.86
10-Mar-11,535.1
11-Mar-11,519.89
14-Mar-11,529.79
15-Mar-11,526.05
16-Mar-11,538.14
17-Mar-11,530.01
18-Mar-11,522.64
21-Mar-11,516.88
22-Mar-11,516.25
23-Mar-11,513.76
24-Mar-11,527.79
25-Mar-11,540.46
28-Mar-11,540.58
29-Mar-11,549.65
30-Mar-11,556.05
31-Mar-11,571.47
1-Apr-11,569.66
4-Apr-11,585.61
5-Apr-11,598.48
6-Apr-11,589.79
7-Apr-11,578.86
8-Apr-11,577.31
11-Apr-11,568.81
13-Apr-11,584.12
15-Apr-11,575.09
18-Apr-11,552.5
19-Apr-11,562.2
20-Apr-11,588.27
21-Apr-11,575.43
25-Apr-11,578.2
26-Apr-11,573.93
27-Apr-11,569.88
28-Apr-11,559.28
29-Apr-11,562.66
2-May-11,559.19
3-May-11,549.53
4-May-11,548.86
5-May-11,538.21
6-May-11,554.6
9-May-11,548.13
10-May-11,550.23
11-May-11,550.4
12-May-11,536.64
13-May-11,544.05
16-May-11,545.98
17-May-11,551.1
18-May-11,557.54
19-May-11,562.27
20-May-11,567.17
23-May-11,563.09
24-May-11,555.06
25-May-11,544.78
26-May-11,548.23
27-May-11,552.48
30-May-11,556.05
31-May-11,558.56
1-Jun-11,567.37
2-Jun-11,563.67
3-Jun-11,556.12
6-Jun-11,562.03
7-Jun-11,569.25
8-Jun-11,570.26
9-Jun-11,572.65
10-Jun-11,574.03
13-Jun-11,567.32
14-Jun-11,574.92
15-Jun-11,571.64
16-Jun-11,555.66
17-Jun-11,535.41
20-Jun-11,516.15
21-Jun-11,534.23
22-Jun-11,523.01
23-Jun-11,529.52
24-Jun-11,549.19
27-Jun-11,555.4
28-Jun-11,557.04
29-Jun-11,564.69
30-Jun-11,571.61
1-Jul-11,575.33
4-Jul-11,572.34
5-Jul-11,569.32
6-Jul-11,570.94
7-Jul-11,577.26
8-Jul-11,565.56
11-Jul-11,558.32
12-Jul-11,552.86
13-Jul-11,554.65
14-Jul-11,542.41
15-Jul-11,553.2
18-Jul-11,543.06
19-Jul-11,550.3
20-Jul-11,546.63
21-Jul-11,541.86
22-Jul-11,547.09
25-Jul-11,550.23
26-Jul-11,552.52
27-Jul-11,553.73
28-Jul-11,545.23
29-Jul-11,548.83
1-Aug-11,547.99
2-Aug-11,545.77
3-Aug-11,535.97
4-Aug-11,528.97
5-Aug-11,510.67
8-Aug-11,485.28
9-Aug-11,465.71
10-Aug-11,475
11-Aug-11,472.25
12-Aug-11,457.19
16-Aug-11,469.96
17-Aug-11,482.65
18-Aug-11,464.53
19-Aug-11,448.41
22-Aug-11,443.14
23-Aug-11,473.82
24-Aug-11,464.65
25-Aug-11,458.76
26-Aug-11,457.82
29-Aug-11,492.16
30-Aug-11,503.17
2-Sep-11,493.37
5-Sep-11,496.07
6-Sep-11,499.06
7-Sep-11,497.66
8-Sep-11,500.1
9-Sep-11,490.45
12-Sep-11,475.8
13-Sep-11,479.68
14-Sep-11,489.99
15-Sep-11,502.85
16-Sep-11,496.1
19-Sep-11,491.41
20-Sep-11,510.67
21-Sep-11,503.7
22-Sep-11,480
23-Sep-11,478.02
26-Sep-11,481.23
27-Sep-11,502.27
28-Sep-11,505.82
29-Sep-11,512.36
30-Sep-11,500.71
3-Oct-11,503.6
4-Oct-11,504.88
5-Oct-11,503.72
7-Oct-11,506.14
10-Oct-11,513.93
11-Oct-11,502.42
12-Oct-11,520.86
13-Oct-11,527.47
14-Oct-11,547.5
17-Oct-11,540.75
18-Oct-11,498.9
19-Oct-11,506.33
20-Oct-11,504.37
21-Oct-11,506.76
24-Oct-11,521.2
25-Oct-11,530.32
26-Oct-11,528.99
28-Oct-11,541.35
31-Oct-11,538.6
1-Nov-11,535.05
2-Nov-11,534.28
3-Nov-11,533.38
4-Nov-11,530.87
8-Nov-11,533.51
9-Nov-11,542.05
11-Nov-11,545.93
14-Nov-11,544.68
15-Nov-11,542.75
16-Nov-11,539.3
17-Nov-11,538.28
18-Nov-11,524.5
21-Nov-11,515.14
22-Nov-11,522.21
23-Nov-11,512.77
24-Nov-11,527.01
25-Nov-11,513.55
28-Nov-11,525.42
29-Nov-11,527.74
30-Nov-11,538.48
1-Dec-11,547.77
2-Dec-11,568.62
5-Dec-11,570.05
7-Dec-11,569.37
8-Dec-11,568.43
9-Dec-11,565.92
12-Dec-11,569.76
13-Dec-11,568.96
14-Dec-11,570.77
15-Dec-11,570.79
16-Dec-11,553.32
19-Dec-11,552.04
20-Dec-11,547.07
21-Dec-11,559.31
22-Dec-11,555.93
23-Dec-11,558.56
26-Dec-11,573.64
27-Dec-11,569.32
28-Dec-11,564.37
29-Dec-11,562.68
30-Dec-11,560.25
2-Jan-12,568.91
3-Jan-12,578.08
4-Jan-12,566.21
5-Jan-12,565.73
6-Jan-12,564.47
7-Jan-12,565.97
9-Jan-12,565.41
10-Jan-12,562.54
11-Jan-12,548.83
12-Jan-12,525.9
13-Jan-12,524.09
16-Jan-12,535.51
17-Jan-12,532.88
18-Jan-12,519.46
19-Jan-12,519.17
20-Jan-12,521.08
23-Jan-12,520.21
24-Jan-12,525.52
25-Jan-12,530.01
27-Jan-12,535.19
30-Jan-12,536.64
31-Jan-12,546.61
1-Feb-12,544.82
2-Feb-12,554.14
3-Feb-12,565.51
6-Feb-12,576.27
7-Feb-12,578.28
8-Feb-12,588.73
9-Feb-12,593.05
10-Feb-12,595.36
13-Feb-12,591.65
14-Feb-12,588.9
15-Feb-12,599.32
16-Feb-12,591.48
17-Feb-12,593.12
21-Feb-12,597.13
22-Feb-12,604.51
23-Feb-12,608.11
24-Feb-12,613.03
27-Feb-12,604.37
28-Feb-12,592.06
29-Feb-12,589.84
1-Mar-12,588.7
2-Mar-12,587.57
3-Mar-12,588.12
5-Mar-12,582.76
6-Mar-12,580.21
7-Mar-12,575.79
9-Mar-12,583.37
12-Mar-12,573.96
13-Mar-12,577.79
14-Mar-12,557.3
15-Mar-12,561.72
16-Mar-12,564.54
19-Mar-12,541.59
20-Mar-12,547.79
21-Mar-12,567.54
22-Mar-12,563.67
23-Mar-12,571.83
26-Mar-12,560.71
27-Mar-12,567.05
28-Mar-12,562.39
29-Mar-12,550.86
30-Mar-12,564.18
2-Apr-12,576.47
3-Apr-12,568.62
4-Apr-12,568.84
9-Apr-12,561.91
10-Apr-12,558.1
11-Apr-12,549.36
12-Apr-12,546.25
13-Apr-12,515.69
16-Apr-12,516.37
17-Apr-12,526.55
18-Apr-12,529.79
19-Apr-12,532.4
20-Apr-12,525.4
23-Apr-12,513.71
24-Apr-12,576.44
25-Apr-12,565.27
26-Apr-12,576.66
27-Apr-12,581.17
28-Apr-12,580.13
30-Apr-12,601.74
2-May-12,611.7
3-May-12,617.62
4-May-12,616.31
7-May-12,614.6
8-May-12,579.58
9-May-12,591.57
10-May-12,594.95
11-May-12,594.08
14-May-12,591.77
15-May-12,591.94
16-May-12,590.54
17-May-12,589.86
18-May-12,584.38
21-May-12,583.68
22-May-12,590.85
23-May-12,591.38
24-May-12,589.6
25-May-12,589.28
28-May-12,591.16
29-May-12,598.72
30-May-12,598.81
31-May-12,601.13
1-Jun-12,591.12
4-Jun-12,585.64
5-Jun-12,592.03
6-Jun-12,603.93
7-Jun-12,598.65
8-Jun-12,594.16
11-Jun-12,595.44
12-Jun-12,602.46
13-Jun-12,603.57
14-Jun-12,605.31
15-Jun-12,614.21
18-Jun-12,606.83
19-Jun-12,614.94
20-Jun-12,604.73
21-Jun-12,590.85
22-Jun-12,595.39
25-Jun-12,587.33
26-Jun-12,596.18
27-Jun-12,601.78
28-Jun-12,607.65
29-Jun-12,616.63
2-Jul-12,607.94
3-Jul-12,598.26
4-Jul-12,602.34
5-Jul-12,598.84
6-Jul-12,602.29
9-Jul-12,607.91
10-Jul-12,609.02
11-Jul-12,607.38
12-Jul-12,596.62
13-Jul-12,603.09
16-Jul-12,582.79
17-Jul-12,572.44
18-Jul-12,576.97
19-Jul-12,579.72
20-Jul-12,590.37
23-Jul-12,586.12
24-Jul-12,583.66
25-Jul-12,585.59
26-Jul-12,578.49
27-Jul-12,591.45
30-Jul-12,594.2
31-Jul-12,600.31
1-Aug-12,591.14
2-Aug-12,595.07
3-Aug-12,597.05
6-Aug-12,593.19
7-Aug-12,610.16
8-Aug-12,602.99
9-Aug-12,607.31
10-Aug-12,617.88
13-Aug-12,611.24
14-Aug-12,612.26
16-Aug-12,609.92
17-Aug-12,617.18
21-Aug-12,626.86
22-Aug-12,623.48
23-Aug-12,638.83
24-Aug-12,638.54
27-Aug-12,637.38
28-Aug-12,652.08
29-Aug-12,648.41
30-Aug-12,659.92
31-Aug-12,648.63
3-Sep-12,645.78
4-Sep-12,647.23
5-Sep-12,658.65
6-Sep-12,664
7-Sep-12,669.36
8-Sep-12,669.26
10-Sep-12,662
11-Sep-12,672.23
12-Sep-12,682.97
13-Sep-12,684.33
14-Sep-12,682.1
17-Sep-12,647.83
18-Sep-12,627.41
20-Sep-12,638.13
21-Sep-12,629.47
24-Sep-12,622.42
25-Sep-12,624.23
26-Sep-12,620.56
27-Sep-12,613.78
28-Sep-12,625.53
1-Oct-12,628.94
3-Oct-12,638.44
4-Oct-12,635.79
5-Oct-12,629.44
8-Oct-12,623.99
9-Oct-12,625.03
10-Oct-12,622.37
11-Oct-12,622.42
12-Oct-12,626.76
15-Oct-12,624.93
16-Oct-12,625.53
17-Oct-12,619.38
18-Oct-12,631.06
19-Oct-12,622.54
22-Oct-12,636.63
23-Oct-12,634.56
25-Oct-12,634.92
26-Oct-12,634.9
29-Oct-12,631.57
30-Oct-12,633.06
31-Oct-12,634.99
1-Nov-12,634.87
2-Nov-12,642.57
5-Nov-12,641.8
6-Nov-12,637.43
7-Nov-12,642.72
8-Nov-12,642.57
9-Nov-12,639.55
12-Nov-12,644.16
13-Nov-12,639.72
15-Nov-12,624.69
16-Nov-12,621.14
19-Nov-12,609.34
20-Nov-12,614.38
21-Nov-12,618.92
22-Nov-12,616.14
23-Nov-12,622.01
26-Nov-12,624.47
27-Nov-12,625.19
29-Nov-12,626.59
30-Nov-12,634.27
3-Dec-12,635.62
4-Dec-12,627.25
5-Dec-12,626.5
6-Dec-12,618.2
7-Dec-12,610.21
10-Dec-12,597.2
11-Dec-12,588.75
12-Dec-12,591.69
13-Dec-12,590.13
14-Dec-12,599.95
17-Dec-12,581.9
18-Dec-12,584.38
19-Dec-12,595
20-Dec-12,604.37
21-Dec-12,607.58
24-Dec-12,611.2
26-Dec-12,609.27
27-Dec-12,603.83
28-Dec-12,611.82
31-Dec-12,606.2
1-Jan-13,610.21
2-Jan-13,609.8
3-Jan-13,618.15
4-Jan-13,627.13
7-Jan-13,625.03
8-Jan-13,627.63
9-Jan-13,616.22
10-Jan-13,607.43
11-Jan-13,630.58
14-Jan-13,644.16
15-Jan-13,645.59
16-Jan-13,650.56
17-Jan-13,657.44
18-Jan-13,652.13
21-Jan-13,641.99
22-Jan-13,635.96
23-Jan-13,633.28
24-Jan-13,641.29
25-Jan-13,647.06
28-Jan-13,649.26
29-Jan-13,649.21
30-Jan-13,649.79
31-Jan-13,648.82
1-Feb-13,650.73
4-Feb-13,654.71
5-Feb-13,656.5
6-Feb-13,661.57
7-Feb-13,669.58
8-Feb-13,686.69
11-Feb-13,682.88
12-Feb-13,680.63
13-Feb-13,692.87
14-Feb-13,698.81
15-Feb-13,696.13
18-Feb-13,688.02
19-Feb-13,696.8
20-Feb-13,701.27
21-Feb-13,700.42
22-Feb-13,702.38
25-Feb-13,711.36
26-Feb-13,722.31
27-Feb-13,715.94
28-Feb-13,732.26
1-Mar-13,724.94
4-Mar-13,730.42
5-Mar-13,743.43
6-Mar-13,753.59
7-Mar-13,767.45
8-Mar-13,764.19
11-Mar-13,756.01
12-Mar-13,753.25
13-Mar-13,749.01
14-Mar-13,756.73
15-Mar-13,757.96
18-Mar-13,756.37
19-Mar-13,746.62
20-Mar-13,751.88
21-Mar-13,752.99
22-Mar-13,744.4
25-Mar-13,744.98
26-Mar-13,751.25
28-Mar-13,760.62
1-Apr-13,751.49
2-Apr-13,756.56
3-Apr-13,745
4-Apr-13,727.82
5-Apr-13,723.26
8-Apr-13,714.76
9-Apr-13,722.8
10-Apr-13,738.75
11-Apr-13,741.86
12-Apr-13,729.72
15-Apr-13,710.75
16-Apr-13,715.92
17-Apr-13,703.13
18-Apr-13,701.24
22-Apr-13,687.99
23-Apr-13,690.53
25-Apr-13,676.89
26-Apr-13,660.99
29-Apr-13,661.66
30-Apr-13,665.36
2-May-13,692.15
3-May-13,684.71
6-May-13,708.22
7-May-13,710.34
8-May-13,714.45
9-May-13,723.3
10-May-13,722.07
11-May-13,719.06
13-May-13,700.69
14-May-13,703.75
15-May-13,710.32
16-May-13,701.87
17-May-13,711.4
20-May-13,710.73
21-May-13,720.6
22-May-13,723.28
23-May-13,720.53
24-May-13,709.35
27-May-13,723.09
28-May-13,730.86
29-May-13,722.77
30-May-13,723.76
31-May-13,723.3
3-Jun-13,709.28
4-Jun-13,707.33
5-Jun-13,708.51
6-Jun-13,709.93
7-Jun-13,733.2
10-Jun-13,736.14
11-Jun-13,724.8
12-Jun-13,708.65
13-Jun-13,697.82
14-Jun-13,700.25
17-Jun-13,701.1
18-Jun-13,696.92
19-Jun-13,689.15
20-Jun-13,677.95
21-Jun-13,686.52
24-Jun-13,680.95
25-Jun-13,672.06
26-Jun-13,693.98
27-Jun-13,720.14
28-Jun-13,732.81
1-Jul-13,720.36
2-Jul-13,724.32
3-Jul-13,719.13
4-Jul-13,742.54
5-Jul-13,738.63
8-Jul-13,727.26
9-Jul-13,726.42
10-Jul-13,729.82
11-Jul-13,755.21
12-Jul-13,777.08
15-Jul-13,792.47
16-Jul-13,796.14
17-Jul-13,810.21
18-Jul-13,801.48
19-Jul-13,841.25
22-Jul-13,843.04
23-Jul-13,844.63
24-Jul-13,860.56
25-Jul-13,866.81
26-Jul-13,856.55
29-Jul-13,858.82
30-Jul-13,865.15
31-Jul-13,876.34
1-Aug-13,876.3
2-Aug-13,890.99
5-Aug-13,901.3
6-Aug-13,902.7
7-Aug-13,879.82
8-Aug-13,890.78
12-Aug-13,875.62
13-Aug-13,878.42
14-Aug-13,885.03
16-Aug-13,859.64
19-Aug-13,857.98
20-Aug-13,838.16
21-Aug-13,829.18
22-Aug-13,858.7
23-Aug-13,883.08
26-Aug-13,889.14
27-Aug-13,887.59
28-Aug-13,920.95
29-Aug-13,939.87
30-Aug-13,981.43
2-Sep-13,992.84
3-Sep-13,965.93
4-Sep-13,998.76
5-Sep-13,960.94
6-Sep-13,960
10-Sep-13,959.56
11-Sep-13,962.41
12-Sep-13,949.91
13-Sep-13,943.08
16-Sep-13,918.36
17-Sep-13,940.04
18-Sep-13,943.44
19-Sep-13,949.14
20-Sep-13,941.41
23-Sep-13,943.73
24-Sep-13,936.2
25-Sep-13,945.64
26-Sep-13,937.84
27-Sep-13,940.35
30-Sep-13,930.55
1-Oct-13,940.81
3-Oct-13,977.28
4-Oct-13,981.62
7-Oct-13,1008.72
8-Oct-13,995.06
9-Oct-13,1009.26
10-Oct-13,1004.02
11-Oct-13,1024.32
14-Oct-13,1068.1
15-Oct-13,1069.38
17-Oct-13,1017.75
18-Oct-13,1023.64
21-Oct-13,999.99
22-Oct-13,1008.53
23-Oct-13,994.92
24-Oct-13,969.6
25-Oct-13,998.11
28-Oct-13,996.27
29-Oct-13,999.09
30-Oct-13,1009.79
31-Oct-13,1019.49
1-Nov-13,1012.51
3-Nov-13,1013.19
5-Nov-13,985.68
6-Nov-13,1009.38
7-Nov-13,1024.27
8-Nov-13,1009.26
11-Nov-13,1011.09
12-Nov-13,1007.47
13-Nov-13,989.05
14-Nov-13,978.05
18-Nov-13,986.64
19-Nov-13,979.83
20-Nov-13,976.79
21-Nov-13,958.93
22-Nov-13,965.81
25-Nov-13,971.8
26-Nov-13,962.36
27-Nov-13,958.86
28-Nov-13,957.97
29-Nov-13,967.5
2-Dec-13,972.11
3-Dec-13,975.44
4-Dec-13,965.43
5-Dec-13,959.2
6-Dec-13,965.55
9-Dec-13,967.74
10-Dec-13,1005.35
11-Dec-13,993.42
12-Dec-13,979.35
13-Dec-13,966.27
16-Dec-13,974.65
17-Dec-13,987.29
18-Dec-13,992.34
19-Dec-13,1004.74
20-Dec-13,1023.59
23-Dec-13,1018.04
24-Dec-13,1018.84
26-Dec-13,1013.82
27-Dec-13,1042.95
30-Dec-13,1040.73
31-Dec-13,1048.45
1-Jan-14,1039.4
2-Jan-14,1046.01
3-Jan-14,1072.66
6-Jan-14,1081.06
7-Jan-14,1064.91
8-Jan-14,1077.7
9-Jan-14,1082.19
10-Jan-14,1100.99
13-Jan-14,1143.4
14-Jan-14,1123.12
15-Jan-14,1136.09
16-Jan-14,1134.49
17-Jan-14,1068.24
20-Jan-14,1128.65
21-Jan-14,1100.7
22-Jan-14,1097.69
23-Jan-14,1087.26
24-Jan-14,1085.45
27-Jan-14,1076.23
28-Jan-14,1067.9
29-Jan-14,1066.67
30-Jan-14,1070.44
31-Jan-14,1081.76
3-Feb-14,1059.26
4-Feb-14,1038.46
5-Feb-14,1059.24
6-Feb-14,1050
7-Feb-14,1035.1
10-Feb-14,1010.56
11-Feb-14,1014.49
12-Feb-14,1016.3
13-Feb-14,1029.96
14-Feb-14,1046.45
17-Feb-14,1045.24
18-Feb-14,1045.53
19-Feb-14,1060.95
20-Feb-14,1056.8
21-Feb-14,1064.69
24-Feb-14,1051.27
25-Feb-14,1056.58
26-Feb-14,1053.33
28-Feb-14,1098.51
3-Mar-14,1081.27
4-Mar-14,1081.56
5-Mar-14,1086.99
6-Mar-14,1081.61
7-Mar-14,1075.7
10-Mar-14,1034.26
11-Mar-14,1038.6
12-Mar-14,1052.02
13-Mar-14,1037.59
14-Mar-14,1032.76
18-Mar-14,1024.29
19-Mar-14,984.42
20-Mar-14,1017.63
21-Mar-14,1026.71
22-Mar-14,1027.31
24-Mar-14,1039.06
25-Mar-14,1036.19
26-Mar-14,1010.53
27-Mar-14,1010.9
28-Mar-14,1014.69
31-Mar-14,1029.67
1-Apr-14,1050.7
2-Apr-14,1048.55
3-Apr-14,1045.77
4-Apr-14,1032.43
7-Apr-14,1039.64
9-Apr-14,1033.17
10-Apr-14,1026.29
11-Apr-14,1044.61
15-Apr-14,1087.4
16-Apr-14,1060.16
17-Apr-14,1073
21-Apr-14,1072.44
22-Apr-14,1072.1
23-Apr-14,1068.58
25-Apr-14,1064.48
28-Apr-14,1057.77
29-Apr-14,1059.17
30-Apr-14,1056.73
2-May-14,1066.02
5-May-14,1068.56
6-May-14,1061.41
7-May-14,1045.31
8-May-14,1043.62
9-May-14,1042.59
12-May-14,1042.32
13-May-14,1067.23
14-May-14,1069.71
15-May-14,1058.64
16-May-14,1043
19-May-14,983.12
20-May-14,998.32
21-May-14,1005.39
22-May-14,1019.44
23-May-14,1027.14
26-May-14,1039.74
27-May-14,1028.85
28-May-14,1038.07
29-May-14,1042.61
30-May-14,1033.63
2-Jun-14,1028.08
3-Jun-14,1027.48
4-Jun-14,1008.48
5-Jun-14,1015.68
6-Jun-14,1006.07
9-Jun-14,1020.33
10-Jun-14,1041.74
11-Jun-14,1065.3
12-Jun-14,1079.97
13-Jun-14,1068.48
16-Jun-14,1095.61
17-Jun-14,1100.49
18-Jun-14,1075
19-Jun-14,1098.65
20-Jun-14,1106.54
23-Jun-14,1095.18
24-Jun-14,1114.58
25-Jun-14,1115.3
26-Jun-14,1113.91
27-Jun-14,1158.27
30-Jun-14,1170.74
1-Jul-14,1154.02
2-Jul-14,1159.25
3-Jul-14,1167.12
4-Jul-14,1163.55
7-Jul-14,1201.23
8-Jul-14,1182.35
9-Jul-14,1157.59
10-Jul-14,1135.22
11-Jul-14,1155.8
14-Jul-14,1171.15
15-Jul-14,1158.14
16-Jul-14,1159.38
17-Jul-14,1149.77
18-Jul-14,1178.37
21-Jul-14,1189.25
22-Jul-14,1222.39
23-Jul-14,1248.34
24-Jul-14,1252.71
25-Jul-14,1257.8
28-Jul-14,1269.34
30-Jul-14,1272.16
31-Jul-14,1264.81
1-Aug-14,1233.61
4-Aug-14,1238.34
5-Aug-14,1237.18
6-Aug-14,1228.83
7-Aug-14,1210.76
8-Aug-14,1215.12
11-Aug-14,1210.08
12-Aug-14,1211.72
13-Aug-14,1225.59
14-Aug-14,1225.44
18-Aug-14,1219.49
19-Aug-14,1195.42
20-Aug-14,1194.29
21-Aug-14,1192.45
22-Aug-14,1208.02
25-Aug-14,1236.38
26-Aug-14,1242.14
27-Aug-14,1250.05
28-Aug-14,1236.52
1-Sep-14,1243.78
2-Sep-14,1244.15
3-Sep-14,1277.73
4-Sep-14,1267.11
5-Sep-14,1273.9
8-Sep-14,1295.52
9-Sep-14,1289.91
10-Sep-14,1274.66
11-Sep-14,1273.78
12-Sep-14,1278.31
15-Sep-14,1254.15
16-Sep-14,1250.49
17-Sep-14,1270.27
18-Sep-14,1295.33
19-Sep-14,1330.57
22-Sep-14,1334.3
23-Sep-14,1317.83
24-Sep-14,1295.67
25-Sep-14,1327.83
26-Sep-14,1315.77
29-Sep-14,1356.92
30-Sep-14,1341.55
1-Oct-14,1360.67
7-Oct-14,1338.98
8-Oct-14,1315.38
9-Oct-14,1326.58
10-Oct-14,1313.07
13-Oct-14,1331.72
14-Oct-14,1323.22
16-Oct-14,1312.88
17-Oct-14,1196.72
20-Oct-14,1187.97
21-Oct-14,1192.92
22-Oct-14,1201.96
23-Oct-14,1208.58
27-Oct-14,1204.56
28-Oct-14,1215.08
29-Oct-14,1228.53
30-Oct-14,1254.1
31-Oct-14,1278.44
3-Nov-14,1269.86
5-Nov-14,1274.34
7-Nov-14,1261.28
10-Nov-14,1259.71
11-Nov-14,1265.13
12-Nov-14,1270.54
13-Nov-14,1268.93
14-Nov-14,1277.75
17-Nov-14,1283.56
18-Nov-14,1267.65
19-Nov-14,1261.72
20-Nov-14,1277.26
21-Nov-14,1285.45
24-Nov-14,1302.87
25-Nov-14,1292.24
26-Nov-14,1287.97
27-Nov-14,1300.72
28-Nov-14,1295.67
1-Dec-14,1320.16
2-Dec-14,1302.68
3-Dec-14,1291.92
4-Dec-14,1293.19
5-Dec-14,1264.27
8-Dec-14,1231.84
9-Dec-14,1232.85
10-Dec-14,1229.44
11-Dec-14,1221.72
12-Dec-14,1201.4
15-Dec-14,1156.27
16-Dec-14,1197.65
17-Dec-14,1198.16
18-Dec-14,1206.3
19-Dec-14,1230.74
22-Dec-14,1232.14
23-Dec-14,1233.75
24-Dec-14,1215.71
26-Dec-14,1228.02
29-Dec-14,1236.79
30-Dec-14,1240.3
31-Dec-14,1254.12
1-Jan-15,1247.9
2-Jan-15,1264.51
5-Jan-15,1245.3
6-Jan-15,1199.39
7-Jan-15,1185.22
8-Jan-15,1198.02
9-Jan-15,1231.6
12-Jan-15,1230.32
13-Jan-15,1224.54
14-Jan-15,1236.33
15-Jan-15,1244.73
16-Jan-15,1241.33
19-Jan-15,1230.96
20-Jan-15,1225.79
21-Jan-15,1232.33
22-Jan-15,1232.21
23-Jan-15,1227.33
27-Jan-15,1226.57
28-Jan-15,1244.98
29-Jan-15,1247.45
30-Jan-15,1216.77
2-Feb-15,1232.53
3-Feb-15,1254.12
4-Feb-15,1232.58
5-Feb-15,1251.25
6-Feb-15,1262.7
9-Feb-15,1231.89
10-Feb-15,1196.72
11-Feb-15,1205.91
12-Feb-15,1207.01
13-Feb-15,1244.56
16-Feb-15,1267.14
18-Feb-15,1292.07
19-Feb-15,1314.32
20-Feb-15,1311.63
23-Feb-15,1321.97
24-Feb-15,1325.94
25-Feb-15,1309.98
26-Feb-15,1302.26
27-Feb-15,1305.15
28-Feb-15,1311.48
2-Mar-15,1308.61
3-Mar-15,1360.87
4-Mar-15,1346.16
5-Mar-15,1321.87
9-Mar-15,1297.53
10-Mar-15,1295.52
11-Mar-15,1277.8
12-Mar-15,1283.93
13-Mar-15,1265.94
16-Mar-15,1256.11
17-Mar-15,1266.6
18-Mar-15,1254.66
19-Mar-15,1272.75
20-Mar-15,1279.96
23-Mar-15,1283
24-Mar-15,1270.32
25-Mar-15,1261.72
26-Mar-15,1231.99
27-Mar-15,1232.82
30-Mar-15,1257.01
31-Mar-15,1252.01
1-Apr-15,1246.47
6-Apr-15,1248.75
7-Apr-15,1267.24
8-Apr-15,1294.88
9-Apr-15,1306.23
10-Apr-15,1300.94
13-Apr-15,1301.8
15-Apr-15,1288.19
16-Apr-15,1266.16
17-Apr-15,1213.24
20-Apr-15,1190.66
21-Apr-15,1189.8
22-Apr-15,1198.65
23-Apr-15,1204.61
24-Apr-15,1222.16
27-Apr-15,1225.66
28-Apr-15,1223.12
29-Apr-15,1219.34
30-Apr-15,1207.77
4-May-15,1216.52
5-May-15,1234.32
6-May-15,1207.45
7-May-15,1247.75
8-May-15,1238.92
11-May-15,1253.02
12-May-15,1236.79
13-May-15,1233.12
14-May-15,1225.2
15-May-15,1231.03
18-May-15,1235.57
19-May-15,1231.79
20-May-15,1253.53
21-May-15,1252.77
22-May-15,1283.36
25-May-15,1275.08
26-May-15,1278.93
27-May-15,1282.06
28-May-15,1279.25
29-May-15,1279.64
1-Jun-15,1283.29
2-Jun-15,1274.54
3-Jun-15,1279.93
4-Jun-15,1277.36
5-Jun-15,1262.75
8-Jun-15,1263.53
9-Jun-15,1255.79
10-Jun-15,1274.96
11-Jun-15,1260.52
12-Jun-15,1228.41
15-Jun-15,1227.92
16-Jun-15,1231.45
17-Jun-15,1232.33
18-Jun-15,1240.3
19-Jun-15,1249.86
22-Jun-15,1270.42
23-Jun-15,1262.14
24-Jun-15,1260.03
25-Jun-15,1250.08
26-Jun-15,1271.06
29-Jun-15,1271.11
30-Jun-15,1250.54
1-Jul-15,1271.21
2-Jul-15,1263.68
3-Jul-15,1276.5
6-Jul-15,1290.91
7-Jul-15,1282.56
8-Jul-15,1272.19
9-Jul-15,1236.6
10-Jul-15,1212.99
13-Jul-15,1230.25
14-Jul-15,1225.32
15-Jul-15,1247.99
16-Jul-15,1245.27
17-Jul-15,1257.14
20-Jul-15,1264.37
21-Jul-15,1255.67
22-Jul-15,1239.32
23-Jul-15,1219.98
24-Jul-15,1228.09
27-Jul-15,1224.12
28-Jul-15,1226.57
29-Jul-15,1228.88
30-Jul-15,1216.08
31-Jul-15,1230.84
3-Aug-15,1230.27
4-Aug-15,1229.93
5-Aug-15,1248.68
6-Aug-15,1261.5
7-Aug-15,1251.08
10-Aug-15,1260.91
11-Aug-15,1276.65
12-Aug-15,1309.74
13-Aug-15,1292.04
14-Aug-15,1325.18
17-Aug-15,1316.14
18-Aug-15,1343.66
19-Aug-15,1340.08
20-Aug-15,1317.17
21-Aug-15,1311.92
24-Aug-15,1264.12
25-Aug-15,1258.48
26-Aug-15,1263.19
27-Aug-15,1262.16
28-Aug-15,1260.3
31-Aug-15,1256.97
1-Sep-15,1243.9
2-Sep-15,1270.57
3-Sep-15,1277.33
4-Sep-15,1248.83
7-Sep-15,1245.05
8-Sep-15,1245.32
9-Sep-15,1249.96
10-Sep-15,1247.82
11-Sep-15,1251.06
14-Sep-15,1250.89
15-Sep-15,1248.9
16-Sep-15,1250.25
18-Sep-15,1250.69
21-Sep-15,1250.59
22-Sep-15,1238.7
23-Sep-15,1241.57
24-Sep-15,1264.98
28-Sep-15,1271.5
29-Sep-15,1268.83
30-Sep-15,1268.73
1-Oct-15,1296.45
5-Oct-15,1329.32
6-Oct-15,1323.61
7-Oct-15,1301.04
8-Oct-15,1291.16
9-Oct-15,1289.12
12-Oct-15,1270.96
13-Oct-15,1273.88
14-Oct-15,1217.58
15-Oct-15,1209.76
16-Oct-15,1212.7
19-Oct-15,1220.05
20-Oct-15,1238.68
21-Oct-15,1240.27
23-Oct-15,1243.78
26-Oct-15,1243.48
27-Oct-15,1240.81
28-Oct-15,1239.83
29-Oct-15,1223.29
30-Oct-15,1223.21
2-Nov-15,1234.07
3-Nov-15,1246.87
4-Nov-15,1242.14
5-Nov-15,1217.06
6-Nov-15,1228.39
9-Nov-15,1211.52
10-Nov-15,1205.05
11-Nov-15,1210.27
13-Nov-15,1175.27
16-Nov-15,1164.09
17-Nov-15,1171.91
18-Nov-15,1152.74
19-Nov-15,1158.18
20-Nov-15,1175.73
23-Nov-15,1172.16
24-Nov-15,1160.83
26-Nov-15,1149.85
27-Nov-15,1153.67
30-Nov-15,1159.24
1-Dec-15,1157.87
2-Dec-15,1159.48
3-Dec-15,1152.4
4-Dec-15,1141.44
7-Dec-15,1137.23
8-Dec-15,1141.74
9-Dec-15,1160.68
10-Dec-15,1168.97
11-Dec-15,1169.68
14-Dec-15,1165.98
15-Dec-15,1164.7
16-Dec-15,1180.66
17-Dec-15,1196.03
18-Dec-15,1184.78
21-Dec-15,1199.29
22-Dec-15,1179.02
23-Dec-15,1189.19
24-Dec-15,1193.33
28-Dec-15,1207.28
29-Dec-15,1203.9
30-Dec-15,1185.51
31-Dec-15,1194.61
1-Jan-16,1184.58
4-Jan-16,1161.64
5-Jan-16,1151.52
6-Jan-16,1167.52
7-Jan-16,1162.45
8-Jan-16,1175.37
11-Jan-16,1158.09
12-Jan-16,1140.78
13-Jan-16,1117.32
14-Jan-16,1117.13
15-Jan-16,1108.45
18-Jan-16,1116.56
19-Jan-16,1117.37
20-Jan-16,1117.77
21-Jan-16,1105.22
22-Jan-16,1125.44
25-Jan-16,1129.8
27-Jan-16,1137.2
28-Jan-16,1142.82
29-Jan-16,1172.28
1-Feb-16,1177.87
2-Feb-16,1175.61
3-Feb-16,1184.53
4-Feb-16,1186.37
5-Feb-16,1187.3
8-Feb-16,1158.38
9-Feb-16,1118.4
10-Feb-16,1112.23
11-Feb-16,1077.49
12-Feb-16,1091.54
15-Feb-16,1112.4
16-Feb-16,1110.63
17-Feb-16,1115.53
18-Feb-16,1135.29
19-Feb-16,1137.15
22-Feb-16,1135.32
23-Feb-16,1109.87
24-Feb-16,1083.87
25-Feb-16,1084.8
26-Feb-16,1083.65
29-Feb-16,1067.13
1-Mar-16,1116.07
2-Mar-16,1136.76
3-Mar-16,1163.38
4-Mar-16,1155.73
8-Mar-16,1154.14
9-Mar-16,1155.59
10-Mar-16,1151.2
11-Mar-16,1159.51
14-Mar-16,1154.48
15-Mar-16,1142.18
16-Mar-16,1140.78
17-Mar-16,1153.04
18-Mar-16,1189.22
21-Mar-16,1199.22
22-Mar-16,1212.38
23-Mar-16,1212.72
28-Mar-16,1212.53
29-Mar-16,1210.57
30-Mar-16,1220.42
31-Mar-16,1235.52
1-Apr-16,1202.97
4-Apr-16,1211.47
5-Apr-16,1207.31
6-Apr-16,1216.69
7-Apr-16,1211.25
8-Apr-16,1192.26
11-Apr-16,1228.83
12-Apr-16,1234.46
13-Apr-16,1238.41
18-Apr-16,1235.25
20-Apr-16,1201.23
21-Apr-16,1188.51
22-Apr-16,1184.9
25-Apr-16,1201.67
26-Apr-16,1220.57
27-Apr-16,1231.01
28-Apr-16,1239.17
29-Apr-16,1242.97
2-May-16,1238.66
3-May-16,1214.83
4-May-16,1214.78
5-May-16,1211.01
6-May-16,1212.53
9-May-16,1231.72
10-May-16,1236.79
11-May-16,1234.54
12-May-16,1258.02
13-May-16,1237.04
16-May-16,1250.64
17-May-16,1259.98
18-May-16,1250.62
19-May-16,1253.48
20-May-16,1239.93
23-May-16,1221.37
24-May-16,1209.73
25-May-16,1238.53
26-May-16,1249.44
27-May-16,1261.18
30-May-16,1292.43
31-May-16,1259.59
1-Jun-16,1291.04
2-Jun-16,1299.17
3-Jun-16,1289.08
6-Jun-16,1280.72
7-Jun-16,1289.86
8-Jun-16,1281.01
9-Jun-16,1263.44
10-Jun-16,1252.9
13-Jun-16,1248.61
14-Jun-16,1242.65
15-Jun-16,1253.44
16-Jun-16,1254.15
17-Jun-16,1275.86
20-Jun-16,1303.66
21-Jun-16,1299.69
22-Jun-16,1307.75
23-Jun-16,1296.82
24-Jun-16,1261.82
27-Jun-16,1223.53
28-Jun-16,1207.89
29-Jun-16,1226.99
30-Jun-16,1251.6
1-Jul-16,1225.98
4-Jul-16,1222.72
5-Jul-16,1218.36
7-Jul-16,1191.15
8-Jul-16,1189.58
11-Jul-16,1207.99
12-Jul-16,1208.38
13-Jul-16,1222.18
14-Jul-16,1236.3
15-Jul-16,1198.78
18-Jul-16,1192.94
19-Jul-16,1209
20-Jul-16,1223.09
21-Jul-16,1228.53
22-Jul-16,1232.97
25-Jul-16,1254.47
26-Jul-16,1251.35
27-Jul-16,1263.58
28-Jul-16,1284.03
29-Jul-16,1284.05
1-Aug-16,1327.66
2-Aug-16,1323.22
3-Aug-16,1302.19
4-Aug-16,1300.08
5-Aug-16,1298.66
8-Aug-16,1298.86
9-Aug-16,1299.2
10-Aug-16,1311.55
11-Aug-16,1328.46
12-Aug-16,1342.46
16-Aug-16,1319.54
17-Aug-16,1286.62
18-Aug-16,1293.49
19-Aug-16,1276.3
22-Aug-16,1249.44
23-Aug-16,1275.1
24-Aug-16,1260.89
25-Aug-16,1250.59
26-Aug-16,1237.8
29-Aug-16,1225.84
30-Aug-16,1247.21
31-Aug-16,1231.11
1-Sep-16,1229.24
2-Sep-16,1232.82
6-Sep-16,1217.75
7-Sep-16,1196.42
8-Sep-16,1138.35
9-Sep-16,1153.23
12-Sep-16,1156.47
14-Sep-16,1141.47
15-Sep-16,1140.73
16-Sep-16,1157.77
19-Sep-16,1182.16
20-Sep-16,1179.73
21-Sep-16,1183.11
22-Sep-16,1165.76
23-Sep-16,1175.61
26-Sep-16,1177.08
27-Sep-16,1194.24
28-Sep-16,1187.84
29-Sep-16,1195.07
30-Sep-16,1191.64
3-Oct-16,1182.28
4-Oct-16,1179.07
5-Oct-16,1169.85
6-Oct-16,1171.03
7-Oct-16,1160.76
10-Oct-16,1166.89
13-Oct-16,1141.69
14-Oct-16,1159.97
17-Oct-16,1158.14
18-Oct-16,1176.64
19-Oct-16,1174.14
20-Oct-16,1177.11
21-Oct-16,1190.59
24-Oct-16,1190.12
25-Oct-16,1175.78
26-Oct-16,1174.71
27-Oct-16,1185.42
28-Oct-16,1175.91
30-Oct-16,1172.16
1-Nov-16,1152.03
2-Nov-16,1129.51
3-Nov-16,1137.06
4-Nov-16,1142.5
7-Nov-16,1116.27
8-Nov-16,1119.29
9-Nov-16,1063.72
10-Nov-16,1056.66
11-Nov-16,1030.04
15-Nov-16,1039.92
16-Nov-16,1073.4
17-Nov-16,1047.71
18-Nov-16,1041.78
21-Nov-16,1045.6
22-Nov-16,1046.63
23-Nov-16,1057.1
24-Nov-16,1072.84
25-Nov-16,1127.69
28-Nov-16,1118.99
29-Nov-16,1107.84
30-Nov-16,1115.78
1-Dec-16,1109.6
2-Dec-16,1089.21
5-Dec-16,1071.64
6-Dec-16,1069.85
7-Dec-16,1056.22
8-Dec-16,1076.41
9-Dec-16,1076.17
12-Dec-16,1082.52
13-Dec-16,1078.65
14-Dec-16,1082.22
15-Dec-16,1107.57
16-Dec-16,1119.02
19-Dec-16,1122.08
20-Dec-16,1146.79
21-Dec-16,1134.19
22-Dec-16,1131.3
23-Dec-16,1121.69
26-Dec-16,1124.14
27-Dec-16,1138.99
28-Dec-16,1134.09
29-Dec-16,1152.87
30-Dec-16,1159.66
2-Jan-17,1157.6
3-Jan-17,1160.98
4-Jan-17,1166.49
5-Jan-17,1144.38
6-Jan-17,1118.4
9-Jan-17,1129.33
10-Jan-17,1135.05
11-Jan-17,1139.48
12-Jan-17,1149.26
13-Jan-17,1102.67
16-Jan-17,1107.2
17-Jan-17,1117.1
18-Jan-17,1125.12
19-Jan-17,1123.11
20-Jan-17,1120.34
23-Jan-17,1130.81
24-Jan-17,1136.52
25-Jan-17,1153.5
27-Jan-17,1155.86
30-Jan-17,1143.65
31-Jan-17,1093.11
1-Feb-17,1062.76
2-Feb-17,1082.25
3-Feb-17,1094.46
6-Feb-17,1098.48
7-Feb-17,1100.36
8-Feb-17,1113.28
9-Feb-17,1136
10-Feb-17,1175.54
13-Feb-17,1183.53
14-Feb-17,1179.61
15-Feb-17,1183.26
16-Feb-17,1199.95
17-Feb-17,1180.42
20-Feb-17,1226.64
21-Feb-17,1208.58
22-Feb-17,1182.18
23-Feb-17,1216.64
27-Feb-17,1220.59
28-Feb-17,1209.02
1-Mar-17,1215.54
2-Mar-17,1226.28
3-Mar-17,1222.65
6-Mar-17,1212.09
7-Mar-17,1225.47
8-Mar-17,1231.55
9-Mar-17,1235.25
10-Mar-17,1246.28
14-Mar-17,1258.66
15-Mar-17,1224.73
16-Mar-17,1235.81
17-Mar-17,1238.19
20-Mar-17,1215.76
21-Mar-17,1219.05
22-Mar-17,1215.25
23-Mar-17,1206.13
24-Mar-17,1189.88
27-Mar-17,1182.45
28-Mar-17,1191.23
29-Mar-17,1198.41
30-Mar-17,1196.64
31-Mar-17,1192.13
3-Apr-17,1182.28
5-Apr-17,1177.16
6-Apr-17,1176.57
7-Apr-17,1190.78
10-Apr-17,1187.45
11-Apr-17,1186
12-Apr-17,1173.23
13-Apr-17,1141.57
17-Apr-17,1134.8
18-Apr-17,1131.83
19-Apr-17,1127.1
20-Apr-17,1140.02
21-Apr-17,1132.82
24-Apr-17,1141.3
25-Apr-17,1133.16
26-Apr-17,1132.59
27-Apr-17,1128.82
28-Apr-17,1114.36
2-May-17,1122.57
3-May-17,1145.81
4-May-17,1142.28
5-May-17,1137.57
8-May-17,1148.33
9-May-17,1153.28
10-May-17,1143.43
11-May-17,1151.76
12-May-17,1157.25
15-May-17,1159.43
16-May-17,1190.83
17-May-17,1203.68
18-May-17,1243.31
19-May-17,1229.07
22-May-17,1240.93
23-May-17,1236.2
24-May-17,1254.56
25-May-17,1286.65
26-May-17,1263.93
29-May-17,1261.28
30-May-17,1250.62
31-May-17,1248.41
1-Jun-17,1251.84
2-Jun-17,1257.38
5-Jun-17,1276.53
6-Jun-17,1321.65
7-Jun-17,1282.06
8-Jun-17,1236.16
9-Jun-17,1229
12-Jun-17,1219.29
13-Jun-17,1201.81
14-Jun-17,1210.96
15-Jun-17,1182.03
16-Jun-17,1176.4
19-Jun-17,1192.08
20-Jun-17,1198.6
21-Jun-17,1179.63
22-Jun-17,1174.02
23-Jun-17,1157.77
27-Jun-17,1148.53
28-Jun-17,1152.06
29-Jun-17,1143.82
30-Jun-17,1158.09
3-Jul-17,1163.6
4-Jul-17,1160.29
5-Jul-17,1154.97
6-Jul-17,1150.83
7-Jul-17,1143.18
10-Jul-17,1193.68
11-Jul-17,1213.7
12-Jul-17,1195.88
13-Jul-17,1199.29
14-Jul-17,1175.29
17-Jul-17,1174.31
18-Jul-17,1180.64
19-Jul-17,1200.86
20-Jul-17,1198.46
21-Jul-17,1221.25
24-Jul-17,1240.62
25-Jul-17,1260.62
26-Jul-17,1253.02
27-Jul-17,1216.6
28-Jul-17,1217.87
31-Jul-17,1221.55
1-Aug-17,1226.38
2-Aug-17,1212.72
3-Aug-17,1220.39
4-Aug-17,1236.74
7-Aug-17,1227.26
8-Aug-17,1227.06
9-Aug-17,1231.45
10-Aug-17,1231.18
11-Aug-17,1223.63
14-Aug-17,1210.57
16-Aug-17,1221.82
17-Aug-17,1218.53
18-Aug-17,1232.33
21-Aug-17,1239.68
22-Aug-17,1224.37
23-Aug-17,1220.39
24-Aug-17,1223.9
28-Aug-17,1219.34
29-Aug-17,1211.28
30-Aug-17,1217.99
31-Aug-17,1223.78
1-Sep-17,1204.22
4-Sep-17,1204.09
5-Sep-17,1217.89
6-Sep-17,1202.62
7-Sep-17,1206.01
8-Sep-17,1211.15
11-Sep-17,1203.24
12-Sep-17,1219.9
13-Sep-17,1220.27
14-Sep-17,1219.17
15-Sep-17,1228.53
18-Sep-17,1225.1
19-Sep-17,1224.71
20-Sep-17,1222.4
21-Sep-17,1237.77
22-Sep-17,1227.33
25-Sep-17,1230.84
26-Sep-17,1213.14
27-Sep-17,1223.12
28-Sep-17,1214.02
29-Sep-17,1194.17
3-Oct-17,1200.3
4-Oct-17,1197.28
5-Oct-17,1191.05
6-Oct-17,1199.41
9-Oct-17,1203.06
10-Oct-17,1205.59
11-Oct-17,1225.74
12-Oct-17,1249.2
13-Oct-17,1254.29
16-Oct-17,1266.94
17-Oct-17,1271.92
18-Oct-17,1268.02
19-Oct-17,1266.7
23-Oct-17,1268.66
24-Oct-17,1264
25-Oct-17,1254.93
26-Oct-17,1244.61
27-Oct-17,1266.89
30-Oct-17,1282.53
31-Oct-17,1286.35
1-Nov-17,1275.99
2-Nov-17,1287.41
3-Nov-17,1284.44
6-Nov-17,1306.72
7-Nov-17,1328.54
8-Nov-17,1340.77
9-Nov-17,1341.46
10-Nov-17,1327.9
13-Nov-17,1352.51
14-Nov-17,1330.77
15-Nov-17,1326.21
16-Nov-17,1346.48
17-Nov-17,1327.19
20-Nov-17,1325.3
21-Nov-17,1310.35
22-Nov-17,1314.13
23-Nov-17,1314.42
24-Nov-17,1317.75
27-Nov-17,1316.67
28-Nov-17,1316.41
29-Nov-17,1303.1
30-Nov-17,1292.73
1-Dec-17,1289.27
4-Dec-17,1290.45
5-Dec-17,1292.02
6-Dec-17,1290.91
7-Dec-17,1283.05
8-Dec-17,1275.32
11-Dec-17,1304.54
12-Dec-17,1280.55
13-Dec-17,1288.51
14-Dec-17,1253.9
15-Dec-17,1247.92
18-Dec-17,1265.03
19-Dec-17,1262.48
20-Dec-17,1269.17
21-Dec-17,1272.48
22-Dec-17,1297.51
26-Dec-17,1298.83
27-Dec-17,1284.34
28-Dec-17,1287.8
29-Dec-17,1324.2
1-Jan-18,1296.94
2-Jan-18,1289.88
3-Jan-18,1293.54
4-Jan-18,1302.58
5-Jan-18,1318.32
8-Jan-18,1330.67
9-Jan-18,1328.02
10-Jan-18,1375.87
11-Jan-18,1367.98
12-Jan-18,1361.04
15-Jan-18,1346.21
16-Jan-18,1397.56
17-Jan-18,1416.24
18-Jan-18,1430.58
19-Jan-18,1450.73
22-Jan-18,1527.74
23-Jan-18,1520.68
24-Jan-18,1556.27
25-Jan-18,1530.02
29-Jan-18,1568.16
30-Jan-18,1545.61
31-Jan-18,1525.76
1-Feb-18,1538.62
2-Feb-18,1546
5-Feb-18,1521.27
6-Feb-18,1469.33
7-Feb-18,1448.64
8-Feb-18,1458.03
9-Feb-18,1456.81
12-Feb-18,1454.65
14-Feb-18,1427.44
15-Feb-18,1434.33
16-Feb-18,1437.86
19-Feb-18,1433.23
20-Feb-18,1443.59
21-Feb-18,1491.42
22-Feb-18,1495.29
23-Feb-18,1507.84
26-Feb-18,1486.22
27-Feb-18,1491.44
28-Feb-18,1487.86
1-Mar-18,1489.16
5-Mar-18,1522.57
6-Mar-18,1491.66
7-Mar-18,1484.14
8-Mar-18,1472.62
9-Mar-18,1487.4
12-Mar-18,1496.24
13-Mar-18,1415.19
14-Mar-18,1415.23
15-Mar-18,1406.8
16-Mar-18,1385.23
19-Mar-18,1387.83
20-Mar-18,1404.43
21-Mar-18,1400.45
22-Mar-18,1388
23-Mar-18,1381.53
26-Mar-18,1380.97
27-Mar-18,1396.02
28-Mar-18,1396.73
2-Apr-18,1426.39
3-Apr-18,1427.17
4-Apr-18,1427
5-Apr-18,1450.07
6-Apr-18,1446.32
9-Apr-18,1433.37
10-Apr-18,1440.09
11-Apr-18,1477.62
12-Apr-18,1538.94
13-Apr-18,1545.83
16-Apr-18,1562.67
17-Apr-18,1552.35
18-Apr-18,1548.67
19-Apr-18,1564.39
20-Apr-18,1667.97
23-Apr-18,1671.01
24-Apr-18,1659.74
25-Apr-18,1701.21
26-Apr-18,1735.03
27-Apr-18,1692.24
30-Apr-18,1731.53
2-May-18,1715.67
3-May-18,1706.9
4-May-18,1706.36
7-May-18,1677.04
8-May-18,1686.97
9-May-18,1710.55
10-May-18,1691.89
11-May-18,1694.69
14-May-18,1683.22
15-May-18,1707.16
16-May-18,1712.8
17-May-18,1711.77
18-May-18,1716.8
21-May-18,1743.61
22-May-18,1720.16
23-May-18,1713.39
24-May-18,1766.63
25-May-18,1757.85
28-May-18,1716.8
29-May-18,1727.31
30-May-18,1722.7
31-May-18,1707.02
1-Jun-18,1698.59
4-Jun-18,1710.16
5-Jun-18,1687.95
6-Jun-18,1692.02
7-Jun-18,1701.63
8-Jun-18,1712.95
11-Jun-18,1715.5
12-Jun-18,1746.19
13-Jun-18,1788.44
14-Jun-18,1752.61
15-Jun-18,1804.08
18-Jun-18,1793.25
19-Jun-18,1788.84
20-Jun-18,1786.83
21-Jun-18,1783.79
22-Jun-18,1774.42
25-Jun-18,1783.69
26-Jun-18,1815.8
27-Jun-18,1821.68
28-Jun-18,1806.68
29-Jun-18,1811.63
2-Jul-18,1815.16
3-Jul-18,1837.42
4-Jul-18,1829.67
5-Jul-18,1843.55
6-Jul-18,1875.56
9-Jul-18,1846.19
10-Jul-18,1838.45
11-Jul-18,1941.2
12-Jul-18,1932.82
13-Jul-18,1942.38
16-Jul-18,1950.32
17-Jul-18,1963.01
18-Jul-18,1961.15
19-Jul-18,1942.67
20-Jul-18,1957.57
23-Jul-18,1966.45
24-Jul-18,1959.93
25-Jul-18,1942.77
26-Jul-18,1926.3
27-Jul-18,1905.76
30-Jul-18,1906.59
31-Jul-18,1902.27
1-Aug-18,1937.87
2-Aug-18,1910.31
3-Aug-18,1940.76
6-Aug-18,1936.93
7-Aug-18,1928.89
8-Aug-18,1935.41
9-Aug-18,1935.76
10-Aug-18,1954.14
13-Aug-18,1961.05
14-Aug-18,1964.39
16-Aug-18,1969.24
17-Aug-18,1973.41
20-Aug-18,1970.66
21-Aug-18,1978.21
23-Aug-18,1995.32
24-Aug-18,2003.07
27-Aug-18,2010.81
28-Aug-18,2028.75
29-Aug-18,2031.5
30-Aug-18,2041.7
31-Aug-18,2037.77
3-Sep-18,2012.77
4-Sep-18,2057.87
5-Sep-18,2038.61
6-Sep-18,2034.73
7-Sep-18,2039.2
10-Sep-18,2040.08
11-Sep-18,2006.25
12-Sep-18,2004
14-Sep-18,2025.03
17-Sep-18,2033.61
18-Sep-18,2030.27
19-Sep-18,2037.28
21-Sep-18,2062.04
24-Sep-18,2155.48
25-Sep-18,2140.52
26-Sep-18,2100.28
27-Sep-18,2146.06
28-Sep-18,2141.02
1-Oct-18,2211.46
3-Oct-18,2120.57
4-Oct-18,2024.44
5-Oct-18,2061.55
8-Oct-18,2036.94
9-Oct-18,2050.91
10-Oct-18,2003.65
11-Oct-18,1941.25
12-Oct-18,1880.8
15-Oct-18,1911.39
16-Oct-18,1923.94
17-Oct-18,1891.69
19-Oct-18,1875.8
22-Oct-18,1865.8
23-Oct-18,1807.61
24-Oct-18,1812.37
25-Oct-18,1816.78
26-Oct-18,1763.93
29-Oct-18,1834.43
30-Oct-18,1857.76
31-Oct-18,1900.26
1-Nov-18,1897.91
2-Nov-18,1876.05
5-Nov-18,1853.89
6-Nov-18,1894.92
7-Nov-18,1904.19
9-Nov-18,1871.88
12-Nov-18,1877.42
13-Nov-18,1897.13
14-Nov-18,1843.89
15-Nov-18,1836.24
16-Nov-18,1849.72
19-Nov-18,1865.26
20-Nov-18,1841.54
21-Nov-18,1776.58
22-Nov-18,1777.12
26-Nov-18,1810.01
27-Nov-18,1853.3
28-Nov-18,1945.12
29-Nov-18,1922.23
30-Nov-18,1929.78
3-Dec-18,1943.65
4-Dec-18,1971.54
5-Dec-18,1967.52
6-Dec-18,1953.75
7-Dec-18,1956.2
10-Dec-18,1937.18
11-Dec-18,1960.91
12-Dec-18,1977.38
13-Dec-18,1943.85
14-Dec-18,1950.86
17-Dec-18,1955.32
18-Dec-18,1948.99
19-Dec-18,1929.97
20-Dec-18,1915.85
21-Dec-18,1858.74
24-Dec-18,1881
26-Dec-18,1852.27
27-Dec-18,1871.64
28-Dec-18,1858.99
31-Dec-18,1856.05
1-Jan-19,1865.61
2-Jan-19,1885.71
3-Jan-19,1862.81
4-Jan-19,1840.16
7-Jan-19,1860.8
8-Jan-19,1856.54
9-Jan-19,1850.07
10-Jan-19,1851.63
11-Jan-19,1806.53
14-Jan-19,1777.81
15-Jan-19,1831.29
16-Jan-19,1833.59
17-Jan-19,1857.27
18-Jan-19,1863.5
21-Jan-19,1871.39
22-Jan-19,1864.72
23-Jan-19,1838.94
24-Jan-19,1864.38
25-Jan-19,1883.25
28-Jan-19,1916.79
29-Jan-19,1943.99
30-Jan-19,1942.67
31-Jan-19,1974.73
1-Feb-19,1990.27
4-Feb-19,2010.17
5-Feb-19,2004.59
6-Feb-19,2034.24
7-Feb-19,2042.19
8-Feb-19,2021.11
11-Feb-19,2025.52
12-Feb-19,2011.5
13-Feb-19,2025.03
14-Feb-19,2004.63
15-Feb-19,1990.03
18-Feb-19,1931.79
19-Feb-19,1867.57
20-Feb-19,1877.32
21-Feb-19,1876.78
22-Feb-19,1888.01
25-Feb-19,1946.35
26-Feb-19,1998.85
27-Feb-19,2017.87
28-Feb-19,1944.68
1-Mar-19,1956.4
5-Mar-19,1949.24
6-Mar-19,1960.51
7-Mar-19,1973.95
8-Mar-19,1983.16
11-Mar-19,1975.42
12-Mar-19,1973.11
13-Mar-19,1961.4
14-Mar-19,1948.55
15-Mar-19,2000.08
18-Mar-19,1983.26
19-Mar-19,1983.26
20-Mar-19,1975.66
22-Mar-19,1966.45
25-Mar-19,1945.46
26-Mar-19,1943.9
27-Mar-19,1929.43
28-Mar-19,1961.2
29-Mar-19,1962.52
1-Apr-19,1991.94
2-Apr-19,2038.66
3-Apr-19,2038.66
4-Apr-19,1975.12
5-Apr-19,2008.26
8-Apr-19,2030.27
9-Apr-19,2050.62
10-Apr-19,2000.37
11-Apr-19,1980.02
12-Apr-19,1975.12
15-Apr-19,2071.99
16-Apr-19,2090.13
18-Apr-19,2108.02
22-Apr-19,2119.2
23-Apr-19,2112.93
24-Apr-19,2140.77
25-Apr-19,2152.09
26-Apr-19,2194.79
30-Apr-19,2216.17
2-May-19,2172.1
3-May-19,2090.33
6-May-19,2115.67
7-May-19,2109.89
8-May-19,2110.77
9-May-19,2130.08
10-May-19,2094.05
13-May-19,2087.14
14-May-19,2051.45
15-May-19,2054.44
16-May-19,2067.53
17-May-19,2054.49
20-May-19,2102.04
21-May-19,2068.51
22-May-19,2041.06
23-May-19,2013.9
24-May-19,2007.97
27-May-19,2014.98
28-May-19,2033.21
29-May-19,2066.35
30-May-19,2104.35
31-May-19,2153.61
3-Jun-19,2198.47
4-Jun-19,2140.43
6-Jun-19,2123.76
7-Jun-19,2139.1
10-Jun-19,2187.88
11-Jun-19,2208.76
12-Jun-19,2216.71
13-Jun-19,2210.04
14-Jun-19,2210.43
17-Jun-19,2205.23
18-Jun-19,2206.85
19-Jun-19,2215.73
20-Jun-19,2233.42
21-Jun-19,2205.87
24-Jun-19,2231.02
25-Jun-19,2223.47
26-Jun-19,2210.14
27-Jun-19,2208.52
28-Jun-19,2183.66
1-Jul-19,2195.77
2-Jul-19,2208.08
3-Jul-19,2193.91
4-Jul-19,2198.81
5-Jul-19,2120.82
8-Jul-19,2132.88
9-Jul-19,2091.65
10-Jul-19,2066.99
11-Jul-19,2061.45
12-Jul-19,2066.4
15-Jul-19,2103.76
16-Jul-19,2064.83
17-Jul-19,2075.86
18-Jul-19,2025.57
19-Jul-19,2036.35
22-Jul-19,2068.66
23-Jul-19,2071.16
24-Jul-19,2055.81
25-Jul-19,2086.31
26-Jul-19,2067.82
29-Jul-19,2088.36
30-Jul-19,2136.55
31-Jul-19,2162.59
1-Aug-19,2137.44
2-Aug-19,2162.19
5-Aug-19,2204.65
6-Aug-19,2171.61
7-Aug-19,2170.18
8-Aug-19,2213.96
9-Aug-19,2202.34
13-Aug-19,2156.46
14-Aug-19,2161.31
16-Aug-19,2122.78
19-Aug-19,2120.72
20-Aug-19,2144.01
21-Aug-19,2143.47
22-Aug-19,2172.68
23-Aug-19,2203.76
26-Aug-19,2231.81
27-Aug-19,2192.78
28-Aug-19,2195.48
29-Aug-19,2189.79
30-Aug-19,2215.43
3-Sep-19,2207.59
4-Sep-19,2201.51
5-Sep-19,2172
6-Sep-19,2154.55
9-Sep-19,2140.18
11-Sep-19,2111.9
12-Sep-19,2091.89
13-Sep-19,2100.08
16-Sep-19,2107.97
17-Sep-19,2081.16
18-Sep-19,2096.75
19-Sep-19,2060.86
20-Sep-19,2025.08
23-Sep-19,1976.4
24-Sep-19,2004.73
25-Sep-19,2047.63
26-Sep-19,2046.79
27-Sep-19,2015.96
30-Sep-19,2058.26
1-Oct-19,2019.68
3-Oct-19,2019.98
4-Oct-19,2038.7
7-Oct-19,2007.67
9-Oct-19,1980.61
10-Oct-19,1965.27
11-Oct-19,1948.01
14-Oct-19,1981.5
15-Oct-19,1997.48
16-Oct-19,2006.4
17-Oct-19,2030.95
18-Oct-19,2057.35
22-Oct-19,2051.4
23-Oct-19,2070.1
24-Oct-19,2082
25-Oct-19,2124.95
27-Oct-19,2115.7
29-Oct-19,2194.85
30-Oct-19,2252.8
31-Oct-19,2269.65
1-Nov-19,2200.9
4-Nov-19,2193.95
5-Nov-19,2201.85
6-Nov-19,2188.5
7-Nov-19,2185.35
8-Nov-19,2129.95
11-Nov-19,2100.95
13-Nov-19,2178.6
14-Nov-19,2196.8
